scenario,scenario_label,domain,language,language_label,expected_language,role,after_tool_result,drift_cause,turn_count,counted_turn_count,task_count,raw_non_target_share,non_target_share,english_share,target_share,detected_lang_proportion,detected_lang_proportion_json
2-multilingual-tools,L2 Tools,airline,chinese,ZH,en,agent,False,target_or_expected_language,749,749,50,0.0,0.0,1.0,1.0,en_1.000,"{""en"":1.0}"
2-multilingual-tools,L2 Tools,airline,chinese,ZH,en,agent,True,target_or_expected_language,774,774,50,0.0,0.0,1.0,1.0,en_1.000,"{""en"":1.0}"
2-multilingual-tools,L2 Tools,airline,chinese,ZH,en,user,False,early_turn,3,3,1,1.0,1.0,0.0,0.0,it_1.000,"{""it"":1.0}"
2-multilingual-tools,L2 Tools,airline,chinese,ZH,en,user,False,other_or_detector_noise,1,1,1,1.0,1.0,0.0,0.0,fr_1.000,"{""fr"":1.0}"
2-multilingual-tools,L2 Tools,airline,chinese,ZH,en,user,False,target_or_expected_language,1210,1210,50,0.0,0.0,1.0,1.0,en_1.000,"{""en"":1.0}"
2-multilingual-tools,L2 Tools,airline,filipino,TL,en,agent,False,target_or_expected_language,735,735,50,0.0,0.0,1.0,1.0,en_1.000,"{""en"":1.0}"
2-multilingual-tools,L2 Tools,airline,filipino,TL,en,agent,True,target_or_expected_language,773,773,50,0.0,0.0,1.0,1.0,en_1.000,"{""en"":1.0}"
2-multilingual-tools,L2 Tools,airline,filipino,TL,en,user,False,early_turn,3,3,1,1.0,1.0,0.0,0.0,it_1.000,"{""it"":1.0}"
2-multilingual-tools,L2 Tools,airline,filipino,TL,en,user,False,other_or_detector_noise,1,1,1,1.0,1.0,0.0,0.0,fr_1.000,"{""fr"":1.0}"
2-multilingual-tools,L2 Tools,airline,filipino,TL,en,user,False,target_or_expected_language,1205,1205,50,0.0,0.0,1.0,1.0,en_1.000,"{""en"":1.0}"
2-multilingual-tools,L2 Tools,airline,indonesian,ID,en,agent,False,target_or_expected_language,700,700,50,0.0,0.0,1.0,1.0,en_1.000,"{""en"":1.0}"
2-multilingual-tools,L2 Tools,airline,indonesian,ID,en,agent,True,target_or_expected_language,781,781,50,0.0,0.0,1.0,1.0,en_1.000,"{""en"":1.0}"
2-multilingual-tools,L2 Tools,airline,indonesian,ID,en,user,False,early_turn,2,2,2,1.0,1.0,0.0,0.0,it_1.000,"{""it"":1.0}"
2-multilingual-tools,L2 Tools,airline,indonesian,ID,en,user,False,target_or_expected_language,1186,1186,50,0.0,0.0,1.0,1.0,en_1.000,"{""en"":1.0}"
2-multilingual-tools,L2 Tools,airline,thai,TH,en,agent,False,target_or_expected_language,730,730,50,0.0,0.0,1.0,1.0,en_1.000,"{""en"":1.0}"
2-multilingual-tools,L2 Tools,airline,thai,TH,en,agent,True,target_or_expected_language,810,810,50,0.0,0.0,1.0,1.0,en_1.000,"{""en"":1.0}"
2-multilingual-tools,L2 Tools,airline,thai,TH,en,user,False,continued_user_drift,1,1,1,1.0,1.0,0.0,0.0,fr_1.000,"{""fr"":1.0}"
2-multilingual-tools,L2 Tools,airline,thai,TH,en,user,False,early_turn,2,2,1,1.0,1.0,0.0,0.0,it_1.000,"{""it"":1.0}"
2-multilingual-tools,L2 Tools,airline,thai,TH,en,user,False,other_or_detector_noise,7,7,6,1.0,1.0,0.0,0.0,fr_0.429|ru_0.286|fi_0.143|pt_0.143,"{""fi"":0.142857,""fr"":0.428571,""pt"":0.142857,""ru"":0.285714}"
2-multilingual-tools,L2 Tools,airline,thai,TH,en,user,False,target_or_expected_language,1205,1205,50,0.0,0.0,1.0,1.0,en_1.000,"{""en"":1.0}"
2-multilingual-tools,L2 Tools,airline,tool_mix_2,Mix 2,en,agent,False,target_or_expected_language,717,717,50,0.0,0.0,1.0,1.0,en_1.000,"{""en"":1.0}"
2-multilingual-tools,L2 Tools,airline,tool_mix_2,Mix 2,en,agent,True,structured_tool_echo,1,1,1,1.0,1.0,0.0,0.0,el_1.000,"{""el"":1.0}"
2-multilingual-tools,L2 Tools,airline,tool_mix_2,Mix 2,en,agent,True,target_or_expected_language,726,726,50,0.0,0.0,1.0,1.0,en_1.000,"{""en"":1.0}"
2-multilingual-tools,L2 Tools,airline,tool_mix_2,Mix 2,en,user,False,early_turn,3,3,1,1.0,1.0,0.0,0.0,it_1.000,"{""it"":1.0}"
2-multilingual-tools,L2 Tools,airline,tool_mix_2,Mix 2,en,user,False,other_or_detector_noise,1,1,1,1.0,1.0,0.0,0.0,ja_1.000,"{""ja"":1.0}"
2-multilingual-tools,L2 Tools,airline,tool_mix_2,Mix 2,en,user,False,target_or_expected_language,1152,1152,50,0.0,0.0,1.0,1.0,en_1.000,"{""en"":1.0}"
2-multilingual-tools,L2 Tools,airline,tool_mix_3,Mix 3,en,agent,False,target_or_expected_language,763,763,50,0.0,0.0,1.0,1.0,en_1.000,"{""en"":1.0}"
2-multilingual-tools,L2 Tools,airline,tool_mix_3,Mix 3,en,agent,True,target_or_expected_language,774,774,50,0.0,0.0,1.0,1.0,en_1.000,"{""en"":1.0}"
2-multilingual-tools,L2 Tools,airline,tool_mix_3,Mix 3,en,user,False,early_turn,3,3,1,1.0,1.0,0.0,0.0,it_1.000,"{""it"":1.0}"
2-multilingual-tools,L2 Tools,airline,tool_mix_3,Mix 3,en,user,False,other_or_detector_noise,2,2,2,1.0,1.0,0.0,0.0,ar_0.500|zh_0.500,"{""ar"":0.5,""zh"":0.5}"
2-multilingual-tools,L2 Tools,airline,tool_mix_3,Mix 3,en,user,False,target_or_expected_language,1221,1221,50,0.0,0.0,1.0,1.0,en_1.000,"{""en"":1.0}"
2-multilingual-tools,L2 Tools,airline,tool_mix_4,Mix 4,en,agent,False,target_or_expected_language,736,736,50,0.0,0.0,1.0,1.0,en_1.000,"{""en"":1.0}"
2-multilingual-tools,L2 Tools,airline,tool_mix_4,Mix 4,en,agent,True,target_or_expected_language,773,773,50,0.0,0.0,1.0,1.0,en_1.000,"{""en"":1.0}"
2-multilingual-tools,L2 Tools,airline,tool_mix_4,Mix 4,en,user,False,early_turn,2,2,2,1.0,1.0,0.0,0.0,ca_0.500|it_0.500,"{""ca"":0.5,""it"":0.5}"
2-multilingual-tools,L2 Tools,airline,tool_mix_4,Mix 4,en,user,False,other_or_detector_noise,1,1,1,1.0,1.0,0.0,0.0,ja_1.000,"{""ja"":1.0}"
2-multilingual-tools,L2 Tools,airline,tool_mix_4,Mix 4,en,user,False,target_or_expected_language,1217,1217,50,0.0,0.0,1.0,1.0,en_1.000,"{""en"":1.0}"
2-multilingual-tools,L2 Tools,airline,tool_mix_5,Mix 5,en,agent,False,target_or_expected_language,740,740,50,0.0,0.0,1.0,1.0,en_1.000,"{""en"":1.0}"
2-multilingual-tools,L2 Tools,airline,tool_mix_5,Mix 5,en,agent,True,target_or_expected_language,747,747,50,0.0,0.0,1.0,1.0,en_1.000,"{""en"":1.0}"
2-multilingual-tools,L2 Tools,airline,tool_mix_5,Mix 5,en,user,False,continued_user_drift,1,1,1,1.0,1.0,0.0,0.0,uk_1.000,"{""uk"":1.0}"
2-multilingual-tools,L2 Tools,airline,tool_mix_5,Mix 5,en,user,False,early_turn,3,3,1,1.0,1.0,0.0,0.0,it_1.000,"{""it"":1.0}"
2-multilingual-tools,L2 Tools,airline,tool_mix_5,Mix 5,en,user,False,other_or_detector_noise,2,2,2,1.0,1.0,0.0,0.0,it_0.500|uk_0.500,"{""it"":0.5,""uk"":0.5}"
2-multilingual-tools,L2 Tools,airline,tool_mix_5,Mix 5,en,user,False,target_or_expected_language,1202,1202,50,0.0,0.0,1.0,1.0,en_1.000,"{""en"":1.0}"
2-multilingual-tools,L2 Tools,airline,vietnamese,VI,en,agent,False,target_or_expected_language,728,728,50,0.0,0.0,1.0,1.0,en_1.000,"{""en"":1.0}"
2-multilingual-tools,L2 Tools,airline,vietnamese,VI,en,agent,True,target_or_expected_language,759,759,50,0.0,0.0,1.0,1.0,en_1.000,"{""en"":1.0}"
2-multilingual-tools,L2 Tools,airline,vietnamese,VI,en,user,False,early_turn,2,2,1,1.0,1.0,0.0,0.0,it_1.000,"{""it"":1.0}"
2-multilingual-tools,L2 Tools,airline,vietnamese,VI,en,user,False,other_or_detector_noise,5,5,5,1.0,1.0,0.0,0.0,fa_0.200|gu_0.200|it_0.200|kn_0.200|pt_0.200,"{""fa"":0.2,""gu"":0.2,""it"":0.2,""kn"":0.2,""pt"":0.2}"
2-multilingual-tools,L2 Tools,airline,vietnamese,VI,en,user,False,target_or_expected_language,1207,1207,50,0.0,0.0,1.0,1.0,en_1.000,"{""en"":1.0}"
2-multilingual-tools,L2 Tools,retail,chinese,ZH,en,agent,False,target_or_expected_language,1731,1731,114,0.0,0.0,1.0,1.0,en_1.000,"{""en"":1.0}"
2-multilingual-tools,L2 Tools,retail,chinese,ZH,en,agent,True,target_or_expected_language,1880,1880,114,0.0,0.0,1.0,1.0,en_1.000,"{""en"":1.0}"
2-multilingual-tools,L2 Tools,retail,chinese,ZH,en,user,False,early_turn,12,12,4,1.0,1.0,0.0,0.0,de_0.583|uk_0.250|ja_0.083|sv_0.083,"{""de"":0.583333,""ja"":0.083333,""sv"":0.083333,""uk"":0.25}"
2-multilingual-tools,L2 Tools,retail,chinese,ZH,en,user,False,other_or_detector_noise,14,14,6,1.0,1.0,0.0,0.0,fr_0.643|id_0.143|de_0.071|nl_0.071|ru_0.071,"{""de"":0.071429,""fr"":0.642857,""id"":0.142857,""nl"":0.071429,""ru"":0.071429}"
2-multilingual-tools,L2 Tools,retail,chinese,ZH,en,user,False,target_or_expected_language,3087,3087,114,0.0,0.0,1.0,1.0,en_1.000,"{""en"":1.0}"
2-multilingual-tools,L2 Tools,retail,filipino,TL,en,agent,False,target_or_expected_language,1756,1756,114,0.0,0.0,1.0,1.0,en_1.000,"{""en"":1.0}"
2-multilingual-tools,L2 Tools,retail,filipino,TL,en,agent,True,target_or_expected_language,1898,1898,114,0.0,0.0,1.0,1.0,en_1.000,"{""en"":1.0}"
2-multilingual-tools,L2 Tools,retail,filipino,TL,en,user,False,early_turn,13,13,6,1.0,1.0,0.0,0.0,de_0.615|sv_0.154|it_0.077|ru_0.077|uk_0.077,"{""de"":0.615385,""it"":0.076923,""ru"":0.076923,""sv"":0.153846,""uk"":0.076923}"
2-multilingual-tools,L2 Tools,retail,filipino,TL,en,user,False,other_or_detector_noise,14,14,6,1.0,1.0,0.0,0.0,fr_0.643|de_0.143|id_0.143|it_0.071,"{""de"":0.142857,""fr"":0.642857,""id"":0.142857,""it"":0.071429}"
2-multilingual-tools,L2 Tools,retail,filipino,TL,en,user,False,target_or_expected_language,3110,3110,114,0.0,0.0,1.0,1.0,en_1.000,"{""en"":1.0}"
2-multilingual-tools,L2 Tools,retail,indonesian,ID,en,agent,False,target_or_expected_language,1726,1726,114,0.0,0.0,1.0,1.0,en_1.000,"{""en"":1.0}"
2-multilingual-tools,L2 Tools,retail,indonesian,ID,en,agent,True,target_or_expected_language,1920,1920,114,0.0,0.0,1.0,1.0,en_1.000,"{""en"":1.0}"
2-multilingual-tools,L2 Tools,retail,indonesian,ID,en,user,False,early_turn,7,7,3,1.0,1.0,0.0,0.0,de_0.857|sv_0.143,"{""de"":0.857143,""sv"":0.142857}"
2-multilingual-tools,L2 Tools,retail,indonesian,ID,en,user,False,other_or_detector_noise,19,19,10,1.0,1.0,0.0,0.0,fr_0.632|id_0.158|hi_0.053|ro_0.053|ru_0.053|ta_0.053,"{""fr"":0.631579,""hi"":0.052632,""id"":0.157895,""ro"":0.052632,""ru"":0.052632,""ta"":0.052632}"
2-multilingual-tools,L2 Tools,retail,indonesian,ID,en,user,False,target_or_expected_language,3075,3075,114,0.0,0.0,1.0,1.0,en_1.000,"{""en"":1.0}"
2-multilingual-tools,L2 Tools,retail,thai,TH,en,agent,False,target_or_expected_language,1682,1682,114,0.0,0.0,1.0,1.0,en_1.000,"{""en"":1.0}"
2-multilingual-tools,L2 Tools,retail,thai,TH,en,agent,True,target_or_expected_language,1963,1963,114,0.0,0.0,1.0,1.0,en_1.000,"{""en"":1.0}"
2-multilingual-tools,L2 Tools,retail,thai,TH,en,user,False,early_turn,10,10,5,1.0,1.0,0.0,0.0,de_0.500|es_0.200|pl_0.100|ru_0.100|uk_0.100,"{""de"":0.5,""es"":0.2,""pl"":0.1,""ru"":0.1,""uk"":0.1}"
2-multilingual-tools,L2 Tools,retail,thai,TH,en,user,False,other_or_detector_noise,18,18,8,1.0,1.0,0.0,0.0,fr_0.667|id_0.111|bg_0.056|it_0.056|la_0.056|ru_0.056,"{""bg"":0.055556,""fr"":0.666667,""id"":0.111111,""it"":0.055556,""la"":0.055556,""ru"":0.055556}"
2-multilingual-tools,L2 Tools,retail,thai,TH,en,user,False,target_or_expected_language,3091,3091,114,0.0,0.0,1.0,1.0,en_1.000,"{""en"":1.0}"
2-multilingual-tools,L2 Tools,retail,tool_mix_2,Mix 2,en,agent,False,target_or_expected_language,1730,1730,114,0.0,0.0,1.0,1.0,en_1.000,"{""en"":1.0}"
2-multilingual-tools,L2 Tools,retail,tool_mix_2,Mix 2,en,agent,True,target_or_expected_language,1900,1900,114,0.0,0.0,1.0,1.0,en_1.000,"{""en"":1.0}"
2-multilingual-tools,L2 Tools,retail,tool_mix_2,Mix 2,en,user,False,continued_user_drift,1,1,1,1.0,1.0,0.0,0.0,ja_1.000,"{""ja"":1.0}"
2-multilingual-tools,L2 Tools,retail,tool_mix_2,Mix 2,en,user,False,early_turn,10,10,6,1.0,1.0,0.0,0.0,de_0.600|es_0.100|id_0.100|sv_0.100|uk_0.100,"{""de"":0.6,""es"":0.1,""id"":0.1,""sv"":0.1,""uk"":0.1}"
2-multilingual-tools,L2 Tools,retail,tool_mix_2,Mix 2,en,user,False,other_or_detector_noise,18,18,7,1.0,1.0,0.0,0.0,fr_0.500|id_0.167|ru_0.111|it_0.056|nl_0.056|te_0.056|tr_0.056,"{""fr"":0.5,""id"":0.166667,""it"":0.055556,""nl"":0.055556,""ru"":0.111111,""te"":0.055556,""tr"":0.055556}"
2-multilingual-tools,L2 Tools,retail,tool_mix_2,Mix 2,en,user,False,target_or_expected_language,3089,3089,114,0.0,0.0,1.0,1.0,en_1.000,"{""en"":1.0}"
2-multilingual-tools,L2 Tools,retail,tool_mix_3,Mix 3,en,agent,False,target_or_expected_language,1762,1762,114,0.0,0.0,1.0,1.0,en_1.000,"{""en"":1.0}"
2-multilingual-tools,L2 Tools,retail,tool_mix_3,Mix 3,en,agent,True,target_or_expected_language,1956,1956,114,0.0,0.0,1.0,1.0,en_1.000,"{""en"":1.0}"
2-multilingual-tools,L2 Tools,retail,tool_mix_3,Mix 3,en,user,False,continued_user_drift,1,1,1,1.0,1.0,0.0,0.0,uk_1.000,"{""uk"":1.0}"
2-multilingual-tools,L2 Tools,retail,tool_mix_3,Mix 3,en,user,False,early_turn,11,11,4,1.0,1.0,0.0,0.0,de_0.455|ja_0.182|uk_0.182|pl_0.091|ru_0.091,"{""de"":0.454545,""ja"":0.181818,""pl"":0.090909,""ru"":0.090909,""uk"":0.181818}"
2-multilingual-tools,L2 Tools,retail,tool_mix_3,Mix 3,en,user,False,other_or_detector_noise,16,16,8,1.0,1.0,0.0,0.0,fr_0.562|de_0.125|id_0.125|ru_0.125|uk_0.062,"{""de"":0.125,""fr"":0.5625,""id"":0.125,""ru"":0.125,""uk"":0.0625}"
2-multilingual-tools,L2 Tools,retail,tool_mix_3,Mix 3,en,user,False,target_or_expected_language,3183,3183,114,0.0,0.0,1.0,1.0,en_1.000,"{""en"":1.0}"
2-multilingual-tools,L2 Tools,retail,tool_mix_4,Mix 4,en,agent,False,target_or_expected_language,1770,1770,114,0.0,0.0,1.0,1.0,en_1.000,"{""en"":1.0}"
2-multilingual-tools,L2 Tools,retail,tool_mix_4,Mix 4,en,agent,True,target_or_expected_language,2017,2017,114,0.0,0.0,1.0,1.0,en_1.000,"{""en"":1.0}"
2-multilingual-tools,L2 Tools,retail,tool_mix_4,Mix 4,en,user,False,continued_user_drift,1,1,1,1.0,1.0,0.0,0.0,ru_1.000,"{""ru"":1.0}"
2-multilingual-tools,L2 Tools,retail,tool_mix_4,Mix 4,en,user,False,early_turn,13,13,6,1.0,1.0,0.0,0.0,de_0.462|ru_0.231|uk_0.154|pl_0.077|sv_0.077,"{""de"":0.461538,""pl"":0.076923,""ru"":0.230769,""sv"":0.076923,""uk"":0.153846}"
2-multilingual-tools,L2 Tools,retail,tool_mix_4,Mix 4,en,user,False,other_or_detector_noise,14,14,7,1.0,1.0,0.0,0.0,fr_0.714|fa_0.071|id_0.071|it_0.071|uk_0.071,"{""fa"":0.071429,""fr"":0.714286,""id"":0.071429,""it"":0.071429,""uk"":0.071429}"
2-multilingual-tools,L2 Tools,retail,tool_mix_4,Mix 4,en,user,False,target_or_expected_language,3227,3227,114,0.0,0.0,1.0,1.0,en_1.000,"{""en"":1.0}"
2-multilingual-tools,L2 Tools,retail,tool_mix_5,Mix 5,en,agent,False,target_or_expected_language,1794,1794,114,0.0,0.0,1.0,1.0,en_1.000,"{""en"":1.0}"
2-multilingual-tools,L2 Tools,retail,tool_mix_5,Mix 5,en,agent,True,target_or_expected_language,1942,1942,114,0.0,0.0,1.0,1.0,en_1.000,"{""en"":1.0}"
2-multilingual-tools,L2 Tools,retail,tool_mix_5,Mix 5,en,user,False,early_turn,10,10,6,1.0,1.0,0.0,0.0,de_0.600|es_0.100|id_0.100|ja_0.100|ru_0.100,"{""de"":0.6,""es"":0.1,""id"":0.1,""ja"":0.1,""ru"":0.1}"
2-multilingual-tools,L2 Tools,retail,tool_mix_5,Mix 5,en,user,False,other_or_detector_noise,19,19,8,1.0,1.0,0.0,0.0,fr_0.632|id_0.158|ca_0.053|de_0.053|it_0.053|ru_0.053,"{""ca"":0.052632,""de"":0.052632,""fr"":0.631579,""id"":0.157895,""it"":0.052632,""ru"":0.052632}"
2-multilingual-tools,L2 Tools,retail,tool_mix_5,Mix 5,en,user,False,target_or_expected_language,3218,3218,114,0.0,0.0,1.0,1.0,en_1.000,"{""en"":1.0}"
2-multilingual-tools,L2 Tools,retail,vietnamese,VI,en,agent,False,target_or_expected_language,1733,1733,114,0.0,0.0,1.0,1.0,en_1.000,"{""en"":1.0}"
2-multilingual-tools,L2 Tools,retail,vietnamese,VI,en,agent,True,target_or_expected_language,1958,1958,114,0.0,0.0,1.0,1.0,en_1.000,"{""en"":1.0}"
2-multilingual-tools,L2 Tools,retail,vietnamese,VI,en,user,False,early_turn,8,8,3,1.0,1.0,0.0,0.0,de_0.875|ja_0.125,"{""de"":0.875,""ja"":0.125}"
2-multilingual-tools,L2 Tools,retail,vietnamese,VI,en,user,False,other_or_detector_noise,16,16,6,1.0,1.0,0.0,0.0,fr_0.625|id_0.188|fa_0.062|nl_0.062|tl_0.062,"{""fa"":0.0625,""fr"":0.625,""id"":0.1875,""nl"":0.0625,""tl"":0.0625}"
2-multilingual-tools,L2 Tools,retail,vietnamese,VI,en,user,False,target_or_expected_language,3148,3148,114,0.0,0.0,1.0,1.0,en_1.000,"{""en"":1.0}"
2-multilingual-tools,L2 Tools,telecom,chinese,ZH,en,agent,False,structured_tool_echo,84,84,50,1.0,1.0,0.0,0.0,ko_0.940|si_0.048|la_0.012,"{""ko"":0.940476,""la"":0.011905,""si"":0.047619}"
2-multilingual-tools,L2 Tools,telecom,chinese,ZH,en,agent,False,target_or_expected_language,5096,5096,114,0.0,0.0,1.0,1.0,en_1.000,"{""en"":1.0}"
2-multilingual-tools,L2 Tools,telecom,chinese,ZH,en,agent,True,structured_tool_echo,3,3,3,1.0,1.0,0.0,0.0,ko_0.667|pa_0.333,"{""ko"":0.666667,""pa"":0.333333}"
2-multilingual-tools,L2 Tools,telecom,chinese,ZH,en,agent,True,target_or_expected_language,2006,2006,114,0.0,0.0,1.0,1.0,en_1.000,"{""en"":1.0}"
2-multilingual-tools,L2 Tools,telecom,chinese,ZH,en,user,False,other_or_detector_noise,4,4,4,1.0,1.0,0.0,0.0,ko_0.500|es_0.250|fr_0.250,"{""es"":0.25,""fr"":0.25,""ko"":0.5}"
2-multilingual-tools,L2 Tools,telecom,chinese,ZH,en,user,False,target_or_expected_language,7149,7149,114,0.0,0.0,1.0,1.0,en_1.000,"{""en"":1.0}"
2-multilingual-tools,L2 Tools,telecom,filipino,TL,en,agent,False,structured_tool_echo,77,77,41,1.0,1.0,0.0,0.0,ko_0.935|si_0.065,"{""ko"":0.935065,""si"":0.064935}"
2-multilingual-tools,L2 Tools,telecom,filipino,TL,en,agent,False,target_or_expected_language,4807,4807,114,0.0,0.0,1.0,1.0,en_1.000,"{""en"":1.0}"
2-multilingual-tools,L2 Tools,telecom,filipino,TL,en,agent,True,structured_tool_echo,3,3,3,1.0,1.0,0.0,0.0,ko_1.000,"{""ko"":1.0}"
2-multilingual-tools,L2 Tools,telecom,filipino,TL,en,agent,True,target_or_expected_language,1924,1924,114,0.0,0.0,1.0,1.0,en_1.000,"{""en"":1.0}"
2-multilingual-tools,L2 Tools,telecom,filipino,TL,en,user,False,other_or_detector_noise,5,5,5,1.0,1.0,0.0,0.0,ko_1.000,"{""ko"":1.0}"
2-multilingual-tools,L2 Tools,telecom,filipino,TL,en,user,False,target_or_expected_language,6761,6761,114,0.0,0.0,1.0,1.0,en_1.000,"{""en"":1.0}"
2-multilingual-tools,L2 Tools,telecom,indonesian,ID,en,agent,False,structured_tool_echo,55,55,33,1.0,1.0,0.0,0.0,ko_0.945|si_0.055,"{""ko"":0.945455,""si"":0.054545}"
2-multilingual-tools,L2 Tools,telecom,indonesian,ID,en,agent,False,target_or_expected_language,4635,4635,114,0.0,0.0,1.0,1.0,en_1.000,"{""en"":1.0}"
2-multilingual-tools,L2 Tools,telecom,indonesian,ID,en,agent,True,structured_tool_echo,1,1,1,1.0,1.0,0.0,0.0,si_1.000,"{""si"":1.0}"
2-multilingual-tools,L2 Tools,telecom,indonesian,ID,en,agent,True,target_or_expected_language,2023,2023,114,0.0,0.0,1.0,1.0,en_1.000,"{""en"":1.0}"
2-multilingual-tools,L2 Tools,telecom,indonesian,ID,en,user,False,other_or_detector_noise,5,5,4,1.0,1.0,0.0,0.0,ko_0.600|fr_0.200|ja_0.200,"{""fr"":0.2,""ja"":0.2,""ko"":0.6}"
2-multilingual-tools,L2 Tools,telecom,indonesian,ID,en,user,False,target_or_expected_language,6636,6636,114,0.0,0.0,1.0,1.0,en_1.000,"{""en"":1.0}"
2-multilingual-tools,L2 Tools,telecom,thai,TH,en,agent,False,structured_tool_echo,35,35,20,1.0,1.0,0.0,0.0,ko_1.000,"{""ko"":1.0}"
2-multilingual-tools,L2 Tools,telecom,thai,TH,en,agent,False,target_or_expected_language,4455,4455,114,0.0,0.0,1.0,1.0,en_1.000,"{""en"":1.0}"
2-multilingual-tools,L2 Tools,telecom,thai,TH,en,agent,True,target_or_expected_language,1942,1942,114,0.0,0.0,1.0,1.0,en_1.000,"{""en"":1.0}"
2-multilingual-tools,L2 Tools,telecom,thai,TH,en,user,False,other_or_detector_noise,7,7,6,1.0,1.0,0.0,0.0,ko_0.571|ja_0.286|zh_0.143,"{""ja"":0.285714,""ko"":0.571429,""zh"":0.142857}"
2-multilingual-tools,L2 Tools,telecom,thai,TH,en,user,False,target_or_expected_language,6374,6374,114,0.0,0.0,1.0,1.0,en_1.000,"{""en"":1.0}"
2-multilingual-tools,L2 Tools,telecom,tool_mix_2,Mix 2,en,agent,False,structured_tool_echo,62,62,37,1.0,1.0,0.0,0.0,ko_0.968|si_0.032,"{""ko"":0.967742,""si"":0.032258}"
2-multilingual-tools,L2 Tools,telecom,tool_mix_2,Mix 2,en,agent,False,target_or_expected_language,4797,4797,114,0.0,0.0,1.0,1.0,en_1.000,"{""en"":1.0}"
2-multilingual-tools,L2 Tools,telecom,tool_mix_2,Mix 2,en,agent,True,post_tool_response,1,1,1,1.0,1.0,0.0,0.0,ja_1.000,"{""ja"":1.0}"
2-multilingual-tools,L2 Tools,telecom,tool_mix_2,Mix 2,en,agent,True,structured_tool_echo,1,1,1,1.0,1.0,0.0,0.0,ko_1.000,"{""ko"":1.0}"
2-multilingual-tools,L2 Tools,telecom,tool_mix_2,Mix 2,en,agent,True,target_or_expected_language,1899,1899,114,0.0,0.0,1.0,1.0,en_1.000,"{""en"":1.0}"
2-multilingual-tools,L2 Tools,telecom,tool_mix_2,Mix 2,en,user,False,other_or_detector_noise,4,4,4,1.0,1.0,0.0,0.0,ko_1.000,"{""ko"":1.0}"
2-multilingual-tools,L2 Tools,telecom,tool_mix_2,Mix 2,en,user,False,target_or_expected_language,6716,6716,114,0.0,0.0,1.0,1.0,en_1.000,"{""en"":1.0}"
2-multilingual-tools,L2 Tools,telecom,tool_mix_3,Mix 3,en,agent,False,structured_tool_echo,60,60,31,1.0,1.0,0.0,0.0,ko_0.933|si_0.067,"{""ko"":0.933333,""si"":0.066667}"
2-multilingual-tools,L2 Tools,telecom,tool_mix_3,Mix 3,en,agent,False,target_or_expected_language,4743,4743,114,0.0,0.0,1.0,1.0,en_1.000,"{""en"":1.0}"
2-multilingual-tools,L2 Tools,telecom,tool_mix_3,Mix 3,en,agent,True,structured_tool_echo,3,3,3,1.0,1.0,0.0,0.0,ko_1.000,"{""ko"":1.0}"
2-multilingual-tools,L2 Tools,telecom,tool_mix_3,Mix 3,en,agent,True,target_or_expected_language,1860,1860,114,0.0,0.0,1.0,1.0,en_1.000,"{""en"":1.0}"
2-multilingual-tools,L2 Tools,telecom,tool_mix_3,Mix 3,en,user,False,other_or_detector_noise,10,10,10,1.0,1.0,0.0,0.0,ko_0.700|ca_0.100|es_0.100|fr_0.100,"{""ca"":0.1,""es"":0.1,""fr"":0.1,""ko"":0.7}"
2-multilingual-tools,L2 Tools,telecom,tool_mix_3,Mix 3,en,user,False,target_or_expected_language,6602,6602,114,0.0,0.0,1.0,1.0,en_1.000,"{""en"":1.0}"
2-multilingual-tools,L2 Tools,telecom,tool_mix_4,Mix 4,en,agent,False,structured_tool_echo,53,53,31,1.0,1.0,0.0,0.0,ko_0.868|si_0.132,"{""ko"":0.867925,""si"":0.132075}"
2-multilingual-tools,L2 Tools,telecom,tool_mix_4,Mix 4,en,agent,False,target_or_expected_language,4582,4582,114,0.0,0.0,1.0,1.0,en_1.000,"{""en"":1.0}"
2-multilingual-tools,L2 Tools,telecom,tool_mix_4,Mix 4,en,agent,True,structured_tool_echo,1,1,1,1.0,1.0,0.0,0.0,ko_1.000,"{""ko"":1.0}"
2-multilingual-tools,L2 Tools,telecom,tool_mix_4,Mix 4,en,agent,True,target_or_expected_language,1927,1927,114,0.0,0.0,1.0,1.0,en_1.000,"{""en"":1.0}"
2-multilingual-tools,L2 Tools,telecom,tool_mix_4,Mix 4,en,user,False,other_or_detector_noise,2,2,2,1.0,1.0,0.0,0.0,es_0.500|ko_0.500,"{""es"":0.5,""ko"":0.5}"
2-multilingual-tools,L2 Tools,telecom,tool_mix_4,Mix 4,en,user,False,target_or_expected_language,6585,6585,114,0.0,0.0,1.0,1.0,en_1.000,"{""en"":1.0}"
2-multilingual-tools,L2 Tools,telecom,tool_mix_5,Mix 5,en,agent,False,structured_tool_echo,59,59,32,1.0,1.0,0.0,0.0,ko_0.932|si_0.068,"{""ko"":0.932203,""si"":0.067797}"
2-multilingual-tools,L2 Tools,telecom,tool_mix_5,Mix 5,en,agent,False,target_or_expected_language,4637,4637,114,0.0,0.0,1.0,1.0,en_1.000,"{""en"":1.0}"
2-multilingual-tools,L2 Tools,telecom,tool_mix_5,Mix 5,en,agent,True,structured_tool_echo,1,1,1,1.0,1.0,0.0,0.0,ko_1.000,"{""ko"":1.0}"
2-multilingual-tools,L2 Tools,telecom,tool_mix_5,Mix 5,en,agent,True,target_or_expected_language,1933,1933,114,0.0,0.0,1.0,1.0,en_1.000,"{""en"":1.0}"
2-multilingual-tools,L2 Tools,telecom,tool_mix_5,Mix 5,en,user,False,follows_agent_drift,1,1,1,1.0,1.0,0.0,0.0,ko_1.000,"{""ko"":1.0}"
2-multilingual-tools,L2 Tools,telecom,tool_mix_5,Mix 5,en,user,False,other_or_detector_noise,1,1,1,1.0,1.0,0.0,0.0,ko_1.000,"{""ko"":1.0}"
2-multilingual-tools,L2 Tools,telecom,tool_mix_5,Mix 5,en,user,False,target_or_expected_language,6620,6620,114,0.0,0.0,1.0,1.0,en_1.000,"{""en"":1.0}"
2-multilingual-tools,L2 Tools,telecom,vietnamese,VI,en,agent,False,structured_tool_echo,73,73,43,1.0,1.0,0.0,0.0,ko_0.959|si_0.041,"{""ko"":0.958904,""si"":0.041096}"
2-multilingual-tools,L2 Tools,telecom,vietnamese,VI,en,agent,False,target_or_expected_language,4784,4784,114,0.0,0.0,1.0,1.0,en_1.000,"{""en"":1.0}"
2-multilingual-tools,L2 Tools,telecom,vietnamese,VI,en,agent,True,structured_tool_echo,1,1,1,1.0,1.0,0.0,0.0,ko_1.000,"{""ko"":1.0}"
2-multilingual-tools,L2 Tools,telecom,vietnamese,VI,en,agent,True,target_or_expected_language,2090,2090,114,0.0,0.0,1.0,1.0,en_1.000,"{""en"":1.0}"
2-multilingual-tools,L2 Tools,telecom,vietnamese,VI,en,user,False,other_or_detector_noise,5,5,3,1.0,1.0,0.0,0.0,ko_0.400|de_0.200|es_0.200|ru_0.200,"{""de"":0.2,""es"":0.2,""ko"":0.4,""ru"":0.2}"
2-multilingual-tools,L2 Tools,telecom,vietnamese,VI,en,user,False,target_or_expected_language,6801,6801,114,0.0,0.0,1.0,1.0,en_1.000,"{""en"":1.0}"
3-crosslingual,L2 Interaction,airline,chinese,ZH,zh,agent,False,early_turn,600,0,50,1.0,0.0,0.0,0.0,,{}
3-crosslingual,L2 Interaction,airline,chinese,ZH,zh,agent,False,structured_tool_echo,17,17,12,1.0,1.0,1.0,0.0,en_1.000,"{""en"":1.0}"
3-crosslingual,L2 Interaction,airline,chinese,ZH,zh,agent,False,target_or_expected_language,1067,1067,50,0.0,0.0,0.0,1.0,zh_1.000,"{""zh"":1.0}"
3-crosslingual,L2 Interaction,airline,chinese,ZH,zh,agent,True,post_tool_response,1,1,1,1.0,1.0,1.0,0.0,en_1.000,"{""en"":1.0}"
3-crosslingual,L2 Interaction,airline,chinese,ZH,zh,agent,True,structured_tool_echo,74,74,27,1.0,1.0,1.0,0.0,en_1.000,"{""en"":1.0}"
3-crosslingual,L2 Interaction,airline,chinese,ZH,zh,agent,True,target_or_expected_language,1319,1319,50,0.0,0.0,0.0,1.0,zh_1.000,"{""zh"":1.0}"
3-crosslingual,L2 Interaction,airline,chinese,ZH,zh,agent,True,transfer_or_system_template,185,185,38,1.0,1.0,0.994595,0.0,en_0.995|ja_0.005,"{""en"":0.994595,""ja"":0.005405}"
3-crosslingual,L2 Interaction,airline,chinese,ZH,zh,user,False,continued_user_drift,7,7,5,1.0,1.0,0.571429,0.0,en_0.571|fr_0.286|fa_0.143,"{""en"":0.571429,""fa"":0.142857,""fr"":0.285714}"
3-crosslingual,L2 Interaction,airline,chinese,ZH,zh,user,False,early_turn,3,3,3,1.0,1.0,0.0,0.0,ca_0.333|it_0.333|yue_0.333,"{""ca"":0.333333,""it"":0.333333,""yue"":0.333333}"
3-crosslingual,L2 Interaction,airline,chinese,ZH,zh,user,False,follows_agent_drift,9,9,6,1.0,1.0,0.555556,0.0,en_0.556|fr_0.333|ja_0.111,"{""en"":0.555556,""fr"":0.333333,""ja"":0.111111}"
3-crosslingual,L2 Interaction,airline,chinese,ZH,zh,user,False,other_or_detector_noise,29,29,19,1.0,1.0,0.758621,0.0,en_0.759|ja_0.103|fr_0.069|wuu_0.069,"{""en"":0.758621,""fr"":0.068966,""ja"":0.103448,""wuu"":0.068966}"
3-crosslingual,L2 Interaction,airline,chinese,ZH,zh,user,False,target_or_expected_language,2361,2361,50,0.0,0.0,0.0,1.0,zh_1.000,"{""zh"":1.0}"
3-crosslingual,L2 Interaction,airline,chinese,ZH,zh,user,False,transfer_or_system_template,8,8,5,1.0,1.0,1.0,0.0,en_1.000,"{""en"":1.0}"
3-crosslingual,L2 Interaction,airline,filipino,TL,tl,agent,False,early_turn,645,45,50,1.0,1.0,1.0,0.0,en_1.000,"{""en"":1.0}"
3-crosslingual,L2 Interaction,airline,filipino,TL,tl,agent,False,follows_user_drift,4,4,2,1.0,1.0,1.0,0.0,en_1.000,"{""en"":1.0}"
3-crosslingual,L2 Interaction,airline,filipino,TL,tl,agent,False,other_or_detector_noise,35,35,12,1.0,1.0,1.0,0.0,en_1.000,"{""en"":1.0}"
3-crosslingual,L2 Interaction,airline,filipino,TL,tl,agent,False,structured_tool_echo,5,5,4,1.0,1.0,1.0,0.0,en_1.000,"{""en"":1.0}"
3-crosslingual,L2 Interaction,airline,filipino,TL,tl,agent,False,target_or_expected_language,1149,1149,50,0.0,0.0,0.0,1.0,tl_1.000,"{""tl"":1.0}"
3-crosslingual,L2 Interaction,airline,filipino,TL,tl,agent,False,transfer_or_system_template,2,2,2,1.0,1.0,1.0,0.0,en_1.000,"{""en"":1.0}"
3-crosslingual,L2 Interaction,airline,filipino,TL,tl,agent,True,post_tool_response,251,251,41,1.0,1.0,1.0,0.0,en_1.000,"{""en"":1.0}"
3-crosslingual,L2 Interaction,airline,filipino,TL,tl,agent,True,structured_tool_echo,58,58,22,1.0,1.0,1.0,0.0,en_1.000,"{""en"":1.0}"
3-crosslingual,L2 Interaction,airline,filipino,TL,tl,agent,True,target_or_expected_language,1099,1099,50,0.0,0.0,0.0,1.0,tl_1.000,"{""tl"":1.0}"
3-crosslingual,L2 Interaction,airline,filipino,TL,tl,agent,True,transfer_or_system_template,192,192,40,1.0,1.0,0.994792,0.0,en_0.995|es_0.005,"{""en"":0.994792,""es"":0.005208}"
3-crosslingual,L2 Interaction,airline,filipino,TL,tl,user,False,continued_user_drift,43,43,17,1.0,1.0,0.813953,0.0,en_0.814|it_0.116|ja_0.070,"{""en"":0.813953,""it"":0.116279,""ja"":0.069767}"
3-crosslingual,L2 Interaction,airline,filipino,TL,tl,user,False,early_turn,40,40,15,1.0,1.0,0.475,0.0,en_0.475|it_0.300|ca_0.100|pt_0.075|es_0.050,"{""ca"":0.1,""en"":0.475,""es"":0.05,""it"":0.3,""pt"":0.075}"
3-crosslingual,L2 Interaction,airline,filipino,TL,tl,user,False,follows_agent_drift,57,57,21,1.0,1.0,0.842105,0.0,en_0.842|io_0.070|sh_0.053|eo_0.018|it_0.018,"{""en"":0.842105,""eo"":0.017544,""io"":0.070175,""it"":0.017544,""sh"":0.052632}"
3-crosslingual,L2 Interaction,airline,filipino,TL,tl,user,False,other_or_detector_noise,83,83,33,1.0,1.0,0.843373,0.0,en_0.843|fa_0.024|fr_0.024|pt_0.024|sh_0.024|de_0.012|hr_0.012|io_0.012|it_0.012|lt_0.012,"{""de"":0.012048,""en"":0.843373,""fa"":0.024096,""fr"":0.024096,""hr"":0.012048,""io"":0.012048,""it"":0.012048,""lt"":0.012048,""pt"":0.024096,""sh"":0.024096}"
3-crosslingual,L2 Interaction,airline,filipino,TL,tl,user,False,target_or_expected_language,2411,2411,50,0.0,0.0,0.0,1.0,tl_1.000,"{""tl"":1.0}"
3-crosslingual,L2 Interaction,airline,filipino,TL,tl,user,False,transfer_or_system_template,8,8,7,1.0,1.0,1.0,0.0,en_1.000,"{""en"":1.0}"
3-crosslingual,L2 Interaction,airline,indonesian,ID,id,agent,False,early_turn,600,0,50,1.0,0.0,0.0,0.0,,{}
3-crosslingual,L2 Interaction,airline,indonesian,ID,id,agent,False,structured_tool_echo,9,9,6,1.0,1.0,1.0,0.0,en_1.000,"{""en"":1.0}"
3-crosslingual,L2 Interaction,airline,indonesian,ID,id,agent,False,target_or_expected_language,1242,1242,50,0.0,0.0,0.0,1.0,id_1.000,"{""id"":1.0}"
3-crosslingual,L2 Interaction,airline,indonesian,ID,id,agent,False,transfer_or_system_template,1,1,1,1.0,1.0,1.0,0.0,en_1.000,"{""en"":1.0}"
3-crosslingual,L2 Interaction,airline,indonesian,ID,id,agent,True,post_tool_response,18,18,12,1.0,1.0,0.444444,0.0,en_0.444|zh_0.389|es_0.111|ms_0.056,"{""en"":0.444444,""es"":0.111111,""ms"":0.055556,""zh"":0.388889}"
3-crosslingual,L2 Interaction,airline,indonesian,ID,id,agent,True,structured_tool_echo,53,53,26,1.0,1.0,0.981132,0.0,en_0.981|lv_0.019,"{""en"":0.981132,""lv"":0.018868}"
3-crosslingual,L2 Interaction,airline,indonesian,ID,id,agent,True,target_or_expected_language,1420,1420,50,0.0,0.0,0.0,1.0,id_1.000,"{""id"":1.0}"
3-crosslingual,L2 Interaction,airline,indonesian,ID,id,agent,True,transfer_or_system_template,144,144,36,1.0,1.0,0.979167,0.0,en_0.979|ja_0.021,"{""en"":0.979167,""ja"":0.020833}"
3-crosslingual,L2 Interaction,airline,indonesian,ID,id,user,False,continued_user_drift,11,11,8,1.0,1.0,0.454545,0.0,en_0.455|tr_0.182|eo_0.091|it_0.091|ms_0.091|pt_0.091,"{""en"":0.454545,""eo"":0.090909,""it"":0.090909,""ms"":0.090909,""pt"":0.090909,""tr"":0.181818}"
3-crosslingual,L2 Interaction,airline,indonesian,ID,id,user,False,early_turn,12,12,11,1.0,1.0,0.833333,0.0,en_0.833|it_0.083|ms_0.083,"{""en"":0.833333,""it"":0.083333,""ms"":0.083333}"
3-crosslingual,L2 Interaction,airline,indonesian,ID,id,user,False,follows_agent_drift,3,3,3,1.0,1.0,0.666667,0.0,en_0.667|ms_0.333,"{""en"":0.666667,""ms"":0.333333}"
3-crosslingual,L2 Interaction,airline,indonesian,ID,id,user,False,other_or_detector_noise,45,45,27,1.0,1.0,0.688889,0.0,en_0.689|ms_0.156|it_0.044|ca_0.022|fr_0.022|jv_0.022|ro_0.022|tr_0.022,"{""ca"":0.022222,""en"":0.688889,""fr"":0.022222,""it"":0.044444,""jv"":0.022222,""ms"":0.155556,""ro"":0.022222,""tr"":0.022222}"
3-crosslingual,L2 Interaction,airline,indonesian,ID,id,user,False,target_or_expected_language,2606,2606,50,0.0,0.0,0.0,1.0,id_1.000,"{""id"":1.0}"
3-crosslingual,L2 Interaction,airline,indonesian,ID,id,user,False,transfer_or_system_template,4,4,3,1.0,1.0,1.0,0.0,en_1.000,"{""en"":1.0}"
3-crosslingual,L2 Interaction,airline,thai,TH,th,agent,False,early_turn,600,0,50,1.0,0.0,0.0,0.0,,{}
3-crosslingual,L2 Interaction,airline,thai,TH,th,agent,False,target_or_expected_language,1106,1106,50,0.0,0.0,0.0,1.0,th_1.000,"{""th"":1.0}"
3-crosslingual,L2 Interaction,airline,thai,TH,th,agent,True,post_tool_response,1,1,1,1.0,1.0,1.0,0.0,en_1.000,"{""en"":1.0}"
3-crosslingual,L2 Interaction,airline,thai,TH,th,agent,True,structured_tool_echo,6,6,6,1.0,1.0,1.0,0.0,en_1.000,"{""en"":1.0}"
3-crosslingual,L2 Interaction,airline,thai,TH,th,agent,True,target_or_expected_language,1318,1318,50,0.0,0.0,0.0,1.0,th_1.000,"{""th"":1.0}"
3-crosslingual,L2 Interaction,airline,thai,TH,th,agent,True,transfer_or_system_template,187,187,40,1.0,1.0,1.0,0.0,en_1.000,"{""en"":1.0}"
3-crosslingual,L2 Interaction,airline,thai,TH,th,user,False,continued_user_drift,17,17,10,1.0,1.0,0.705882,0.0,en_0.706|de_0.059|it_0.059|ja_0.059|pt_0.059|ru_0.059,"{""de"":0.058824,""en"":0.705882,""it"":0.058824,""ja"":0.058824,""pt"":0.058824,""ru"":0.058824}"
3-crosslingual,L2 Interaction,airline,thai,TH,th,user,False,early_turn,20,20,11,1.0,1.0,0.15,0.0,it_0.550|ca_0.200|en_0.150|es_0.100,"{""ca"":0.2,""en"":0.15,""es"":0.1,""it"":0.55}"
3-crosslingual,L2 Interaction,airline,thai,TH,th,user,False,other_or_detector_noise,35,35,18,1.0,1.0,0.914286,0.0,en_0.914|de_0.086,"{""de"":0.085714,""en"":0.914286}"
3-crosslingual,L2 Interaction,airline,thai,TH,th,user,False,target_or_expected_language,2347,2347,50,0.0,0.0,0.0,1.0,th_1.000,"{""th"":1.0}"
3-crosslingual,L2 Interaction,airline,thai,TH,th,user,False,transfer_or_system_template,3,3,3,1.0,1.0,1.0,0.0,en_1.000,"{""en"":1.0}"
3-crosslingual,L2 Interaction,airline,vietnamese,VI,vi,agent,False,early_turn,600,0,50,1.0,0.0,0.0,0.0,,{}
3-crosslingual,L2 Interaction,airline,vietnamese,VI,vi,agent,False,target_or_expected_language,1167,1167,50,0.0,0.0,0.0,1.0,vi_1.000,"{""vi"":1.0}"
3-crosslingual,L2 Interaction,airline,vietnamese,VI,vi,agent,True,post_tool_response,1,1,1,1.0,1.0,1.0,0.0,en_1.000,"{""en"":1.0}"
3-crosslingual,L2 Interaction,airline,vietnamese,VI,vi,agent,True,structured_tool_echo,4,4,4,1.0,1.0,1.0,0.0,en_1.000,"{""en"":1.0}"
3-crosslingual,L2 Interaction,airline,vietnamese,VI,vi,agent,True,target_or_expected_language,1480,1480,50,0.0,0.0,0.0,1.0,vi_1.000,"{""vi"":1.0}"
3-crosslingual,L2 Interaction,airline,vietnamese,VI,vi,agent,True,transfer_or_system_template,187,187,38,1.0,1.0,1.0,0.0,en_1.000,"{""en"":1.0}"
3-crosslingual,L2 Interaction,airline,vietnamese,VI,vi,user,False,continued_user_drift,13,13,6,1.0,1.0,0.615385,0.0,en_0.615|ja_0.231|it_0.077|th_0.077,"{""en"":0.615385,""it"":0.076923,""ja"":0.230769,""th"":0.076923}"
3-crosslingual,L2 Interaction,airline,vietnamese,VI,vi,user,False,early_turn,19,19,9,1.0,1.0,0.157895,0.0,it_0.316|pt_0.263|ca_0.211|en_0.158|id_0.053,"{""ca"":0.210526,""en"":0.157895,""id"":0.052632,""it"":0.315789,""pt"":0.263158}"
3-crosslingual,L2 Interaction,airline,vietnamese,VI,vi,user,False,other_or_detector_noise,32,32,17,1.0,1.0,0.78125,0.0,en_0.781|fa_0.062|it_0.062|ca_0.031|ro_0.031|zh_0.031,"{""ca"":0.03125,""en"":0.78125,""fa"":0.0625,""it"":0.0625,""ro"":0.03125,""zh"":0.03125}"
3-crosslingual,L2 Interaction,airline,vietnamese,VI,vi,user,False,target_or_expected_language,2410,2410,50,0.0,0.0,0.0,1.0,vi_1.000,"{""vi"":1.0}"
3-crosslingual,L2 Interaction,airline,vietnamese,VI,vi,user,False,transfer_or_system_template,6,6,6,1.0,1.0,0.666667,0.0,en_0.667|es_0.333,"{""en"":0.666667,""es"":0.333333}"
3-crosslingual,L2 Interaction,retail,chinese,ZH,zh,agent,False,early_turn,1368,0,114,1.0,0.0,0.0,0.0,,{}
3-crosslingual,L2 Interaction,retail,chinese,ZH,zh,agent,False,structured_tool_echo,43,43,31,1.0,1.0,0.976744,0.0,en_0.977|ko_0.023,"{""en"":0.976744,""ko"":0.023256}"
3-crosslingual,L2 Interaction,retail,chinese,ZH,zh,agent,False,target_or_expected_language,2765,2765,114,0.0,0.0,0.0,1.0,zh_1.000,"{""zh"":1.0}"
3-crosslingual,L2 Interaction,retail,chinese,ZH,zh,agent,True,post_tool_response,5,5,3,1.0,1.0,1.0,0.0,en_1.000,"{""en"":1.0}"
3-crosslingual,L2 Interaction,retail,chinese,ZH,zh,agent,True,structured_tool_echo,205,205,79,1.0,1.0,0.990244,0.0,en_0.990|hu_0.005|ko_0.005,"{""en"":0.990244,""hu"":0.004878,""ko"":0.004878}"
3-crosslingual,L2 Interaction,retail,chinese,ZH,zh,agent,True,target_or_expected_language,3933,3933,114,0.0,0.0,0.0,1.0,zh_1.000,"{""zh"":1.0}"
3-crosslingual,L2 Interaction,retail,chinese,ZH,zh,agent,True,transfer_or_system_template,88,88,35,1.0,1.0,1.0,0.0,en_1.000,"{""en"":1.0}"
3-crosslingual,L2 Interaction,retail,chinese,ZH,zh,user,False,continued_user_drift,29,29,12,1.0,1.0,0.206897,0.0,fr_0.690|en_0.207|ja_0.069|es_0.034,"{""en"":0.206897,""es"":0.034483,""fr"":0.689655,""ja"":0.068966}"
3-crosslingual,L2 Interaction,retail,chinese,ZH,zh,user,False,early_turn,50,50,10,1.0,1.0,0.5,0.0,en_0.500|de_0.460|ja_0.040,"{""de"":0.46,""en"":0.5,""ja"":0.04}"
3-crosslingual,L2 Interaction,retail,chinese,ZH,zh,user,False,follows_agent_drift,21,21,14,1.0,1.0,0.952381,0.0,en_0.952|de_0.048,"{""de"":0.047619,""en"":0.952381}"
3-crosslingual,L2 Interaction,retail,chinese,ZH,zh,user,False,other_or_detector_noise,72,72,42,1.0,1.0,0.736111,0.0,en_0.736|wuu_0.097|de_0.042|fr_0.042|es_0.028|ja_0.028|als_0.014|it_0.014,"{""als"":0.013889,""de"":0.041667,""en"":0.736111,""es"":0.027778,""fr"":0.041667,""it"":0.013889,""ja"":0.027778,""wuu"":0.097222}"
3-crosslingual,L2 Interaction,retail,chinese,ZH,zh,user,False,target_or_expected_language,6534,6534,114,0.0,0.0,0.0,1.0,zh_1.000,"{""zh"":1.0}"
3-crosslingual,L2 Interaction,retail,chinese,ZH,zh,user,False,transfer_or_system_template,3,3,3,1.0,1.0,1.0,0.0,en_1.000,"{""en"":1.0}"
3-crosslingual,L2 Interaction,retail,filipino,TL,tl,agent,False,early_turn,1522,154,114,1.0,1.0,1.0,0.0,en_1.000,"{""en"":1.0}"
3-crosslingual,L2 Interaction,retail,filipino,TL,tl,agent,False,follows_user_drift,215,215,38,1.0,1.0,0.995349,0.0,en_0.995|sco_0.005,"{""en"":0.995349,""sco"":0.004651}"
3-crosslingual,L2 Interaction,retail,filipino,TL,tl,agent,False,other_or_detector_noise,126,126,63,1.0,1.0,1.0,0.0,en_1.000,"{""en"":1.0}"
3-crosslingual,L2 Interaction,retail,filipino,TL,tl,agent,False,structured_tool_echo,10,10,8,1.0,1.0,1.0,0.0,en_1.000,"{""en"":1.0}"
3-crosslingual,L2 Interaction,retail,filipino,TL,tl,agent,False,target_or_expected_language,2561,2561,114,0.0,0.0,0.0,1.0,tl_1.000,"{""tl"":1.0}"
3-crosslingual,L2 Interaction,retail,filipino,TL,tl,agent,False,transfer_or_system_template,2,2,2,1.0,1.0,1.0,0.0,en_1.000,"{""en"":1.0}"
3-crosslingual,L2 Interaction,retail,filipino,TL,tl,agent,True,post_tool_response,818,818,107,1.0,1.0,1.0,0.0,en_1.000,"{""en"":1.0}"
3-crosslingual,L2 Interaction,retail,filipino,TL,tl,agent,True,structured_tool_echo,77,77,48,1.0,1.0,1.0,0.0,en_1.000,"{""en"":1.0}"
3-crosslingual,L2 Interaction,retail,filipino,TL,tl,agent,True,target_or_expected_language,3624,3624,114,0.0,0.0,0.0,1.0,tl_1.000,"{""tl"":1.0}"
3-crosslingual,L2 Interaction,retail,filipino,TL,tl,agent,True,transfer_or_system_template,77,77,36,1.0,1.0,1.0,0.0,en_1.000,"{""en"":1.0}"
3-crosslingual,L2 Interaction,retail,filipino,TL,tl,user,False,continued_user_drift,320,320,66,1.0,1.0,0.7875,0.0,en_0.787|io_0.044|fr_0.037|it_0.019|sh_0.016|es_0.013|hu_0.013|la_0.009|de_0.006|lt_0.006|ar_0.003|br_0.003|bs_0.003|cy_0.003|da_0.003|et_0.003|hr_0.003|no_0.003|pt_0.003|ro_0.003|ru_0.003|sco_0.003|si_0.003|tg_0.003|uk_0.003|vi_0.003,"{""ar"":0.003125,""br"":0.003125,""bs"":0.003125,""cy"":0.003125,""da"":0.003125,""de"":0.00625,""en"":0.7875,""es"":0.0125,""et"":0.003125,""fr"":0.0375,""hr"":0.003125,""hu"":0.0125,""io"":0.04375,""it"":0.01875,""la"":0.009375,""lt"":0.00625,""no"":0.003125,""pt"":0.003125,""ro"":0.003125,""ru"":0.003125,""sco"":0.003125,""sh"":0.015625,""si"":0.003125,""tg"":0.003125,""uk"":0.003125,""vi"":0.003125}"
3-crosslingual,L2 Interaction,retail,filipino,TL,tl,user,False,early_turn,204,204,60,1.0,1.0,0.671569,0.0,en_0.672|de_0.172|id_0.025|nl_0.020|ru_0.020|uk_0.020|es_0.015|it_0.015|pl_0.010|ca_0.005|ja_0.005|oc_0.005|pt_0.005|qu_0.005|sh_0.005|tg_0.005,"{""ca"":0.004902,""de"":0.171569,""en"":0.671569,""es"":0.014706,""id"":0.02451,""it"":0.014706,""ja"":0.004902,""nl"":0.019608,""oc"":0.004902,""pl"":0.009804,""pt"":0.004902,""qu"":0.004902,""ru"":0.019608,""sh"":0.004902,""tg"":0.004902,""uk"":0.019608}"
3-crosslingual,L2 Interaction,retail,filipino,TL,tl,user,False,follows_agent_drift,719,719,84,1.0,1.0,0.934631,0.0,en_0.935|io_0.013|fr_0.011|de_0.010|sh_0.007|jv_0.004|lt_0.004|id_0.003|it_0.003|ru_0.003|br_0.001|eo_0.001|hr_0.001|la_0.001|ro_0.001|sco_0.001,"{""br"":0.001391,""de"":0.009736,""en"":0.934631,""eo"":0.001391,""fr"":0.011127,""hr"":0.001391,""id"":0.002782,""io"":0.012517,""it"":0.002782,""jv"":0.004172,""la"":0.001391,""lt"":0.004172,""ro"":0.001391,""ru"":0.002782,""sco"":0.001391,""sh"":0.006954}"
3-crosslingual,L2 Interaction,retail,filipino,TL,tl,user,False,other_or_detector_noise,534,534,109,1.0,1.0,0.829588,0.0,en_0.830|io_0.030|es_0.021|pt_0.017|lt_0.013|it_0.009|eo_0.007|id_0.007|ro_0.007|br_0.006|hu_0.006|ilo_0.006|la_0.006|sh_0.006|de_0.004|hr_0.004|sq_0.004|et_0.002|gl_0.002|ms_0.002|ru_0.002|sco_0.002|ta_0.002|tr_0.002|uk_0.002|vi_0.002|war_0.002,"{""br"":0.005618,""de"":0.003745,""en"":0.829588,""eo"":0.007491,""es"":0.020599,""et"":0.001873,""gl"":0.001873,""hr"":0.003745,""hu"":0.005618,""id"":0.007491,""ilo"":0.005618,""io"":0.029963,""it"":0.009363,""la"":0.005618,""lt"":0.013109,""ms"":0.001873,""pt"":0.016854,""ro"":0.007491,""ru"":0.001873,""sco"":0.001873,""sh"":0.005618,""sq"":0.003745,""ta"":0.001873,""tr"":0.001873,""uk"":0.001873,""vi"":0.001873,""war"":0.001873}"
3-crosslingual,L2 Interaction,retail,filipino,TL,tl,user,False,target_or_expected_language,5674,5674,114,0.0,0.0,0.0,1.0,tl_1.000,"{""tl"":1.0}"
3-crosslingual,L2 Interaction,retail,filipino,TL,tl,user,False,transfer_or_system_template,8,8,7,1.0,1.0,1.0,0.0,en_1.000,"{""en"":1.0}"
3-crosslingual,L2 Interaction,retail,indonesian,ID,id,agent,False,early_turn,1368,0,114,1.0,0.0,0.0,0.0,,{}
3-crosslingual,L2 Interaction,retail,indonesian,ID,id,agent,False,other_or_detector_noise,1,1,1,1.0,1.0,0.0,0.0,ms_1.000,"{""ms"":1.0}"
3-crosslingual,L2 Interaction,retail,indonesian,ID,id,agent,False,structured_tool_echo,8,8,6,1.0,1.0,0.75,0.0,en_0.750|ms_0.250,"{""en"":0.75,""ms"":0.25}"
3-crosslingual,L2 Interaction,retail,indonesian,ID,id,agent,False,target_or_expected_language,2720,2720,114,0.0,0.0,0.0,1.0,id_1.000,"{""id"":1.0}"
3-crosslingual,L2 Interaction,retail,indonesian,ID,id,agent,True,post_tool_response,7,7,7,1.0,1.0,0.428571,0.0,ms_0.571|en_0.429,"{""en"":0.428571,""ms"":0.571429}"
3-crosslingual,L2 Interaction,retail,indonesian,ID,id,agent,True,structured_tool_echo,64,64,39,1.0,1.0,0.984375,0.0,en_0.984|jv_0.016,"{""en"":0.984375,""jv"":0.015625}"
3-crosslingual,L2 Interaction,retail,indonesian,ID,id,agent,True,target_or_expected_language,4239,4239,114,0.0,0.0,0.0,1.0,id_1.000,"{""id"":1.0}"
3-crosslingual,L2 Interaction,retail,indonesian,ID,id,agent,True,transfer_or_system_template,67,67,32,1.0,1.0,0.955224,0.0,en_0.955|ja_0.045,"{""en"":0.955224,""ja"":0.044776}"
3-crosslingual,L2 Interaction,retail,indonesian,ID,id,user,False,continued_user_drift,33,33,11,1.0,1.0,0.545455,0.0,en_0.545|fr_0.364|it_0.030|ms_0.030|nl_0.030,"{""en"":0.545455,""fr"":0.363636,""it"":0.030303,""ms"":0.030303,""nl"":0.030303}"
3-crosslingual,L2 Interaction,retail,indonesian,ID,id,user,False,early_turn,70,70,16,1.0,1.0,0.514286,0.0,en_0.514|de_0.329|ja_0.071|ms_0.043|ru_0.029|nl_0.014,"{""de"":0.328571,""en"":0.514286,""ja"":0.071429,""ms"":0.042857,""nl"":0.014286,""ru"":0.028571}"
3-crosslingual,L2 Interaction,retail,indonesian,ID,id,user,False,follows_agent_drift,2,2,2,1.0,1.0,1.0,0.0,en_1.000,"{""en"":1.0}"
3-crosslingual,L2 Interaction,retail,indonesian,ID,id,user,False,other_or_detector_noise,166,166,66,1.0,1.0,0.644578,0.0,en_0.645|ms_0.241|it_0.030|es_0.024|ru_0.018|ar_0.006|br_0.006|ca_0.006|eo_0.006|jv_0.006|sv_0.006|sw_0.006,"{""ar"":0.006024,""br"":0.006024,""ca"":0.006024,""en"":0.644578,""eo"":0.006024,""es"":0.024096,""it"":0.03012,""jv"":0.006024,""ms"":0.240964,""ru"":0.018072,""sv"":0.006024,""sw"":0.006024}"
3-crosslingual,L2 Interaction,retail,indonesian,ID,id,user,False,target_or_expected_language,6594,6594,114,0.0,0.0,0.0,1.0,id_1.000,"{""id"":1.0}"
3-crosslingual,L2 Interaction,retail,indonesian,ID,id,user,False,transfer_or_system_template,4,4,4,1.0,1.0,0.75,0.0,en_0.750|eo_0.250,"{""en"":0.75,""eo"":0.25}"
3-crosslingual,L2 Interaction,retail,thai,TH,th,agent,False,early_turn,1026,0,114,1.0,0.0,0.0,0.0,,{}
3-crosslingual,L2 Interaction,retail,thai,TH,th,agent,False,structured_tool_echo,3,3,3,1.0,1.0,1.0,0.0,en_1.000,"{""en"":1.0}"
3-crosslingual,L2 Interaction,retail,thai,TH,th,agent,False,target_or_expected_language,1820,1820,114,0.0,0.0,0.0,1.0,th_1.000,"{""th"":1.0}"
3-crosslingual,L2 Interaction,retail,thai,TH,th,agent,True,post_tool_response,6,6,6,1.0,1.0,1.0,0.0,en_1.000,"{""en"":1.0}"
3-crosslingual,L2 Interaction,retail,thai,TH,th,agent,True,structured_tool_echo,5,5,4,1.0,1.0,1.0,0.0,en_1.000,"{""en"":1.0}"
3-crosslingual,L2 Interaction,retail,thai,TH,th,agent,True,target_or_expected_language,3204,3204,114,0.0,0.0,0.0,1.0,th_1.000,"{""th"":1.0}"
3-crosslingual,L2 Interaction,retail,thai,TH,th,agent,True,transfer_or_system_template,63,63,37,1.0,1.0,1.0,0.0,en_1.000,"{""en"":1.0}"
3-crosslingual,L2 Interaction,retail,thai,TH,th,user,False,continued_user_drift,20,20,10,1.0,1.0,0.6,0.0,en_0.600|fr_0.250|de_0.050|es_0.050|it_0.050,"{""de"":0.05,""en"":0.6,""es"":0.05,""fr"":0.25,""it"":0.05}"
3-crosslingual,L2 Interaction,retail,thai,TH,th,user,False,early_turn,31,31,9,1.0,1.0,0.483871,0.0,en_0.484|de_0.387|ru_0.097|uk_0.032,"{""de"":0.387097,""en"":0.483871,""ru"":0.096774,""uk"":0.032258}"
3-crosslingual,L2 Interaction,retail,thai,TH,th,user,False,other_or_detector_noise,62,62,37,1.0,1.0,0.83871,0.0,en_0.839|fr_0.048|ru_0.032|de_0.016|es_0.016|fa_0.016|ta_0.016|zh_0.016,"{""de"":0.016129,""en"":0.83871,""es"":0.016129,""fa"":0.016129,""fr"":0.048387,""ru"":0.032258,""ta"":0.016129,""zh"":0.016129}"
3-crosslingual,L2 Interaction,retail,thai,TH,th,user,False,target_or_expected_language,4695,4695,114,0.0,0.0,0.0,1.0,th_1.000,"{""th"":1.0}"
3-crosslingual,L2 Interaction,retail,thai,TH,th,user,False,transfer_or_system_template,1,1,1,1.0,1.0,1.0,0.0,en_1.000,"{""en"":1.0}"
3-crosslingual,L2 Interaction,retail,vietnamese,VI,vi,agent,False,early_turn,1368,0,114,1.0,0.0,0.0,0.0,,{}
3-crosslingual,L2 Interaction,retail,vietnamese,VI,vi,agent,False,other_or_detector_noise,1,1,1,1.0,1.0,1.0,0.0,en_1.000,"{""en"":1.0}"
3-crosslingual,L2 Interaction,retail,vietnamese,VI,vi,agent,False,target_or_expected_language,2767,2767,114,0.0,0.0,0.0,1.0,vi_1.000,"{""vi"":1.0}"
3-crosslingual,L2 Interaction,retail,vietnamese,VI,vi,agent,True,target_or_expected_language,4403,4403,114,0.0,0.0,0.0,1.0,vi_1.000,"{""vi"":1.0}"
3-crosslingual,L2 Interaction,retail,vietnamese,VI,vi,agent,True,transfer_or_system_template,96,96,40,1.0,1.0,1.0,0.0,en_1.000,"{""en"":1.0}"
3-crosslingual,L2 Interaction,retail,vietnamese,VI,vi,user,False,continued_user_drift,42,42,16,1.0,1.0,0.428571,0.0,fr_0.476|en_0.429|es_0.048|ca_0.024|de_0.024,"{""ca"":0.02381,""de"":0.02381,""en"":0.428571,""es"":0.047619,""fr"":0.47619}"
3-crosslingual,L2 Interaction,retail,vietnamese,VI,vi,user,False,early_turn,87,87,19,1.0,1.0,0.45977,0.0,en_0.460|de_0.425|ja_0.046|ru_0.034|ca_0.023|pt_0.011,"{""ca"":0.022989,""de"":0.425287,""en"":0.45977,""ja"":0.045977,""pt"":0.011494,""ru"":0.034483}"
3-crosslingual,L2 Interaction,retail,vietnamese,VI,vi,user,False,follows_agent_drift,1,1,1,1.0,1.0,1.0,0.0,en_1.000,"{""en"":1.0}"
3-crosslingual,L2 Interaction,retail,vietnamese,VI,vi,user,False,other_or_detector_noise,136,136,59,1.0,1.0,0.838235,0.0,en_0.838|es_0.029|no_0.029|it_0.022|ru_0.022|pt_0.015|ca_0.007|et_0.007|ht_0.007|sv_0.007|te_0.007|uk_0.007,"{""ca"":0.007353,""en"":0.838235,""es"":0.029412,""et"":0.007353,""ht"":0.007353,""it"":0.022059,""no"":0.029412,""pt"":0.014706,""ru"":0.022059,""sv"":0.007353,""te"":0.007353,""uk"":0.007353}"
3-crosslingual,L2 Interaction,retail,vietnamese,VI,vi,user,False,target_or_expected_language,6326,6326,114,0.0,0.0,0.0,1.0,vi_1.000,"{""vi"":1.0}"
3-crosslingual,L2 Interaction,retail,vietnamese,VI,vi,user,False,transfer_or_system_template,2,2,2,1.0,1.0,1.0,0.0,en_1.000,"{""en"":1.0}"
3-crosslingual,L2 Interaction,telecom,chinese,ZH,zh,agent,False,early_turn,1368,0,114,1.0,0.0,0.0,0.0,,{}
3-crosslingual,L2 Interaction,telecom,chinese,ZH,zh,agent,False,structured_tool_echo,1,1,1,1.0,1.0,1.0,0.0,en_1.000,"{""en"":1.0}"
3-crosslingual,L2 Interaction,telecom,chinese,ZH,zh,agent,False,target_or_expected_language,5523,5523,114,0.0,0.0,0.0,1.0,zh_1.000,"{""zh"":1.0}"
3-crosslingual,L2 Interaction,telecom,chinese,ZH,zh,agent,True,post_tool_response,1,1,1,1.0,1.0,1.0,0.0,en_1.000,"{""en"":1.0}"
3-crosslingual,L2 Interaction,telecom,chinese,ZH,zh,agent,True,structured_tool_echo,2,2,2,1.0,1.0,1.0,0.0,en_1.000,"{""en"":1.0}"
3-crosslingual,L2 Interaction,telecom,chinese,ZH,zh,agent,True,target_or_expected_language,2988,2988,114,0.0,0.0,0.0,1.0,zh_1.000,"{""zh"":1.0}"
3-crosslingual,L2 Interaction,telecom,chinese,ZH,zh,agent,True,transfer_or_system_template,290,290,89,1.0,1.0,0.996552,0.0,en_0.997|ja_0.003,"{""en"":0.996552,""ja"":0.003448}"
3-crosslingual,L2 Interaction,telecom,chinese,ZH,zh,user,False,early_turn,1,1,1,1.0,1.0,0.0,0.0,fr_1.000,"{""fr"":1.0}"
3-crosslingual,L2 Interaction,telecom,chinese,ZH,zh,user,False,other_or_detector_noise,9,9,8,1.0,1.0,0.444444,0.0,en_0.444|ja_0.333|be_0.111|la_0.111,"{""be"":0.111111,""en"":0.444444,""ja"":0.333333,""la"":0.111111}"
3-crosslingual,L2 Interaction,telecom,chinese,ZH,zh,user,False,target_or_expected_language,9127,9127,114,0.0,0.0,0.0,1.0,zh_1.000,"{""zh"":1.0}"
3-crosslingual,L2 Interaction,telecom,filipino,TL,tl,agent,False,early_turn,1369,1,114,1.0,1.0,1.0,0.0,en_1.000,"{""en"":1.0}"
3-crosslingual,L2 Interaction,telecom,filipino,TL,tl,agent,False,follows_user_drift,3,3,1,1.0,1.0,1.0,0.0,en_1.000,"{""en"":1.0}"
3-crosslingual,L2 Interaction,telecom,filipino,TL,tl,agent,False,other_or_detector_noise,39,39,17,1.0,1.0,1.0,0.0,en_1.000,"{""en"":1.0}"
3-crosslingual,L2 Interaction,telecom,filipino,TL,tl,agent,False,structured_tool_echo,4,4,4,1.0,1.0,1.0,0.0,en_1.000,"{""en"":1.0}"
3-crosslingual,L2 Interaction,telecom,filipino,TL,tl,agent,False,target_or_expected_language,6800,6800,114,0.0,0.0,0.0,1.0,tl_1.000,"{""tl"":1.0}"
3-crosslingual,L2 Interaction,telecom,filipino,TL,tl,agent,True,post_tool_response,31,31,24,1.0,1.0,1.0,0.0,en_1.000,"{""en"":1.0}"
3-crosslingual,L2 Interaction,telecom,filipino,TL,tl,agent,True,structured_tool_echo,5,5,5,1.0,1.0,1.0,0.0,en_1.000,"{""en"":1.0}"
3-crosslingual,L2 Interaction,telecom,filipino,TL,tl,agent,True,target_or_expected_language,3310,3310,114,0.0,0.0,0.0,1.0,tl_1.000,"{""tl"":1.0}"
3-crosslingual,L2 Interaction,telecom,filipino,TL,tl,agent,True,transfer_or_system_template,401,401,100,1.0,1.0,0.997506,0.0,en_0.998|ja_0.002,"{""en"":0.997506,""ja"":0.002494}"
3-crosslingual,L2 Interaction,telecom,filipino,TL,tl,user,False,continued_user_drift,16,16,9,1.0,1.0,0.875,0.0,en_0.875|fr_0.062|lt_0.062,"{""en"":0.875,""fr"":0.0625,""lt"":0.0625}"
3-crosslingual,L2 Interaction,telecom,filipino,TL,tl,user,False,early_turn,9,9,8,1.0,1.0,0.0,0.0,fr_0.444|hr_0.444|eo_0.111,"{""eo"":0.111111,""fr"":0.444444,""hr"":0.444444}"
3-crosslingual,L2 Interaction,telecom,filipino,TL,tl,user,False,follows_agent_drift,21,21,11,1.0,1.0,0.904762,0.0,en_0.905|id_0.048|ru_0.048,"{""en"":0.904762,""id"":0.047619,""ru"":0.047619}"
3-crosslingual,L2 Interaction,telecom,filipino,TL,tl,user,False,other_or_detector_noise,103,103,64,1.0,1.0,0.650485,0.0,en_0.650|ro_0.068|la_0.039|es_0.029|io_0.029|it_0.029|ilo_0.019|ms_0.019|br_0.010|ceb_0.010|de_0.010|fr_0.010|id_0.010|ja_0.010|ko_0.010|pl_0.010|pt_0.010|qu_0.010|sv_0.010|tr_0.010,"{""br"":0.009709,""ceb"":0.009709,""de"":0.009709,""en"":0.650485,""es"":0.029126,""fr"":0.009709,""id"":0.009709,""ilo"":0.019417,""io"":0.029126,""it"":0.029126,""ja"":0.009709,""ko"":0.009709,""la"":0.038835,""ms"":0.019417,""pl"":0.009709,""pt"":0.009709,""qu"":0.009709,""ro"":0.067961,""sv"":0.009709,""tr"":0.009709}"
3-crosslingual,L2 Interaction,telecom,filipino,TL,tl,user,False,target_or_expected_language,10676,10676,114,0.0,0.0,0.0,1.0,tl_1.000,"{""tl"":1.0}"
3-crosslingual,L2 Interaction,telecom,filipino,TL,tl,user,False,transfer_or_system_template,1,1,1,1.0,1.0,1.0,0.0,en_1.000,"{""en"":1.0}"
3-crosslingual,L2 Interaction,telecom,indonesian,ID,id,agent,False,early_turn,1022,0,114,1.0,0.0,0.0,0.0,,{}
3-crosslingual,L2 Interaction,telecom,indonesian,ID,id,agent,False,other_or_detector_noise,3,3,2,1.0,1.0,0.0,0.0,ms_1.000,"{""ms"":1.0}"
3-crosslingual,L2 Interaction,telecom,indonesian,ID,id,agent,False,target_or_expected_language,6423,6423,114,0.0,0.0,0.0,1.0,id_1.000,"{""id"":1.0}"
3-crosslingual,L2 Interaction,telecom,indonesian,ID,id,agent,True,post_tool_response,42,42,33,1.0,1.0,0.380952,0.0,zh_0.405|en_0.381|es_0.190|ja_0.024,"{""en"":0.380952,""es"":0.190476,""ja"":0.02381,""zh"":0.404762}"
3-crosslingual,L2 Interaction,telecom,indonesian,ID,id,agent,True,structured_tool_echo,2,2,2,1.0,1.0,0.0,0.0,ms_1.000,"{""ms"":1.0}"
3-crosslingual,L2 Interaction,telecom,indonesian,ID,id,agent,True,target_or_expected_language,2484,2484,114,0.0,0.0,0.0,1.0,id_1.000,"{""id"":1.0}"
3-crosslingual,L2 Interaction,telecom,indonesian,ID,id,agent,True,transfer_or_system_template,337,337,97,1.0,1.0,1.0,0.0,en_1.000,"{""en"":1.0}"
3-crosslingual,L2 Interaction,telecom,indonesian,ID,id,user,False,continued_user_drift,9,9,8,1.0,1.0,0.222222,0.0,ms_0.667|en_0.222|it_0.111,"{""en"":0.222222,""it"":0.111111,""ms"":0.666667}"
3-crosslingual,L2 Interaction,telecom,indonesian,ID,id,user,False,early_turn,1,1,1,1.0,1.0,0.0,0.0,ms_1.000,"{""ms"":1.0}"
3-crosslingual,L2 Interaction,telecom,indonesian,ID,id,user,False,other_or_detector_noise,75,75,46,1.0,1.0,0.186667,0.0,ms_0.693|en_0.187|bn_0.027|fi_0.013|it_0.013|ja_0.013|sr_0.013|sw_0.013|tl_0.013|tr_0.013,"{""bn"":0.026667,""en"":0.186667,""fi"":0.013333,""it"":0.013333,""ja"":0.013333,""ms"":0.693333,""sr"":0.013333,""sw"":0.013333,""tl"":0.013333,""tr"":0.013333}"
3-crosslingual,L2 Interaction,telecom,indonesian,ID,id,user,False,target_or_expected_language,10933,10933,114,0.0,0.0,0.0,1.0,id_1.000,"{""id"":1.0}"
3-crosslingual,L2 Interaction,telecom,indonesian,ID,id,user,False,transfer_or_system_template,5,5,4,1.0,1.0,1.0,0.0,en_1.000,"{""en"":1.0}"
3-crosslingual,L2 Interaction,telecom,thai,TH,th,agent,False,early_turn,1026,0,114,1.0,0.0,0.0,0.0,,{}
3-crosslingual,L2 Interaction,telecom,thai,TH,th,agent,False,other_or_detector_noise,2,2,1,1.0,1.0,1.0,0.0,en_1.000,"{""en"":1.0}"
3-crosslingual,L2 Interaction,telecom,thai,TH,th,agent,False,target_or_expected_language,4171,4171,114,0.0,0.0,0.0,1.0,th_1.000,"{""th"":1.0}"
3-crosslingual,L2 Interaction,telecom,thai,TH,th,agent,False,transfer_or_system_template,1,1,1,1.0,1.0,1.0,0.0,en_1.000,"{""en"":1.0}"
3-crosslingual,L2 Interaction,telecom,thai,TH,th,agent,True,post_tool_response,3,3,1,1.0,1.0,1.0,0.0,en_1.000,"{""en"":1.0}"
3-crosslingual,L2 Interaction,telecom,thai,TH,th,agent,True,target_or_expected_language,2724,2724,114,0.0,0.0,0.0,1.0,th_1.000,"{""th"":1.0}"
3-crosslingual,L2 Interaction,telecom,thai,TH,th,agent,True,transfer_or_system_template,394,394,107,1.0,1.0,1.0,0.0,en_1.000,"{""en"":1.0}"
3-crosslingual,L2 Interaction,telecom,thai,TH,th,user,False,continued_user_drift,2,2,2,1.0,1.0,0.5,0.0,en_0.500|ko_0.500,"{""en"":0.5,""ko"":0.5}"
3-crosslingual,L2 Interaction,telecom,thai,TH,th,user,False,other_or_detector_noise,5,5,4,1.0,1.0,0.2,0.0,ko_0.600|en_0.200|la_0.200,"{""en"":0.2,""ko"":0.6,""la"":0.2}"
3-crosslingual,L2 Interaction,telecom,thai,TH,th,user,False,target_or_expected_language,7792,7792,114,0.0,0.0,0.0,1.0,th_1.000,"{""th"":1.0}"
3-crosslingual,L2 Interaction,telecom,vietnamese,VI,vi,agent,False,early_turn,1025,0,114,1.0,0.0,0.0,0.0,,{}
3-crosslingual,L2 Interaction,telecom,vietnamese,VI,vi,agent,False,other_or_detector_noise,7,7,1,1.0,1.0,1.0,0.0,en_1.000,"{""en"":1.0}"
3-crosslingual,L2 Interaction,telecom,vietnamese,VI,vi,agent,False,target_or_expected_language,5613,5613,114,0.0,0.0,0.0,1.0,vi_1.000,"{""vi"":1.0}"
3-crosslingual,L2 Interaction,telecom,vietnamese,VI,vi,agent,True,post_tool_response,14,14,13,1.0,1.0,1.0,0.0,en_1.000,"{""en"":1.0}"
3-crosslingual,L2 Interaction,telecom,vietnamese,VI,vi,agent,True,target_or_expected_language,3236,3236,114,0.0,0.0,0.0,1.0,vi_1.000,"{""vi"":1.0}"
3-crosslingual,L2 Interaction,telecom,vietnamese,VI,vi,agent,True,transfer_or_system_template,346,346,105,1.0,1.0,1.0,0.0,en_1.000,"{""en"":1.0}"
3-crosslingual,L2 Interaction,telecom,vietnamese,VI,vi,user,False,continued_user_drift,10,10,1,1.0,1.0,0.0,0.0,ja_0.700|zh_0.200|id_0.100,"{""id"":0.1,""ja"":0.7,""zh"":0.2}"
3-crosslingual,L2 Interaction,telecom,vietnamese,VI,vi,user,False,other_or_detector_noise,13,13,6,1.0,1.0,0.230769,0.0,en_0.231|ja_0.154|ko_0.154|la_0.154|zh_0.154|fa_0.077|sv_0.077,"{""en"":0.230769,""fa"":0.076923,""ja"":0.153846,""ko"":0.153846,""la"":0.153846,""sv"":0.076923,""zh"":0.153846}"
3-crosslingual,L2 Interaction,telecom,vietnamese,VI,vi,user,False,target_or_expected_language,10023,10023,114,0.0,0.0,0.0,1.0,vi_1.000,"{""vi"":1.0}"
4-translated,L2 Domain,airline,chinese,ZH,zh,agent,False,structured_tool_echo,17,17,11,1.0,1.0,0.823529,0.0,en_0.824|ko_0.176,"{""en"":0.823529,""ko"":0.176471}"
4-translated,L2 Domain,airline,chinese,ZH,zh,agent,False,target_or_expected_language,1568,1568,50,0.0,0.0,0.0,1.0,zh_1.000,"{""zh"":1.0}"
4-translated,L2 Domain,airline,chinese,ZH,zh,agent,True,structured_tool_echo,16,16,10,1.0,1.0,1.0,0.0,en_1.000,"{""en"":1.0}"
4-translated,L2 Domain,airline,chinese,ZH,zh,agent,True,target_or_expected_language,1444,1444,50,0.0,0.0,0.0,1.0,zh_1.000,"{""zh"":1.0}"
4-translated,L2 Domain,airline,chinese,ZH,zh,user,False,early_turn,1,1,1,1.0,1.0,0.0,0.0,ko_1.000,"{""ko"":1.0}"
4-translated,L2 Domain,airline,chinese,ZH,zh,user,False,other_or_detector_noise,2,2,1,1.0,1.0,0.0,0.0,de_0.500|sr_0.500,"{""de"":0.5,""sr"":0.5}"
4-translated,L2 Domain,airline,chinese,ZH,zh,user,False,target_or_expected_language,2201,2201,50,0.0,0.0,0.0,1.0,zh_1.000,"{""zh"":1.0}"
4-translated,L2 Domain,airline,filipino,TL,tl,agent,False,structured_tool_echo,5,5,5,1.0,1.0,1.0,0.0,en_1.000,"{""en"":1.0}"
4-translated,L2 Domain,airline,filipino,TL,tl,agent,False,target_or_expected_language,1048,1048,50,0.0,0.0,0.0,1.0,tl_1.000,"{""tl"":1.0}"
4-translated,L2 Domain,airline,filipino,TL,tl,agent,False,transfer_or_system_template,2,2,2,1.0,1.0,1.0,0.0,en_1.000,"{""en"":1.0}"
4-translated,L2 Domain,airline,filipino,TL,tl,agent,True,post_tool_response,20,20,11,1.0,1.0,1.0,0.0,en_1.000,"{""en"":1.0}"
4-translated,L2 Domain,airline,filipino,TL,tl,agent,True,structured_tool_echo,4,4,4,1.0,1.0,1.0,0.0,en_1.000,"{""en"":1.0}"
4-translated,L2 Domain,airline,filipino,TL,tl,agent,True,target_or_expected_language,821,821,50,0.0,0.0,0.0,1.0,tl_1.000,"{""tl"":1.0}"
4-translated,L2 Domain,airline,filipino,TL,tl,agent,True,transfer_or_system_template,144,144,42,1.0,1.0,1.0,0.0,en_1.000,"{""en"":1.0}"
4-translated,L2 Domain,airline,filipino,TL,tl,user,False,continued_user_drift,7,7,5,1.0,1.0,0.571429,0.0,en_0.571|ja_0.286|id_0.143,"{""en"":0.571429,""id"":0.142857,""ja"":0.285714}"
4-translated,L2 Domain,airline,filipino,TL,tl,user,False,early_turn,23,23,10,1.0,1.0,0.347826,0.0,en_0.348|it_0.348|ca_0.304,"{""ca"":0.304348,""en"":0.347826,""it"":0.347826}"
4-translated,L2 Domain,airline,filipino,TL,tl,user,False,other_or_detector_noise,33,33,22,1.0,1.0,0.454545,0.0,en_0.455|es_0.061|it_0.061|la_0.061|lt_0.061|ceb_0.030|et_0.030|hr_0.030|hu_0.030|io_0.030|no_0.030|pl_0.030|ru_0.030|sah_0.030|si_0.030,"{""ceb"":0.030303,""en"":0.454545,""es"":0.060606,""et"":0.030303,""hr"":0.030303,""hu"":0.030303,""io"":0.030303,""it"":0.060606,""la"":0.060606,""lt"":0.060606,""no"":0.030303,""pl"":0.030303,""ru"":0.030303,""sah"":0.030303,""si"":0.030303}"
4-translated,L2 Domain,airline,filipino,TL,tl,user,False,target_or_expected_language,1640,1640,50,0.0,0.0,0.0,1.0,tl_1.000,"{""tl"":1.0}"
4-translated,L2 Domain,airline,filipino,TL,tl,user,False,transfer_or_system_template,1,1,1,1.0,1.0,1.0,0.0,en_1.000,"{""en"":1.0}"
4-translated,L2 Domain,airline,indonesian,ID,id,agent,False,structured_tool_echo,2,2,2,1.0,1.0,1.0,0.0,en_1.000,"{""en"":1.0}"
4-translated,L2 Domain,airline,indonesian,ID,id,agent,False,target_or_expected_language,1057,1057,50,0.0,0.0,0.0,1.0,id_1.000,"{""id"":1.0}"
4-translated,L2 Domain,airline,indonesian,ID,id,agent,True,post_tool_response,2,2,1,1.0,1.0,0.5,0.0,de_0.500|en_0.500,"{""de"":0.5,""en"":0.5}"
4-translated,L2 Domain,airline,indonesian,ID,id,agent,True,structured_tool_echo,10,10,8,1.0,1.0,0.9,0.0,en_0.900|it_0.100,"{""en"":0.9,""it"":0.1}"
4-translated,L2 Domain,airline,indonesian,ID,id,agent,True,target_or_expected_language,891,891,50,0.0,0.0,0.0,1.0,id_1.000,"{""id"":1.0}"
4-translated,L2 Domain,airline,indonesian,ID,id,agent,True,transfer_or_system_template,159,159,38,1.0,1.0,1.0,0.0,en_1.000,"{""en"":1.0}"
4-translated,L2 Domain,airline,indonesian,ID,id,user,False,continued_user_drift,9,9,4,1.0,1.0,0.222222,0.0,ja_0.556|en_0.222|es_0.111|sw_0.111,"{""en"":0.222222,""es"":0.111111,""ja"":0.555556,""sw"":0.111111}"
4-translated,L2 Domain,airline,indonesian,ID,id,user,False,early_turn,12,12,7,1.0,1.0,0.25,0.0,ca_0.417|en_0.250|ms_0.167|sw_0.167,"{""ca"":0.416667,""en"":0.25,""ms"":0.166667,""sw"":0.166667}"
4-translated,L2 Domain,airline,indonesian,ID,id,user,False,other_or_detector_noise,12,12,10,1.0,1.0,0.25,0.0,sw_0.333|en_0.250|ms_0.167|eo_0.083|fr_0.083|jv_0.083,"{""en"":0.25,""eo"":0.083333,""fr"":0.083333,""jv"":0.083333,""ms"":0.166667,""sw"":0.333333}"
4-translated,L2 Domain,airline,indonesian,ID,id,user,False,target_or_expected_language,1711,1711,50,0.0,0.0,0.0,1.0,id_1.000,"{""id"":1.0}"
4-translated,L2 Domain,airline,indonesian,ID,id,user,False,transfer_or_system_template,1,1,1,1.0,1.0,1.0,0.0,en_1.000,"{""en"":1.0}"
4-translated,L2 Domain,airline,thai,TH,th,agent,False,other_or_detector_noise,1,1,1,1.0,1.0,1.0,0.0,en_1.000,"{""en"":1.0}"
4-translated,L2 Domain,airline,thai,TH,th,agent,False,structured_tool_echo,1,1,1,1.0,1.0,1.0,0.0,en_1.000,"{""en"":1.0}"
4-translated,L2 Domain,airline,thai,TH,th,agent,False,target_or_expected_language,1481,1481,50,0.0,0.0,0.0,1.0,th_1.000,"{""th"":1.0}"
4-translated,L2 Domain,airline,thai,TH,th,agent,True,structured_tool_echo,1,1,1,1.0,1.0,1.0,0.0,en_1.000,"{""en"":1.0}"
4-translated,L2 Domain,airline,thai,TH,th,agent,True,target_or_expected_language,1412,1412,50,0.0,0.0,0.0,1.0,th_1.000,"{""th"":1.0}"
4-translated,L2 Domain,airline,thai,TH,th,agent,True,transfer_or_system_template,1,1,1,1.0,1.0,1.0,0.0,en_1.000,"{""en"":1.0}"
4-translated,L2 Domain,airline,thai,TH,th,user,False,early_turn,1,1,1,1.0,1.0,0.0,0.0,it_1.000,"{""it"":1.0}"
4-translated,L2 Domain,airline,thai,TH,th,user,False,other_or_detector_noise,3,3,3,1.0,1.0,1.0,0.0,en_1.000,"{""en"":1.0}"
4-translated,L2 Domain,airline,thai,TH,th,user,False,target_or_expected_language,2212,2212,50,0.0,0.0,0.0,1.0,th_1.000,"{""th"":1.0}"
4-translated,L2 Domain,airline,vietnamese,VI,vi,agent,False,structured_tool_echo,1,1,1,1.0,1.0,1.0,0.0,en_1.000,"{""en"":1.0}"
4-translated,L2 Domain,airline,vietnamese,VI,vi,agent,False,target_or_expected_language,1636,1636,50,0.0,0.0,0.0,1.0,vi_1.000,"{""vi"":1.0}"
4-translated,L2 Domain,airline,vietnamese,VI,vi,agent,True,post_tool_response,1,1,1,1.0,1.0,1.0,0.0,en_1.000,"{""en"":1.0}"
4-translated,L2 Domain,airline,vietnamese,VI,vi,agent,True,target_or_expected_language,1516,1516,50,0.0,0.0,0.0,1.0,vi_1.000,"{""vi"":1.0}"
4-translated,L2 Domain,airline,vietnamese,VI,vi,user,False,continued_user_drift,2,2,2,1.0,1.0,0.5,0.0,en_0.500|es_0.500,"{""en"":0.5,""es"":0.5}"
4-translated,L2 Domain,airline,vietnamese,VI,vi,user,False,early_turn,2,2,2,1.0,1.0,0.5,0.0,en_0.500|it_0.500,"{""en"":0.5,""it"":0.5}"
4-translated,L2 Domain,airline,vietnamese,VI,vi,user,False,other_or_detector_noise,5,5,4,1.0,1.0,0.2,0.0,ca_0.400|es_0.400|en_0.200,"{""ca"":0.4,""en"":0.2,""es"":0.4}"
4-translated,L2 Domain,airline,vietnamese,VI,vi,user,False,target_or_expected_language,2338,2338,50,0.0,0.0,0.0,1.0,vi_1.000,"{""vi"":1.0}"
4-translated,L2 Domain,retail,chinese,ZH,zh,agent,False,structured_tool_echo,10,10,9,1.0,1.0,0.9,0.0,en_0.900|ko_0.100,"{""en"":0.9,""ko"":0.1}"
4-translated,L2 Domain,retail,chinese,ZH,zh,agent,False,target_or_expected_language,3141,3141,114,0.0,0.0,0.0,1.0,zh_1.000,"{""zh"":1.0}"
4-translated,L2 Domain,retail,chinese,ZH,zh,agent,True,post_tool_response,2,2,2,1.0,1.0,0.5,0.0,en_0.500|ko_0.500,"{""en"":0.5,""ko"":0.5}"
4-translated,L2 Domain,retail,chinese,ZH,zh,agent,True,structured_tool_echo,53,53,39,1.0,1.0,0.981132,0.0,en_0.981|ko_0.019,"{""en"":0.981132,""ko"":0.018868}"
4-translated,L2 Domain,retail,chinese,ZH,zh,agent,True,target_or_expected_language,3784,3784,114,0.0,0.0,0.0,1.0,zh_1.000,"{""zh"":1.0}"
4-translated,L2 Domain,retail,chinese,ZH,zh,user,False,continued_user_drift,14,14,9,1.0,1.0,0.214286,0.0,fr_0.357|en_0.214|ja_0.214|de_0.071|es_0.071|uk_0.071,"{""de"":0.071429,""en"":0.214286,""es"":0.071429,""fr"":0.357143,""ja"":0.214286,""uk"":0.071429}"
4-translated,L2 Domain,retail,chinese,ZH,zh,user,False,early_turn,29,29,8,1.0,1.0,0.206897,0.0,de_0.483|en_0.207|ja_0.138|uk_0.103|fr_0.034|hu_0.034,"{""de"":0.482759,""en"":0.206897,""fr"":0.034483,""hu"":0.034483,""ja"":0.137931,""uk"":0.103448}"
4-translated,L2 Domain,retail,chinese,ZH,zh,user,False,follows_agent_drift,3,3,3,1.0,1.0,1.0,0.0,en_1.000,"{""en"":1.0}"
4-translated,L2 Domain,retail,chinese,ZH,zh,user,False,other_or_detector_noise,39,39,28,1.0,1.0,0.410256,0.0,en_0.410|ja_0.154|hu_0.103|fr_0.077|yue_0.077|ru_0.051|de_0.026|es_0.026|kn_0.026|sr_0.026|wuu_0.026,"{""de"":0.025641,""en"":0.410256,""es"":0.025641,""fr"":0.076923,""hu"":0.102564,""ja"":0.153846,""kn"":0.025641,""ru"":0.051282,""sr"":0.025641,""wuu"":0.025641,""yue"":0.076923}"
4-translated,L2 Domain,retail,chinese,ZH,zh,user,False,target_or_expected_language,5063,5063,114,0.0,0.0,0.0,1.0,zh_1.000,"{""zh"":1.0}"
4-translated,L2 Domain,retail,chinese,ZH,zh,user,False,transfer_or_system_template,1,1,1,1.0,1.0,1.0,0.0,en_1.000,"{""en"":1.0}"
4-translated,L2 Domain,retail,filipino,TL,tl,agent,False,follows_user_drift,1,1,1,1.0,1.0,1.0,0.0,en_1.000,"{""en"":1.0}"
4-translated,L2 Domain,retail,filipino,TL,tl,agent,False,other_or_detector_noise,12,12,12,1.0,1.0,1.0,0.0,en_1.000,"{""en"":1.0}"
4-translated,L2 Domain,retail,filipino,TL,tl,agent,False,structured_tool_echo,3,3,3,1.0,1.0,1.0,0.0,en_1.000,"{""en"":1.0}"
4-translated,L2 Domain,retail,filipino,TL,tl,agent,False,target_or_expected_language,3020,3020,114,0.0,0.0,0.0,1.0,tl_1.000,"{""tl"":1.0}"
4-translated,L2 Domain,retail,filipino,TL,tl,agent,True,post_tool_response,94,94,48,1.0,1.0,0.93617,0.0,en_0.936|ms_0.053|su_0.011,"{""en"":0.93617,""ms"":0.053191,""su"":0.010638}"
4-translated,L2 Domain,retail,filipino,TL,tl,agent,True,structured_tool_echo,1,1,1,1.0,1.0,1.0,0.0,en_1.000,"{""en"":1.0}"
4-translated,L2 Domain,retail,filipino,TL,tl,agent,True,target_or_expected_language,3137,3137,114,0.0,0.0,0.0,1.0,tl_1.000,"{""tl"":1.0}"
4-translated,L2 Domain,retail,filipino,TL,tl,agent,True,transfer_or_system_template,151,151,60,1.0,1.0,1.0,0.0,en_1.000,"{""en"":1.0}"
4-translated,L2 Domain,retail,filipino,TL,tl,user,False,continued_user_drift,40,40,20,1.0,1.0,0.375,0.0,en_0.375|fr_0.300|lt_0.125|nl_0.050|sh_0.050|ceb_0.025|gl_0.025|hu_0.025|la_0.025,"{""ceb"":0.025,""en"":0.375,""fr"":0.3,""gl"":0.025,""hu"":0.025,""la"":0.025,""lt"":0.125,""nl"":0.05,""sh"":0.05}"
4-translated,L2 Domain,retail,filipino,TL,tl,user,False,early_turn,83,83,27,1.0,1.0,0.710843,0.0,en_0.711|de_0.157|id_0.048|ru_0.036|ceb_0.012|es_0.012|it_0.012|ja_0.012,"{""ceb"":0.012048,""de"":0.156627,""en"":0.710843,""es"":0.012048,""id"":0.048193,""it"":0.012048,""ja"":0.012048,""ru"":0.036145}"
4-translated,L2 Domain,retail,filipino,TL,tl,user,False,follows_agent_drift,5,5,4,1.0,1.0,0.8,0.0,en_0.800|lt_0.200,"{""en"":0.8,""lt"":0.2}"
4-translated,L2 Domain,retail,filipino,TL,tl,user,False,other_or_detector_noise,168,168,74,1.0,1.0,0.452381,0.0,en_0.452|lt_0.143|ceb_0.071|id_0.060|ro_0.036|io_0.030|es_0.024|it_0.024|war_0.024|hr_0.018|ja_0.012|ms_0.012|ru_0.012|sh_0.012|als_0.006|bn_0.006|ca_0.006|gl_0.006|kk_0.006|la_0.006|lv_0.006|sco_0.006|so_0.006|sq_0.006|tr_0.006|ug_0.006,"{""als"":0.005952,""bn"":0.005952,""ca"":0.005952,""ceb"":0.071429,""en"":0.452381,""es"":0.02381,""gl"":0.005952,""hr"":0.017857,""id"":0.059524,""io"":0.029762,""it"":0.02381,""ja"":0.011905,""kk"":0.005952,""la"":0.005952,""lt"":0.142857,""lv"":0.005952,""ms"":0.011905,""ro"":0.035714,""ru"":0.011905,""sco"":0.005952,""sh"":0.011905,""so"":0.005952,""sq"":0.005952,""tr"":0.005952,""ug"":0.005952,""war"":0.02381}"
4-translated,L2 Domain,retail,filipino,TL,tl,user,False,target_or_expected_language,4815,4815,114,0.0,0.0,0.0,1.0,tl_1.000,"{""tl"":1.0}"
4-translated,L2 Domain,retail,filipino,TL,tl,user,False,transfer_or_system_template,6,6,6,1.0,1.0,0.666667,0.0,en_0.667|ja_0.167|sh_0.167,"{""en"":0.666667,""ja"":0.166667,""sh"":0.166667}"
4-translated,L2 Domain,retail,indonesian,ID,id,agent,False,other_or_detector_noise,1,1,1,1.0,1.0,0.0,0.0,ms_1.000,"{""ms"":1.0}"
4-translated,L2 Domain,retail,indonesian,ID,id,agent,False,structured_tool_echo,1,1,1,1.0,1.0,1.0,0.0,en_1.000,"{""en"":1.0}"
4-translated,L2 Domain,retail,indonesian,ID,id,agent,False,target_or_expected_language,3695,3695,114,0.0,0.0,0.0,1.0,id_1.000,"{""id"":1.0}"
4-translated,L2 Domain,retail,indonesian,ID,id,agent,True,post_tool_response,12,12,8,1.0,1.0,0.333333,0.0,ms_0.667|en_0.333,"{""en"":0.333333,""ms"":0.666667}"
4-translated,L2 Domain,retail,indonesian,ID,id,agent,True,structured_tool_echo,10,10,9,1.0,1.0,1.0,0.0,en_1.000,"{""en"":1.0}"
4-translated,L2 Domain,retail,indonesian,ID,id,agent,True,target_or_expected_language,4067,4067,114,0.0,0.0,0.0,1.0,id_1.000,"{""id"":1.0}"
4-translated,L2 Domain,retail,indonesian,ID,id,agent,True,transfer_or_system_template,231,231,59,1.0,1.0,1.0,0.0,en_1.000,"{""en"":1.0}"
4-translated,L2 Domain,retail,indonesian,ID,id,user,False,continued_user_drift,14,14,5,1.0,1.0,0.071429,0.0,fr_0.786|en_0.071|gu_0.071|nl_0.071,"{""en"":0.071429,""fr"":0.785714,""gu"":0.071429,""nl"":0.071429}"
4-translated,L2 Domain,retail,indonesian,ID,id,user,False,early_turn,68,68,18,1.0,1.0,0.514706,0.0,en_0.515|de_0.279|ms_0.162|es_0.029|ru_0.015,"{""de"":0.279412,""en"":0.514706,""es"":0.029412,""ms"":0.161765,""ru"":0.014706}"
4-translated,L2 Domain,retail,indonesian,ID,id,user,False,follows_agent_drift,1,1,1,1.0,1.0,0.0,0.0,tr_1.000,"{""tr"":1.0}"
4-translated,L2 Domain,retail,indonesian,ID,id,user,False,other_or_detector_noise,91,91,44,1.0,1.0,0.417582,0.0,en_0.418|ms_0.297|sw_0.132|de_0.033|it_0.033|sk_0.033|es_0.022|az_0.011|ru_0.011|tr_0.011,"{""az"":0.010989,""de"":0.032967,""en"":0.417582,""es"":0.021978,""it"":0.032967,""ms"":0.296703,""ru"":0.010989,""sk"":0.032967,""sw"":0.131868,""tr"":0.010989}"
4-translated,L2 Domain,retail,indonesian,ID,id,user,False,target_or_expected_language,6215,6215,114,0.0,0.0,0.0,1.0,id_1.000,"{""id"":1.0}"
4-translated,L2 Domain,retail,indonesian,ID,id,user,False,transfer_or_system_template,11,11,10,1.0,1.0,0.818182,0.0,en_0.818|eo_0.182,"{""en"":0.818182,""eo"":0.181818}"
4-translated,L2 Domain,retail,thai,TH,th,agent,False,structured_tool_echo,2,2,2,1.0,1.0,1.0,0.0,en_1.000,"{""en"":1.0}"
4-translated,L2 Domain,retail,thai,TH,th,agent,False,target_or_expected_language,2976,2976,114,0.0,0.0,0.0,1.0,th_1.000,"{""th"":1.0}"
4-translated,L2 Domain,retail,thai,TH,th,agent,True,post_tool_response,1,1,1,1.0,1.0,1.0,0.0,en_1.000,"{""en"":1.0}"
4-translated,L2 Domain,retail,thai,TH,th,agent,True,structured_tool_echo,4,4,4,1.0,1.0,1.0,0.0,en_1.000,"{""en"":1.0}"
4-translated,L2 Domain,retail,thai,TH,th,agent,True,target_or_expected_language,3423,3423,114,0.0,0.0,0.0,1.0,th_1.000,"{""th"":1.0}"
4-translated,L2 Domain,retail,thai,TH,th,user,False,continued_user_drift,1,1,1,1.0,1.0,1.0,0.0,en_1.000,"{""en"":1.0}"
4-translated,L2 Domain,retail,thai,TH,th,user,False,early_turn,13,13,3,1.0,1.0,0.0,0.0,de_0.846|it_0.077|ru_0.077,"{""de"":0.846154,""it"":0.076923,""ru"":0.076923}"
4-translated,L2 Domain,retail,thai,TH,th,user,False,follows_agent_drift,1,1,1,1.0,1.0,1.0,0.0,en_1.000,"{""en"":1.0}"
4-translated,L2 Domain,retail,thai,TH,th,user,False,other_or_detector_noise,10,10,5,1.0,1.0,0.8,0.0,en_0.800|ru_0.200,"{""en"":0.8,""ru"":0.2}"
4-translated,L2 Domain,retail,thai,TH,th,user,False,target_or_expected_language,4764,4764,114,0.0,0.0,0.0,1.0,th_1.000,"{""th"":1.0}"
4-translated,L2 Domain,retail,vietnamese,VI,vi,agent,False,target_or_expected_language,2751,2751,114,0.0,0.0,0.0,1.0,vi_1.000,"{""vi"":1.0}"
4-translated,L2 Domain,retail,vietnamese,VI,vi,agent,True,post_tool_response,3,3,3,1.0,1.0,1.0,0.0,en_1.000,"{""en"":1.0}"
4-translated,L2 Domain,retail,vietnamese,VI,vi,agent,True,structured_tool_echo,2,2,2,1.0,1.0,1.0,0.0,en_1.000,"{""en"":1.0}"
4-translated,L2 Domain,retail,vietnamese,VI,vi,agent,True,target_or_expected_language,3440,3440,114,0.0,0.0,0.0,1.0,vi_1.000,"{""vi"":1.0}"
4-translated,L2 Domain,retail,vietnamese,VI,vi,user,False,continued_user_drift,7,7,3,1.0,1.0,0.0,0.0,fr_1.000,"{""fr"":1.0}"
4-translated,L2 Domain,retail,vietnamese,VI,vi,user,False,early_turn,29,29,8,1.0,1.0,0.344828,0.0,en_0.345|de_0.310|ru_0.172|pl_0.069|uk_0.069|ca_0.034,"{""ca"":0.034483,""de"":0.310345,""en"":0.344828,""pl"":0.068966,""ru"":0.172414,""uk"":0.068966}"
4-translated,L2 Domain,retail,vietnamese,VI,vi,user,False,other_or_detector_noise,16,16,12,1.0,1.0,0.125,0.0,es_0.188|ca_0.125|en_0.125|eu_0.125|ru_0.125|fr_0.062|hu_0.062|it_0.062|uk_0.062|war_0.062,"{""ca"":0.125,""en"":0.125,""es"":0.1875,""eu"":0.125,""fr"":0.0625,""hu"":0.0625,""it"":0.0625,""ru"":0.125,""uk"":0.0625,""war"":0.0625}"
4-translated,L2 Domain,retail,vietnamese,VI,vi,user,False,target_or_expected_language,4641,4641,114,0.0,0.0,0.0,1.0,vi_1.000,"{""vi"":1.0}"
4-translated,L2 Domain,retail,vietnamese,VI,vi,user,False,transfer_or_system_template,1,1,1,1.0,1.0,1.0,0.0,en_1.000,"{""en"":1.0}"
4-translated,L2 Domain,telecom,chinese,ZH,zh,agent,False,other_or_detector_noise,3,3,3,1.0,1.0,1.0,0.0,en_1.000,"{""en"":1.0}"
4-translated,L2 Domain,telecom,chinese,ZH,zh,agent,False,structured_tool_echo,1039,1039,104,1.0,1.0,0.969201,0.0,en_0.969|ko_0.031,"{""en"":0.969201,""ko"":0.030799}"
4-translated,L2 Domain,telecom,chinese,ZH,zh,agent,False,target_or_expected_language,4503,4503,114,0.0,0.0,0.0,1.0,zh_1.000,"{""zh"":1.0}"
4-translated,L2 Domain,telecom,chinese,ZH,zh,agent,False,transfer_or_system_template,2,2,2,1.0,1.0,1.0,0.0,en_1.000,"{""en"":1.0}"
4-translated,L2 Domain,telecom,chinese,ZH,zh,agent,True,post_tool_response,9,9,8,1.0,1.0,1.0,0.0,en_1.000,"{""en"":1.0}"
4-translated,L2 Domain,telecom,chinese,ZH,zh,agent,True,structured_tool_echo,104,104,67,1.0,1.0,0.990385,0.0,en_0.990|ko_0.010,"{""en"":0.990385,""ko"":0.009615}"
4-translated,L2 Domain,telecom,chinese,ZH,zh,agent,True,target_or_expected_language,2713,2713,114,0.0,0.0,0.0,1.0,zh_1.000,"{""zh"":1.0}"
4-translated,L2 Domain,telecom,chinese,ZH,zh,user,False,follows_agent_drift,12,12,4,1.0,1.0,1.0,0.0,en_1.000,"{""en"":1.0}"
4-translated,L2 Domain,telecom,chinese,ZH,zh,user,False,other_or_detector_noise,6,6,5,1.0,1.0,1.0,0.0,en_1.000,"{""en"":1.0}"
4-translated,L2 Domain,telecom,chinese,ZH,zh,user,False,target_or_expected_language,7074,7074,114,0.0,0.0,0.0,1.0,zh_1.000,"{""zh"":1.0}"
4-translated,L2 Domain,telecom,filipino,TL,tl,agent,False,follows_user_drift,1,1,1,1.0,1.0,1.0,0.0,en_1.000,"{""en"":1.0}"
4-translated,L2 Domain,telecom,filipino,TL,tl,agent,False,other_or_detector_noise,9,9,9,1.0,1.0,0.777778,0.0,en_0.778|id_0.222,"{""en"":0.777778,""id"":0.222222}"
4-translated,L2 Domain,telecom,filipino,TL,tl,agent,False,structured_tool_echo,635,635,100,1.0,1.0,0.96063,0.0,en_0.961|ko_0.038|si_0.002,"{""en"":0.96063,""ko"":0.037795,""si"":0.001575}"
4-translated,L2 Domain,telecom,filipino,TL,tl,agent,False,target_or_expected_language,5983,5983,114,0.0,0.0,0.0,1.0,tl_1.000,"{""tl"":1.0}"
4-translated,L2 Domain,telecom,filipino,TL,tl,agent,False,transfer_or_system_template,1,1,1,1.0,1.0,1.0,0.0,en_1.000,"{""en"":1.0}"
4-translated,L2 Domain,telecom,filipino,TL,tl,agent,True,post_tool_response,4,4,4,1.0,1.0,1.0,0.0,en_1.000,"{""en"":1.0}"
4-translated,L2 Domain,telecom,filipino,TL,tl,agent,True,structured_tool_echo,75,75,51,1.0,1.0,1.0,0.0,en_1.000,"{""en"":1.0}"
4-translated,L2 Domain,telecom,filipino,TL,tl,agent,True,target_or_expected_language,2738,2738,114,0.0,0.0,0.0,1.0,tl_1.000,"{""tl"":1.0}"
4-translated,L2 Domain,telecom,filipino,TL,tl,agent,True,transfer_or_system_template,421,421,109,1.0,1.0,1.0,0.0,en_1.000,"{""en"":1.0}"
4-translated,L2 Domain,telecom,filipino,TL,tl,user,False,continued_user_drift,9,9,6,1.0,1.0,0.444444,0.0,en_0.444|de_0.111|io_0.111|kw_0.111|lo_0.111|ta_0.111,"{""de"":0.111111,""en"":0.444444,""io"":0.111111,""kw"":0.111111,""lo"":0.111111,""ta"":0.111111}"
4-translated,L2 Domain,telecom,filipino,TL,tl,user,False,early_turn,2,2,2,1.0,1.0,0.0,0.0,fr_0.500|hr_0.500,"{""fr"":0.5,""hr"":0.5}"
4-translated,L2 Domain,telecom,filipino,TL,tl,user,False,follows_agent_drift,8,8,6,1.0,1.0,1.0,0.0,en_1.000,"{""en"":1.0}"
4-translated,L2 Domain,telecom,filipino,TL,tl,user,False,other_or_detector_noise,77,77,45,1.0,1.0,0.636364,0.0,en_0.636|fr_0.078|ceb_0.052|io_0.052|ro_0.039|id_0.026|cs_0.013|de_0.013|ie_0.013|ja_0.013|kw_0.013|lt_0.013|pt_0.013|ru_0.013|sh_0.013,"{""ceb"":0.051948,""cs"":0.012987,""de"":0.012987,""en"":0.636364,""fr"":0.077922,""id"":0.025974,""ie"":0.012987,""io"":0.051948,""ja"":0.012987,""kw"":0.012987,""lt"":0.012987,""pt"":0.012987,""ro"":0.038961,""ru"":0.012987,""sh"":0.012987}"
4-translated,L2 Domain,telecom,filipino,TL,tl,user,False,target_or_expected_language,9258,9258,114,0.0,0.0,0.0,1.0,tl_1.000,"{""tl"":1.0}"
4-translated,L2 Domain,telecom,filipino,TL,tl,user,False,transfer_or_system_template,8,8,8,1.0,1.0,0.625,0.0,en_0.625|es_0.250|zh_0.125,"{""en"":0.625,""es"":0.25,""zh"":0.125}"
4-translated,L2 Domain,telecom,indonesian,ID,id,agent,False,structured_tool_echo,42,42,14,1.0,1.0,1.0,0.0,en_1.000,"{""en"":1.0}"
4-translated,L2 Domain,telecom,indonesian,ID,id,agent,False,target_or_expected_language,6968,6968,114,0.0,0.0,0.0,1.0,id_1.000,"{""id"":1.0}"
4-translated,L2 Domain,telecom,indonesian,ID,id,agent,True,post_tool_response,30,30,24,1.0,1.0,0.066667,0.0,es_0.867|en_0.067|ms_0.067,"{""en"":0.066667,""es"":0.866667,""ms"":0.066667}"
4-translated,L2 Domain,telecom,indonesian,ID,id,agent,True,structured_tool_echo,10,10,9,1.0,1.0,0.8,0.0,en_0.800|ms_0.200,"{""en"":0.8,""ms"":0.2}"
4-translated,L2 Domain,telecom,indonesian,ID,id,agent,True,target_or_expected_language,2778,2778,114,0.0,0.0,0.0,1.0,id_1.000,"{""id"":1.0}"
4-translated,L2 Domain,telecom,indonesian,ID,id,user,False,continued_user_drift,5,5,4,1.0,1.0,0.0,0.0,ms_1.000,"{""ms"":1.0}"
4-translated,L2 Domain,telecom,indonesian,ID,id,user,False,early_turn,1,1,1,1.0,1.0,0.0,0.0,ms_1.000,"{""ms"":1.0}"
4-translated,L2 Domain,telecom,indonesian,ID,id,user,False,other_or_detector_noise,62,62,43,1.0,1.0,0.048387,0.0,ms_0.871|en_0.048|it_0.032|fr_0.016|jv_0.016|pl_0.016,"{""en"":0.048387,""fr"":0.016129,""it"":0.032258,""jv"":0.016129,""ms"":0.870968,""pl"":0.016129}"
4-translated,L2 Domain,telecom,indonesian,ID,id,user,False,target_or_expected_language,10111,10111,114,0.0,0.0,0.0,1.0,id_1.000,"{""id"":1.0}"
4-translated,L2 Domain,telecom,thai,TH,th,agent,False,other_or_detector_noise,6,6,3,1.0,1.0,0.5,0.0,en_0.500|zh_0.500,"{""en"":0.5,""zh"":0.5}"
4-translated,L2 Domain,telecom,thai,TH,th,agent,False,structured_tool_echo,512,512,78,1.0,1.0,0.970703,0.0,en_0.971|ko_0.025|si_0.002|zh_0.002,"{""en"":0.970703,""ko"":0.025391,""si"":0.001953,""zh"":0.001953}"
4-translated,L2 Domain,telecom,thai,TH,th,agent,False,target_or_expected_language,6132,6132,114,0.0,0.0,0.0,1.0,th_1.000,"{""th"":1.0}"
4-translated,L2 Domain,telecom,thai,TH,th,agent,True,structured_tool_echo,63,63,46,1.0,1.0,0.984127,0.0,en_0.984|mk_0.016,"{""en"":0.984127,""mk"":0.015873}"
4-translated,L2 Domain,telecom,thai,TH,th,agent,True,target_or_expected_language,2996,2996,114,0.0,0.0,0.0,1.0,th_1.000,"{""th"":1.0}"
4-translated,L2 Domain,telecom,thai,TH,th,agent,True,transfer_or_system_template,1,1,1,1.0,1.0,1.0,0.0,en_1.000,"{""en"":1.0}"
4-translated,L2 Domain,telecom,thai,TH,th,user,False,early_turn,2,2,2,1.0,1.0,0.0,0.0,fr_0.500|sv_0.500,"{""fr"":0.5,""sv"":0.5}"
4-translated,L2 Domain,telecom,thai,TH,th,user,False,follows_agent_drift,6,6,4,1.0,1.0,1.0,0.0,en_1.000,"{""en"":1.0}"
4-translated,L2 Domain,telecom,thai,TH,th,user,False,other_or_detector_noise,3,3,3,1.0,1.0,0.0,0.0,zh_0.667|ko_0.333,"{""ko"":0.333333,""zh"":0.666667}"
4-translated,L2 Domain,telecom,thai,TH,th,user,False,target_or_expected_language,10097,10097,114,0.0,0.0,0.0,1.0,th_1.000,"{""th"":1.0}"
4-translated,L2 Domain,telecom,vietnamese,VI,vi,agent,False,structured_tool_echo,185,185,36,1.0,1.0,0.989189,0.0,en_0.989|ko_0.011,"{""en"":0.989189,""ko"":0.010811}"
4-translated,L2 Domain,telecom,vietnamese,VI,vi,agent,False,target_or_expected_language,4338,4338,114,0.0,0.0,0.0,1.0,vi_1.000,"{""vi"":1.0}"
4-translated,L2 Domain,telecom,vietnamese,VI,vi,agent,False,transfer_or_system_template,6,6,6,1.0,1.0,1.0,0.0,en_1.000,"{""en"":1.0}"
4-translated,L2 Domain,telecom,vietnamese,VI,vi,agent,True,post_tool_response,2,2,2,1.0,1.0,1.0,0.0,en_1.000,"{""en"":1.0}"
4-translated,L2 Domain,telecom,vietnamese,VI,vi,agent,True,structured_tool_echo,23,23,18,1.0,1.0,0.956522,0.0,en_0.957|la_0.043,"{""en"":0.956522,""la"":0.043478}"
4-translated,L2 Domain,telecom,vietnamese,VI,vi,agent,True,target_or_expected_language,1598,1598,113,0.0,0.0,0.0,1.0,vi_1.000,"{""vi"":1.0}"
4-translated,L2 Domain,telecom,vietnamese,VI,vi,agent,True,transfer_or_system_template,370,370,104,1.0,1.0,1.0,0.0,en_1.000,"{""en"":1.0}"
4-translated,L2 Domain,telecom,vietnamese,VI,vi,user,False,follows_agent_drift,2,2,1,1.0,1.0,1.0,0.0,en_1.000,"{""en"":1.0}"
4-translated,L2 Domain,telecom,vietnamese,VI,vi,user,False,other_or_detector_noise,3,3,3,1.0,1.0,1.0,0.0,en_1.000,"{""en"":1.0}"
4-translated,L2 Domain,telecom,vietnamese,VI,vi,user,False,target_or_expected_language,8003,8003,114,0.0,0.0,0.0,1.0,vi_1.000,"{""vi"":1.0}"
