scenario,scenario_label,role,turn_idx,turn_count,non_target_turn_count,non_target_share
l2_domain,L2 Domain,agent,0,12465,0,0.0
l2_domain,L2 Domain,agent,2,10565,2,0.000189
l2_domain,L2 Domain,agent,4,2104,27,0.012833
l2_domain,L2 Domain,agent,5,8,0,0.0
l2_domain,L2 Domain,agent,6,3780,132,0.034921
l2_domain,L2 Domain,agent,7,80,1,0.0125
l2_domain,L2 Domain,agent,8,2674,125,0.046746
l2_domain,L2 Domain,agent,9,190,4,0.021053
l2_domain,L2 Domain,agent,10,4035,218,0.054027
l2_domain,L2 Domain,agent,11,363,10,0.027548
l2_domain,L2 Domain,agent,12,4279,170,0.039729
l2_domain,L2 Domain,agent,13,520,15,0.028846
l2_domain,L2 Domain,agent,14,4506,201,0.044607
l2_domain,L2 Domain,agent,15,561,17,0.030303
l2_domain,L2 Domain,agent,16,4174,197,0.047197
l2_domain,L2 Domain,agent,17,537,15,0.027933
l2_domain,L2 Domain,agent,18,3796,177,0.046628
l2_domain,L2 Domain,agent,19,501,25,0.0499
l2_domain,L2 Domain,agent,20,3494,174,0.0498
l2_domain,L2 Domain,agent,21,425,8,0.018824
l2_domain,L2 Domain,agent,22,3093,177,0.057226
l2_domain,L2 Domain,agent,23,355,15,0.042254
l2_domain,L2 Domain,agent,24,2710,182,0.067159
l2_domain,L2 Domain,agent,25,323,10,0.03096
l2_domain,L2 Domain,agent,26,2397,170,0.070922
l2_domain,L2 Domain,agent,27,238,8,0.033613
l2_domain,L2 Domain,agent,28,2091,144,0.068867
l2_domain,L2 Domain,agent,29,210,5,0.02381
l2_domain,L2 Domain,agent,30,1811,152,0.083932
l2_domain,L2 Domain,agent,31,182,4,0.021978
l2_domain,L2 Domain,agent,32,1662,146,0.087846
l2_domain,L2 Domain,agent,33,155,6,0.03871
l2_domain,L2 Domain,agent,34,1511,155,0.102581
l2_domain,L2 Domain,agent,35,138,10,0.072464
l2_domain,L2 Domain,agent,36,1329,141,0.106095
l2_domain,L2 Domain,agent,37,127,3,0.023622
l2_domain,L2 Domain,agent,38,1227,96,0.07824
l2_domain,L2 Domain,agent,39,107,5,0.046729
l2_domain,L2 Domain,agent,40,1157,109,0.094209
l2_domain,L2 Domain,agent,41,99,1,0.010101
l2_domain,L2 Domain,agent,42,1080,103,0.09537
l2_domain,L2 Domain,agent,43,90,1,0.011111
l2_domain,L2 Domain,agent,44,978,94,0.096115
l2_domain,L2 Domain,agent,45,78,4,0.051282
l2_domain,L2 Domain,agent,46,912,81,0.088816
l2_domain,L2 Domain,agent,47,69,1,0.014493
l2_domain,L2 Domain,agent,48,869,99,0.113924
l2_domain,L2 Domain,agent,49,70,0,0.0
l2_domain,L2 Domain,agent,50,748,82,0.109626
l2_domain,L2 Domain,agent,51,57,0,0.0
l2_domain,L2 Domain,agent,52,719,74,0.102921
l2_domain,L2 Domain,agent,53,64,1,0.015625
l2_domain,L2 Domain,agent,54,640,68,0.10625
l2_domain,L2 Domain,agent,55,49,1,0.020408
l2_domain,L2 Domain,agent,56,569,63,0.110721
l2_domain,L2 Domain,agent,57,51,2,0.039216
l2_domain,L2 Domain,agent,58,528,63,0.119318
l2_domain,L2 Domain,agent,59,51,2,0.039216
l2_domain,L2 Domain,agent,60,503,46,0.091451
l2_domain,L2 Domain,agent,61,47,0,0.0
l2_domain,L2 Domain,agent,62,463,66,0.142549
l2_domain,L2 Domain,agent,63,42,0,0.0
l2_domain,L2 Domain,agent,64,428,50,0.116822
l2_domain,L2 Domain,agent,65,36,1,0.027778
l2_domain,L2 Domain,agent,66,403,57,0.141439
l2_domain,L2 Domain,agent,67,36,1,0.027778
l2_domain,L2 Domain,agent,68,365,56,0.153425
l2_domain,L2 Domain,agent,69,35,3,0.085714
l2_domain,L2 Domain,agent,70,318,40,0.125786
l2_domain,L2 Domain,agent,71,31,0,0.0
l2_domain,L2 Domain,agent,72,288,46,0.159722
l2_domain,L2 Domain,agent,73,24,0,0.0
l2_domain,L2 Domain,agent,74,265,29,0.109434
l2_domain,L2 Domain,agent,75,23,1,0.043478
l2_domain,L2 Domain,agent,76,255,36,0.141176
l2_domain,L2 Domain,agent,77,22,0,0.0
l2_domain,L2 Domain,agent,78,242,36,0.14876
l2_domain,L2 Domain,agent,79,26,0,0.0
l2_domain,L2 Domain,agent,80,198,21,0.106061
l2_domain,L2 Domain,agent,81,15,1,0.066667
l2_domain,L2 Domain,agent,82,169,15,0.088757
l2_domain,L2 Domain,agent,83,19,1,0.052632
l2_domain,L2 Domain,agent,84,144,23,0.159722
l2_domain,L2 Domain,agent,85,15,2,0.133333
l2_domain,L2 Domain,agent,86,134,22,0.164179
l2_domain,L2 Domain,agent,87,16,1,0.0625
l2_domain,L2 Domain,agent,88,110,22,0.2
l2_domain,L2 Domain,agent,89,8,0,0.0
l2_domain,L2 Domain,agent,90,85,17,0.2
l2_domain,L2 Domain,agent,91,15,2,0.133333
l2_domain,L2 Domain,agent,92,84,12,0.142857
l2_domain,L2 Domain,agent,93,3,0,0.0
l2_domain,L2 Domain,agent,94,77,17,0.220779
l2_domain,L2 Domain,agent,95,8,0,0.0
l2_domain,L2 Domain,agent,96,63,6,0.095238
l2_domain,L2 Domain,agent,97,10,2,0.2
l2_domain,L2 Domain,agent,98,60,9,0.15
l2_domain,L2 Domain,agent,99,3,0,0.0
l2_domain,L2 Domain,agent,100,43,5,0.116279
l2_domain,L2 Domain,agent,101,2,1,0.5
l2_domain,L2 Domain,agent,102,37,9,0.243243
l2_domain,L2 Domain,agent,103,2,1,0.5
l2_domain,L2 Domain,agent,104,48,8,0.166667
l2_domain,L2 Domain,agent,106,32,4,0.125
l2_domain,L2 Domain,agent,107,2,1,0.5
l2_domain,L2 Domain,agent,108,31,3,0.096774
l2_domain,L2 Domain,agent,109,3,0,0.0
l2_domain,L2 Domain,agent,110,25,4,0.16
l2_domain,L2 Domain,agent,111,1,0,0.0
l2_domain,L2 Domain,agent,112,28,8,0.285714
l2_domain,L2 Domain,agent,113,2,0,0.0
l2_domain,L2 Domain,agent,114,20,2,0.1
l2_domain,L2 Domain,agent,115,1,0,0.0
l2_domain,L2 Domain,agent,116,23,4,0.173913
l2_domain,L2 Domain,agent,117,1,0,0.0
l2_domain,L2 Domain,agent,118,12,1,0.083333
l2_domain,L2 Domain,agent,119,1,0,0.0
l2_domain,L2 Domain,agent,120,16,4,0.25
l2_domain,L2 Domain,agent,121,2,0,0.0
l2_domain,L2 Domain,agent,122,12,3,0.25
l2_domain,L2 Domain,agent,123,3,1,0.333333
l2_domain,L2 Domain,agent,124,9,0,0.0
l2_domain,L2 Domain,agent,125,1,0,0.0
l2_domain,L2 Domain,agent,126,12,1,0.083333
l2_domain,L2 Domain,agent,127,1,0,0.0
l2_domain,L2 Domain,agent,128,17,1,0.058824
l2_domain,L2 Domain,agent,129,1,0,0.0
l2_domain,L2 Domain,agent,130,10,2,0.2
l2_domain,L2 Domain,agent,132,13,4,0.307692
l2_domain,L2 Domain,agent,133,1,0,0.0
l2_domain,L2 Domain,agent,134,8,2,0.25
l2_domain,L2 Domain,agent,135,1,0,0.0
l2_domain,L2 Domain,agent,136,8,1,0.125
l2_domain,L2 Domain,agent,138,7,3,0.428571
l2_domain,L2 Domain,agent,140,7,2,0.285714
l2_domain,L2 Domain,agent,142,8,2,0.25
l2_domain,L2 Domain,agent,144,7,2,0.285714
l2_domain,L2 Domain,agent,146,7,1,0.142857
l2_domain,L2 Domain,agent,148,7,1,0.142857
l2_domain,L2 Domain,agent,150,7,2,0.285714
l2_domain,L2 Domain,agent,152,4,1,0.25
l2_domain,L2 Domain,agent,154,5,2,0.4
l2_domain,L2 Domain,agent,156,4,0,0.0
l2_domain,L2 Domain,agent,158,5,1,0.2
l2_domain,L2 Domain,agent,160,4,1,0.25
l2_domain,L2 Domain,agent,162,6,1,0.166667
l2_domain,L2 Domain,agent,164,3,0,0.0
l2_domain,L2 Domain,agent,166,4,0,0.0
l2_domain,L2 Domain,agent,168,6,1,0.166667
l2_domain,L2 Domain,agent,170,5,1,0.2
l2_domain,L2 Domain,agent,172,6,1,0.166667
l2_domain,L2 Domain,agent,174,6,1,0.166667
l2_domain,L2 Domain,agent,176,4,1,0.25
l2_domain,L2 Domain,agent,178,4,1,0.25
l2_domain,L2 Domain,agent,180,4,1,0.25
l2_domain,L2 Domain,agent,182,5,1,0.2
l2_domain,L2 Domain,agent,184,5,1,0.2
l2_domain,L2 Domain,agent,186,4,1,0.25
l2_domain,L2 Domain,agent,188,4,1,0.25
l2_domain,L2 Domain,agent,190,5,1,0.2
l2_domain,L2 Domain,agent,192,4,1,0.25
l2_domain,L2 Domain,agent,194,4,1,0.25
l2_domain,L2 Domain,agent,196,3,0,0.0
l2_domain,L2 Domain,agent,198,3,0,0.0
l2_domain,L2 Domain,agent,200,3,0,0.0
l2_domain,L2 Domain,agent,202,2,1,0.5
l2_domain,L2 Domain,user,1,12465,4,0.000321
l2_domain,L2 Domain,user,3,8637,233,0.026977
l2_domain,L2 Domain,user,5,1476,41,0.027778
l2_domain,L2 Domain,user,6,12,0,0.0
l2_domain,L2 Domain,user,7,2178,60,0.027548
l2_domain,L2 Domain,user,8,64,2,0.03125
l2_domain,L2 Domain,user,9,2236,27,0.012075
l2_domain,L2 Domain,user,10,115,1,0.008696
l2_domain,L2 Domain,user,11,2472,27,0.010922
l2_domain,L2 Domain,user,12,260,5,0.019231
l2_domain,L2 Domain,user,13,3318,39,0.011754
l2_domain,L2 Domain,user,14,399,10,0.025063
l2_domain,L2 Domain,user,15,3805,38,0.009987
l2_domain,L2 Domain,user,16,440,9,0.020455
l2_domain,L2 Domain,user,17,3570,43,0.012045
l2_domain,L2 Domain,user,18,382,2,0.005236
l2_domain,L2 Domain,user,19,3253,31,0.00953
l2_domain,L2 Domain,user,20,372,10,0.026882
l2_domain,L2 Domain,user,21,3151,31,0.009838
l2_domain,L2 Domain,user,22,317,6,0.018927
l2_domain,L2 Domain,user,23,2827,36,0.012734
l2_domain,L2 Domain,user,24,297,4,0.013468
l2_domain,L2 Domain,user,25,2546,26,0.010212
l2_domain,L2 Domain,user,26,274,7,0.025547
l2_domain,L2 Domain,user,27,2135,23,0.010773
l2_domain,L2 Domain,user,28,219,2,0.009132
l2_domain,L2 Domain,user,29,2012,26,0.012922
l2_domain,L2 Domain,user,30,200,2,0.01
l2_domain,L2 Domain,user,31,1853,16,0.008635
l2_domain,L2 Domain,user,32,170,5,0.029412
l2_domain,L2 Domain,user,33,1654,21,0.012696
l2_domain,L2 Domain,user,34,139,2,0.014388
l2_domain,L2 Domain,user,35,1516,12,0.007916
l2_domain,L2 Domain,user,36,145,2,0.013793
l2_domain,L2 Domain,user,37,1388,7,0.005043
l2_domain,L2 Domain,user,38,125,3,0.024
l2_domain,L2 Domain,user,39,1398,6,0.004292
l2_domain,L2 Domain,user,40,123,0,0.0
l2_domain,L2 Domain,user,41,1251,5,0.003997
l2_domain,L2 Domain,user,42,116,1,0.008621
l2_domain,L2 Domain,user,43,1191,6,0.005038
l2_domain,L2 Domain,user,44,91,1,0.010989
l2_domain,L2 Domain,user,45,1081,6,0.00555
l2_domain,L2 Domain,user,46,101,1,0.009901
l2_domain,L2 Domain,user,47,967,5,0.005171
l2_domain,L2 Domain,user,48,91,0,0.0
l2_domain,L2 Domain,user,49,901,6,0.006659
l2_domain,L2 Domain,user,50,79,0,0.0
l2_domain,L2 Domain,user,51,791,3,0.003793
l2_domain,L2 Domain,user,52,72,0,0.0
l2_domain,L2 Domain,user,53,752,4,0.005319
l2_domain,L2 Domain,user,54,65,0,0.0
l2_domain,L2 Domain,user,55,682,3,0.004399
l2_domain,L2 Domain,user,56,69,0,0.0
l2_domain,L2 Domain,user,57,609,2,0.003284
l2_domain,L2 Domain,user,58,63,0,0.0
l2_domain,L2 Domain,user,59,578,3,0.00519
l2_domain,L2 Domain,user,60,66,0,0.0
l2_domain,L2 Domain,user,61,527,5,0.009488
l2_domain,L2 Domain,user,62,58,0,0.0
l2_domain,L2 Domain,user,63,487,3,0.00616
l2_domain,L2 Domain,user,64,47,0,0.0
l2_domain,L2 Domain,user,65,464,3,0.006466
l2_domain,L2 Domain,user,66,52,0,0.0
l2_domain,L2 Domain,user,67,388,7,0.018041
l2_domain,L2 Domain,user,68,32,0,0.0
l2_domain,L2 Domain,user,69,386,0,0.0
l2_domain,L2 Domain,user,70,30,0,0.0
l2_domain,L2 Domain,user,71,324,3,0.009259
l2_domain,L2 Domain,user,72,29,1,0.034483
l2_domain,L2 Domain,user,73,300,4,0.013333
l2_domain,L2 Domain,user,74,32,2,0.0625
l2_domain,L2 Domain,user,75,253,0,0.0
l2_domain,L2 Domain,user,76,33,1,0.030303
l2_domain,L2 Domain,user,77,231,4,0.017316
l2_domain,L2 Domain,user,78,23,0,0.0
l2_domain,L2 Domain,user,79,218,2,0.009174
l2_domain,L2 Domain,user,80,23,0,0.0
l2_domain,L2 Domain,user,81,181,2,0.01105
l2_domain,L2 Domain,user,82,23,0,0.0
l2_domain,L2 Domain,user,83,171,4,0.023392
l2_domain,L2 Domain,user,84,20,1,0.05
l2_domain,L2 Domain,user,85,143,2,0.013986
l2_domain,L2 Domain,user,86,17,0,0.0
l2_domain,L2 Domain,user,87,105,3,0.028571
l2_domain,L2 Domain,user,88,19,0,0.0
l2_domain,L2 Domain,user,89,110,3,0.027273
l2_domain,L2 Domain,user,90,11,0,0.0
l2_domain,L2 Domain,user,91,94,1,0.010638
l2_domain,L2 Domain,user,92,8,1,0.125
l2_domain,L2 Domain,user,93,80,1,0.0125
l2_domain,L2 Domain,user,94,11,0,0.0
l2_domain,L2 Domain,user,95,64,1,0.015625
l2_domain,L2 Domain,user,96,9,0,0.0
l2_domain,L2 Domain,user,97,47,1,0.021277
l2_domain,L2 Domain,user,98,3,0,0.0
l2_domain,L2 Domain,user,99,51,1,0.019608
l2_domain,L2 Domain,user,100,3,0,0.0
l2_domain,L2 Domain,user,101,46,0,0.0
l2_domain,L2 Domain,user,102,3,0,0.0
l2_domain,L2 Domain,user,103,44,0,0.0
l2_domain,L2 Domain,user,104,2,1,0.5
l2_domain,L2 Domain,user,105,28,0,0.0
l2_domain,L2 Domain,user,106,2,0,0.0
l2_domain,L2 Domain,user,107,37,1,0.027027
l2_domain,L2 Domain,user,108,1,0,0.0
l2_domain,L2 Domain,user,109,25,0,0.0
l2_domain,L2 Domain,user,110,2,0,0.0
l2_domain,L2 Domain,user,111,28,0,0.0
l2_domain,L2 Domain,user,112,3,0,0.0
l2_domain,L2 Domain,user,113,20,0,0.0
l2_domain,L2 Domain,user,114,2,0,0.0
l2_domain,L2 Domain,user,115,25,1,0.04
l2_domain,L2 Domain,user,117,16,0,0.0
l2_domain,L2 Domain,user,118,2,0,0.0
l2_domain,L2 Domain,user,119,12,0,0.0
l2_domain,L2 Domain,user,120,1,0,0.0
l2_domain,L2 Domain,user,121,15,0,0.0
l2_domain,L2 Domain,user,123,9,0,0.0
l2_domain,L2 Domain,user,124,2,0,0.0
l2_domain,L2 Domain,user,125,15,1,0.066667
l2_domain,L2 Domain,user,126,1,0,0.0
l2_domain,L2 Domain,user,127,13,0,0.0
l2_domain,L2 Domain,user,129,13,2,0.153846
l2_domain,L2 Domain,user,130,1,0,0.0
l2_domain,L2 Domain,user,131,10,0,0.0
l2_domain,L2 Domain,user,132,1,0,0.0
l2_domain,L2 Domain,user,133,9,0,0.0
l2_domain,L2 Domain,user,134,1,0,0.0
l2_domain,L2 Domain,user,135,6,0,0.0
l2_domain,L2 Domain,user,136,1,0,0.0
l2_domain,L2 Domain,user,137,8,0,0.0
l2_domain,L2 Domain,user,139,7,0,0.0
l2_domain,L2 Domain,user,141,7,0,0.0
l2_domain,L2 Domain,user,143,7,0,0.0
l2_domain,L2 Domain,user,145,7,1,0.142857
l2_domain,L2 Domain,user,147,8,0,0.0
l2_domain,L2 Domain,user,149,6,0,0.0
l2_domain,L2 Domain,user,151,4,0,0.0
l2_domain,L2 Domain,user,153,5,0,0.0
l2_domain,L2 Domain,user,155,6,0,0.0
l2_domain,L2 Domain,user,157,6,0,0.0
l2_domain,L2 Domain,user,159,5,0,0.0
l2_domain,L2 Domain,user,161,3,0,0.0
l2_domain,L2 Domain,user,163,3,0,0.0
l2_domain,L2 Domain,user,165,4,0,0.0
l2_domain,L2 Domain,user,167,5,0,0.0
l2_domain,L2 Domain,user,169,6,0,0.0
l2_domain,L2 Domain,user,171,5,1,0.2
l2_domain,L2 Domain,user,173,6,0,0.0
l2_domain,L2 Domain,user,175,4,0,0.0
l2_domain,L2 Domain,user,177,4,0,0.0
l2_domain,L2 Domain,user,179,4,0,0.0
l2_domain,L2 Domain,user,181,5,0,0.0
l2_domain,L2 Domain,user,183,5,0,0.0
l2_domain,L2 Domain,user,185,4,0,0.0
l2_domain,L2 Domain,user,187,4,0,0.0
l2_domain,L2 Domain,user,189,5,0,0.0
l2_domain,L2 Domain,user,191,4,0,0.0
l2_domain,L2 Domain,user,193,4,0,0.0
l2_domain,L2 Domain,user,195,4,0,0.0
l2_domain,L2 Domain,user,197,3,0,0.0
l2_domain,L2 Domain,user,199,4,0,0.0
l2_domain,L2 Domain,user,201,1,0,0.0
l2_interaction,L2 Interaction,agent,2,11325,50,0.004415
l2_interaction,L2 Interaction,agent,4,1565,35,0.022364
l2_interaction,L2 Interaction,agent,5,7,0,0.0
l2_interaction,L2 Interaction,agent,6,4086,85,0.020803
l2_interaction,L2 Interaction,agent,7,74,4,0.054054
l2_interaction,L2 Interaction,agent,8,2433,115,0.047267
l2_interaction,L2 Interaction,agent,9,220,12,0.054545
l2_interaction,L2 Interaction,agent,10,3289,144,0.043782
l2_interaction,L2 Interaction,agent,11,547,51,0.093236
l2_interaction,L2 Interaction,agent,12,4230,217,0.0513
l2_interaction,L2 Interaction,agent,13,795,41,0.051572
l2_interaction,L2 Interaction,agent,14,4666,250,0.053579
l2_interaction,L2 Interaction,agent,15,847,77,0.090909
l2_interaction,L2 Interaction,agent,16,4072,201,0.049361
l2_interaction,L2 Interaction,agent,17,782,97,0.124041
l2_interaction,L2 Interaction,agent,18,3656,193,0.05279
l2_interaction,L2 Interaction,agent,19,720,77,0.106944
l2_interaction,L2 Interaction,agent,20,3234,164,0.050711
l2_interaction,L2 Interaction,agent,21,681,66,0.096916
l2_interaction,L2 Interaction,agent,22,2727,135,0.049505
l2_interaction,L2 Interaction,agent,23,523,52,0.099426
l2_interaction,L2 Interaction,agent,24,2545,155,0.060904
l2_interaction,L2 Interaction,agent,25,418,42,0.100478
l2_interaction,L2 Interaction,agent,26,2218,131,0.059062
l2_interaction,L2 Interaction,agent,27,328,44,0.134146
l2_interaction,L2 Interaction,agent,28,1988,106,0.05332
l2_interaction,L2 Interaction,agent,29,228,21,0.092105
l2_interaction,L2 Interaction,agent,30,1640,108,0.065854
l2_interaction,L2 Interaction,agent,31,161,23,0.142857
l2_interaction,L2 Interaction,agent,32,1475,66,0.044746
l2_interaction,L2 Interaction,agent,33,128,12,0.09375
l2_interaction,L2 Interaction,agent,34,1334,66,0.049475
l2_interaction,L2 Interaction,agent,35,103,7,0.067961
l2_interaction,L2 Interaction,agent,36,1208,63,0.052152
l2_interaction,L2 Interaction,agent,37,73,8,0.109589
l2_interaction,L2 Interaction,agent,38,1064,53,0.049812
l2_interaction,L2 Interaction,agent,39,58,4,0.068966
l2_interaction,L2 Interaction,agent,40,1081,42,0.038853
l2_interaction,L2 Interaction,agent,41,50,4,0.08
l2_interaction,L2 Interaction,agent,42,908,58,0.063877
l2_interaction,L2 Interaction,agent,43,50,3,0.06
l2_interaction,L2 Interaction,agent,44,904,49,0.054204
l2_interaction,L2 Interaction,agent,45,40,3,0.075
l2_interaction,L2 Interaction,agent,46,807,46,0.057001
l2_interaction,L2 Interaction,agent,47,35,2,0.057143
l2_interaction,L2 Interaction,agent,48,723,57,0.078838
l2_interaction,L2 Interaction,agent,49,36,2,0.055556
l2_interaction,L2 Interaction,agent,50,716,64,0.089385
l2_interaction,L2 Interaction,agent,51,35,4,0.114286
l2_interaction,L2 Interaction,agent,52,655,55,0.083969
l2_interaction,L2 Interaction,agent,53,32,0,0.0
l2_interaction,L2 Interaction,agent,54,591,59,0.099831
l2_interaction,L2 Interaction,agent,55,26,0,0.0
l2_interaction,L2 Interaction,agent,56,527,51,0.096774
l2_interaction,L2 Interaction,agent,57,16,0,0.0
l2_interaction,L2 Interaction,agent,58,508,62,0.122047
l2_interaction,L2 Interaction,agent,59,26,3,0.115385
l2_interaction,L2 Interaction,agent,60,445,55,0.123596
l2_interaction,L2 Interaction,agent,61,19,0,0.0
l2_interaction,L2 Interaction,agent,62,413,44,0.106538
l2_interaction,L2 Interaction,agent,63,24,3,0.125
l2_interaction,L2 Interaction,agent,64,392,53,0.135204
l2_interaction,L2 Interaction,agent,65,15,0,0.0
l2_interaction,L2 Interaction,agent,66,361,42,0.116343
l2_interaction,L2 Interaction,agent,67,16,0,0.0
l2_interaction,L2 Interaction,agent,68,349,50,0.143266
l2_interaction,L2 Interaction,agent,69,22,1,0.045455
l2_interaction,L2 Interaction,agent,70,294,33,0.112245
l2_interaction,L2 Interaction,agent,71,20,1,0.05
l2_interaction,L2 Interaction,agent,72,281,34,0.120996
l2_interaction,L2 Interaction,agent,73,17,3,0.176471
l2_interaction,L2 Interaction,agent,74,239,26,0.108787
l2_interaction,L2 Interaction,agent,75,22,1,0.045455
l2_interaction,L2 Interaction,agent,76,228,25,0.109649
l2_interaction,L2 Interaction,agent,77,23,2,0.086957
l2_interaction,L2 Interaction,agent,78,203,25,0.123153
l2_interaction,L2 Interaction,agent,79,16,1,0.0625
l2_interaction,L2 Interaction,agent,80,191,20,0.104712
l2_interaction,L2 Interaction,agent,81,14,2,0.142857
l2_interaction,L2 Interaction,agent,82,129,19,0.147287
l2_interaction,L2 Interaction,agent,83,13,2,0.153846
l2_interaction,L2 Interaction,agent,84,143,24,0.167832
l2_interaction,L2 Interaction,agent,85,9,0,0.0
l2_interaction,L2 Interaction,agent,86,121,21,0.173554
l2_interaction,L2 Interaction,agent,87,8,1,0.125
l2_interaction,L2 Interaction,agent,88,112,17,0.151786
l2_interaction,L2 Interaction,agent,89,13,2,0.153846
l2_interaction,L2 Interaction,agent,90,90,13,0.144444
l2_interaction,L2 Interaction,agent,91,9,1,0.111111
l2_interaction,L2 Interaction,agent,92,87,15,0.172414
l2_interaction,L2 Interaction,agent,93,8,0,0.0
l2_interaction,L2 Interaction,agent,94,76,10,0.131579
l2_interaction,L2 Interaction,agent,95,8,0,0.0
l2_interaction,L2 Interaction,agent,96,73,14,0.191781
l2_interaction,L2 Interaction,agent,97,4,1,0.25
l2_interaction,L2 Interaction,agent,98,64,12,0.1875
l2_interaction,L2 Interaction,agent,99,3,0,0.0
l2_interaction,L2 Interaction,agent,100,57,6,0.105263
l2_interaction,L2 Interaction,agent,101,5,0,0.0
l2_interaction,L2 Interaction,agent,102,42,6,0.142857
l2_interaction,L2 Interaction,agent,103,5,1,0.2
l2_interaction,L2 Interaction,agent,104,50,11,0.22
l2_interaction,L2 Interaction,agent,105,1,0,0.0
l2_interaction,L2 Interaction,agent,106,31,4,0.129032
l2_interaction,L2 Interaction,agent,107,2,0,0.0
l2_interaction,L2 Interaction,agent,108,38,8,0.210526
l2_interaction,L2 Interaction,agent,109,1,0,0.0
l2_interaction,L2 Interaction,agent,110,31,2,0.064516
l2_interaction,L2 Interaction,agent,111,3,0,0.0
l2_interaction,L2 Interaction,agent,112,27,7,0.259259
l2_interaction,L2 Interaction,agent,113,3,0,0.0
l2_interaction,L2 Interaction,agent,114,25,3,0.12
l2_interaction,L2 Interaction,agent,115,4,0,0.0
l2_interaction,L2 Interaction,agent,116,26,5,0.192308
l2_interaction,L2 Interaction,agent,117,2,0,0.0
l2_interaction,L2 Interaction,agent,118,21,4,0.190476
l2_interaction,L2 Interaction,agent,119,4,0,0.0
l2_interaction,L2 Interaction,agent,120,20,2,0.1
l2_interaction,L2 Interaction,agent,121,1,0,0.0
l2_interaction,L2 Interaction,agent,122,16,3,0.1875
l2_interaction,L2 Interaction,agent,123,2,0,0.0
l2_interaction,L2 Interaction,agent,124,18,3,0.166667
l2_interaction,L2 Interaction,agent,125,1,0,0.0
l2_interaction,L2 Interaction,agent,126,16,3,0.1875
l2_interaction,L2 Interaction,agent,127,4,0,0.0
l2_interaction,L2 Interaction,agent,128,10,0,0.0
l2_interaction,L2 Interaction,agent,129,1,0,0.0
l2_interaction,L2 Interaction,agent,130,11,1,0.090909
l2_interaction,L2 Interaction,agent,131,2,1,0.5
l2_interaction,L2 Interaction,agent,132,13,1,0.076923
l2_interaction,L2 Interaction,agent,133,2,0,0.0
l2_interaction,L2 Interaction,agent,134,8,2,0.25
l2_interaction,L2 Interaction,agent,135,3,0,0.0
l2_interaction,L2 Interaction,agent,136,10,1,0.1
l2_interaction,L2 Interaction,agent,137,2,0,0.0
l2_interaction,L2 Interaction,agent,138,8,0,0.0
l2_interaction,L2 Interaction,agent,139,1,0,0.0
l2_interaction,L2 Interaction,agent,140,8,0,0.0
l2_interaction,L2 Interaction,agent,141,1,0,0.0
l2_interaction,L2 Interaction,agent,142,6,1,0.166667
l2_interaction,L2 Interaction,agent,143,1,0,0.0
l2_interaction,L2 Interaction,agent,144,9,0,0.0
l2_interaction,L2 Interaction,agent,146,9,2,0.222222
l2_interaction,L2 Interaction,agent,148,5,0,0.0
l2_interaction,L2 Interaction,agent,150,4,1,0.25
l2_interaction,L2 Interaction,agent,152,4,0,0.0
l2_interaction,L2 Interaction,agent,154,4,0,0.0
l2_interaction,L2 Interaction,agent,156,7,1,0.142857
l2_interaction,L2 Interaction,agent,158,6,1,0.166667
l2_interaction,L2 Interaction,agent,160,5,0,0.0
l2_interaction,L2 Interaction,agent,162,4,0,0.0
l2_interaction,L2 Interaction,agent,164,4,0,0.0
l2_interaction,L2 Interaction,agent,166,5,0,0.0
l2_interaction,L2 Interaction,agent,168,6,0,0.0
l2_interaction,L2 Interaction,agent,170,2,0,0.0
l2_interaction,L2 Interaction,agent,172,5,0,0.0
l2_interaction,L2 Interaction,agent,174,4,0,0.0
l2_interaction,L2 Interaction,agent,176,5,0,0.0
l2_interaction,L2 Interaction,agent,178,4,1,0.25
l2_interaction,L2 Interaction,agent,180,3,0,0.0
l2_interaction,L2 Interaction,agent,182,3,1,0.333333
l2_interaction,L2 Interaction,agent,184,4,0,0.0
l2_interaction,L2 Interaction,agent,186,2,0,0.0
l2_interaction,L2 Interaction,agent,188,4,0,0.0
l2_interaction,L2 Interaction,agent,190,2,0,0.0
l2_interaction,L2 Interaction,agent,192,3,0,0.0
l2_interaction,L2 Interaction,agent,194,2,0,0.0
l2_interaction,L2 Interaction,agent,196,3,0,0.0
l2_interaction,L2 Interaction,agent,198,2,0,0.0
l2_interaction,L2 Interaction,agent,200,4,0,0.0
l2_interaction,L2 Interaction,user,1,12505,167,0.013355
l2_interaction,L2 Interaction,user,3,10619,471,0.044354
l2_interaction,L2 Interaction,user,5,998,124,0.124248
l2_interaction,L2 Interaction,user,6,7,0,0.0
l2_interaction,L2 Interaction,user,7,2310,131,0.05671
l2_interaction,L2 Interaction,user,8,52,5,0.096154
l2_interaction,L2 Interaction,user,9,1658,98,0.059107
l2_interaction,L2 Interaction,user,10,108,8,0.074074
l2_interaction,L2 Interaction,user,11,1971,119,0.060375
l2_interaction,L2 Interaction,user,12,379,19,0.050132
l2_interaction,L2 Interaction,user,13,2800,97,0.034643
l2_interaction,L2 Interaction,user,14,565,55,0.097345
l2_interaction,L2 Interaction,user,15,3519,140,0.039784
l2_interaction,L2 Interaction,user,16,606,55,0.090759
l2_interaction,L2 Interaction,user,17,3221,132,0.040981
l2_interaction,L2 Interaction,user,18,485,44,0.090722
l2_interaction,L2 Interaction,user,19,2725,108,0.039633
l2_interaction,L2 Interaction,user,20,467,56,0.119914
l2_interaction,L2 Interaction,user,21,2687,107,0.039821
l2_interaction,L2 Interaction,user,22,462,39,0.084416
l2_interaction,L2 Interaction,user,23,2393,92,0.038445
l2_interaction,L2 Interaction,user,24,329,28,0.085106
l2_interaction,L2 Interaction,user,25,2111,84,0.039792
l2_interaction,L2 Interaction,user,26,286,17,0.059441
l2_interaction,L2 Interaction,user,27,1857,80,0.04308
l2_interaction,L2 Interaction,user,28,226,18,0.079646
l2_interaction,L2 Interaction,user,29,1703,58,0.034058
l2_interaction,L2 Interaction,user,30,158,14,0.088608
l2_interaction,L2 Interaction,user,31,1592,41,0.025754
l2_interaction,L2 Interaction,user,32,126,12,0.095238
l2_interaction,L2 Interaction,user,33,1459,29,0.019877
l2_interaction,L2 Interaction,user,34,104,7,0.067308
l2_interaction,L2 Interaction,user,35,1334,35,0.026237
l2_interaction,L2 Interaction,user,36,74,6,0.081081
l2_interaction,L2 Interaction,user,37,1184,24,0.02027
l2_interaction,L2 Interaction,user,38,57,5,0.087719
l2_interaction,L2 Interaction,user,39,1209,19,0.015715
l2_interaction,L2 Interaction,user,40,54,1,0.018519
l2_interaction,L2 Interaction,user,41,1054,13,0.012334
l2_interaction,L2 Interaction,user,42,47,1,0.021277
l2_interaction,L2 Interaction,user,43,1036,15,0.014479
l2_interaction,L2 Interaction,user,44,44,2,0.045455
l2_interaction,L2 Interaction,user,45,965,11,0.011399
l2_interaction,L2 Interaction,user,46,38,1,0.026316
l2_interaction,L2 Interaction,user,47,849,10,0.011779
l2_interaction,L2 Interaction,user,48,40,2,0.05
l2_interaction,L2 Interaction,user,49,822,8,0.009732
l2_interaction,L2 Interaction,user,50,34,0,0.0
l2_interaction,L2 Interaction,user,51,734,6,0.008174
l2_interaction,L2 Interaction,user,52,32,2,0.0625
l2_interaction,L2 Interaction,user,53,704,4,0.005682
l2_interaction,L2 Interaction,user,54,26,0,0.0
l2_interaction,L2 Interaction,user,55,664,8,0.012048
l2_interaction,L2 Interaction,user,56,23,1,0.043478
l2_interaction,L2 Interaction,user,57,580,6,0.010345
l2_interaction,L2 Interaction,user,58,24,0,0.0
l2_interaction,L2 Interaction,user,59,539,2,0.003711
l2_interaction,L2 Interaction,user,60,24,1,0.041667
l2_interaction,L2 Interaction,user,61,488,7,0.014344
l2_interaction,L2 Interaction,user,62,16,0,0.0
l2_interaction,L2 Interaction,user,63,446,4,0.008969
l2_interaction,L2 Interaction,user,64,20,0,0.0
l2_interaction,L2 Interaction,user,65,422,4,0.009479
l2_interaction,L2 Interaction,user,66,17,0,0.0
l2_interaction,L2 Interaction,user,67,366,4,0.010929
l2_interaction,L2 Interaction,user,68,17,0,0.0
l2_interaction,L2 Interaction,user,69,330,3,0.009091
l2_interaction,L2 Interaction,user,70,21,0,0.0
l2_interaction,L2 Interaction,user,71,298,6,0.020134
l2_interaction,L2 Interaction,user,72,17,0,0.0
l2_interaction,L2 Interaction,user,73,265,1,0.003774
l2_interaction,L2 Interaction,user,74,19,0,0.0
l2_interaction,L2 Interaction,user,75,250,1,0.004
l2_interaction,L2 Interaction,user,76,19,0,0.0
l2_interaction,L2 Interaction,user,77,223,8,0.035874
l2_interaction,L2 Interaction,user,78,16,0,0.0
l2_interaction,L2 Interaction,user,79,208,1,0.004808
l2_interaction,L2 Interaction,user,80,19,0,0.0
l2_interaction,L2 Interaction,user,81,161,3,0.018634
l2_interaction,L2 Interaction,user,82,11,0,0.0
l2_interaction,L2 Interaction,user,83,159,3,0.018868
l2_interaction,L2 Interaction,user,84,9,0,0.0
l2_interaction,L2 Interaction,user,85,133,2,0.015038
l2_interaction,L2 Interaction,user,86,13,0,0.0
l2_interaction,L2 Interaction,user,87,119,1,0.008403
l2_interaction,L2 Interaction,user,88,15,0,0.0
l2_interaction,L2 Interaction,user,89,102,3,0.029412
l2_interaction,L2 Interaction,user,90,12,0,0.0
l2_interaction,L2 Interaction,user,91,81,1,0.012346
l2_interaction,L2 Interaction,user,92,11,0,0.0
l2_interaction,L2 Interaction,user,93,78,3,0.038462
l2_interaction,L2 Interaction,user,94,7,1,0.142857
l2_interaction,L2 Interaction,user,95,72,2,0.027778
l2_interaction,L2 Interaction,user,96,2,0,0.0
l2_interaction,L2 Interaction,user,97,58,3,0.051724
l2_interaction,L2 Interaction,user,98,4,0,0.0
l2_interaction,L2 Interaction,user,99,60,0,0.0
l2_interaction,L2 Interaction,user,100,4,0,0.0
l2_interaction,L2 Interaction,user,101,47,1,0.021277
l2_interaction,L2 Interaction,user,102,5,0,0.0
l2_interaction,L2 Interaction,user,103,41,0,0.0
l2_interaction,L2 Interaction,user,104,2,1,0.5
l2_interaction,L2 Interaction,user,105,42,1,0.02381
l2_interaction,L2 Interaction,user,106,2,0,0.0
l2_interaction,L2 Interaction,user,107,32,1,0.03125
l2_interaction,L2 Interaction,user,108,2,0,0.0
l2_interaction,L2 Interaction,user,109,33,1,0.030303
l2_interaction,L2 Interaction,user,111,23,0,0.0
l2_interaction,L2 Interaction,user,112,3,0,0.0
l2_interaction,L2 Interaction,user,113,31,2,0.064516
l2_interaction,L2 Interaction,user,114,4,0,0.0
l2_interaction,L2 Interaction,user,115,25,0,0.0
l2_interaction,L2 Interaction,user,116,1,0,0.0
l2_interaction,L2 Interaction,user,117,19,0,0.0
l2_interaction,L2 Interaction,user,118,4,0,0.0
l2_interaction,L2 Interaction,user,119,20,0,0.0
l2_interaction,L2 Interaction,user,120,1,0,0.0
l2_interaction,L2 Interaction,user,121,15,0,0.0
l2_interaction,L2 Interaction,user,122,1,0,0.0
l2_interaction,L2 Interaction,user,123,16,0,0.0
l2_interaction,L2 Interaction,user,124,3,0,0.0
l2_interaction,L2 Interaction,user,125,10,1,0.1
l2_interaction,L2 Interaction,user,126,2,0,0.0
l2_interaction,L2 Interaction,user,127,12,0,0.0
l2_interaction,L2 Interaction,user,128,2,0,0.0
l2_interaction,L2 Interaction,user,129,12,0,0.0
l2_interaction,L2 Interaction,user,130,1,0,0.0
l2_interaction,L2 Interaction,user,131,14,0,0.0
l2_interaction,L2 Interaction,user,132,2,0,0.0
l2_interaction,L2 Interaction,user,133,8,0,0.0
l2_interaction,L2 Interaction,user,134,3,0,0.0
l2_interaction,L2 Interaction,user,135,8,0,0.0
l2_interaction,L2 Interaction,user,136,3,0,0.0
l2_interaction,L2 Interaction,user,137,8,1,0.125
l2_interaction,L2 Interaction,user,138,1,0,0.0
l2_interaction,L2 Interaction,user,139,6,0,0.0
l2_interaction,L2 Interaction,user,140,1,0,0.0
l2_interaction,L2 Interaction,user,141,5,0,0.0
l2_interaction,L2 Interaction,user,142,1,0,0.0
l2_interaction,L2 Interaction,user,143,10,0,0.0
l2_interaction,L2 Interaction,user,145,8,0,0.0
l2_interaction,L2 Interaction,user,147,5,0,0.0
l2_interaction,L2 Interaction,user,149,3,0,0.0
l2_interaction,L2 Interaction,user,151,4,0,0.0
l2_interaction,L2 Interaction,user,153,5,0,0.0
l2_interaction,L2 Interaction,user,155,7,0,0.0
l2_interaction,L2 Interaction,user,157,5,0,0.0
l2_interaction,L2 Interaction,user,159,5,0,0.0
l2_interaction,L2 Interaction,user,161,4,0,0.0
l2_interaction,L2 Interaction,user,163,4,0,0.0
l2_interaction,L2 Interaction,user,165,5,0,0.0
l2_interaction,L2 Interaction,user,167,5,1,0.2
l2_interaction,L2 Interaction,user,169,3,0,0.0
l2_interaction,L2 Interaction,user,171,4,0,0.0
l2_interaction,L2 Interaction,user,173,5,0,0.0
l2_interaction,L2 Interaction,user,175,7,0,0.0
l2_interaction,L2 Interaction,user,177,3,0,0.0
l2_interaction,L2 Interaction,user,179,5,0,0.0
l2_interaction,L2 Interaction,user,181,3,0,0.0
l2_interaction,L2 Interaction,user,183,4,0,0.0
l2_interaction,L2 Interaction,user,185,3,0,0.0
l2_interaction,L2 Interaction,user,187,4,0,0.0
l2_interaction,L2 Interaction,user,189,3,0,0.0
l2_interaction,L2 Interaction,user,191,4,0,0.0
l2_interaction,L2 Interaction,user,193,2,0,0.0
l2_interaction,L2 Interaction,user,195,3,0,0.0
l2_interaction,L2 Interaction,user,197,2,0,0.0
l2_interaction,L2 Interaction,user,199,3,0,0.0
l2_interaction,L2 Interaction,user,201,1,0,0.0
l2_tools,L2 Tools,agent,0,14997,0,0.0
l2_tools,L2 Tools,agent,1,1,0,0.0
l2_tools,L2 Tools,agent,2,12753,0,0.0
l2_tools,L2 Tools,agent,3,1,0,0.0
l2_tools,L2 Tools,agent,4,988,0,0.0
l2_tools,L2 Tools,agent,6,2341,2,0.000854
l2_tools,L2 Tools,agent,7,9,0,0.0
l2_tools,L2 Tools,agent,8,1878,1,0.000532
l2_tools,L2 Tools,agent,9,39,0,0.0
l2_tools,L2 Tools,agent,10,3558,2,0.000562
l2_tools,L2 Tools,agent,11,162,0,0.0
l2_tools,L2 Tools,agent,12,5189,2,0.000385
l2_tools,L2 Tools,agent,13,300,0,0.0
l2_tools,L2 Tools,agent,14,5610,4,0.000713
l2_tools,L2 Tools,agent,15,301,0,0.0
l2_tools,L2 Tools,agent,16,5410,32,0.005915
l2_tools,L2 Tools,agent,17,374,0,0.0
l2_tools,L2 Tools,agent,18,5063,43,0.008493
l2_tools,L2 Tools,agent,19,320,0,0.0
l2_tools,L2 Tools,agent,20,4432,39,0.0088
l2_tools,L2 Tools,agent,21,315,0,0.0
l2_tools,L2 Tools,agent,22,3985,38,0.009536
l2_tools,L2 Tools,agent,23,238,0,0.0
l2_tools,L2 Tools,agent,24,3487,50,0.014339
l2_tools,L2 Tools,agent,25,206,0,0.0
l2_tools,L2 Tools,agent,26,2927,38,0.012983
l2_tools,L2 Tools,agent,27,143,0,0.0
l2_tools,L2 Tools,agent,28,2751,27,0.009815
l2_tools,L2 Tools,agent,29,113,0,0.0
l2_tools,L2 Tools,agent,30,2366,42,0.017751
l2_tools,L2 Tools,agent,31,88,0,0.0
l2_tools,L2 Tools,agent,32,2292,31,0.013525
l2_tools,L2 Tools,agent,33,60,0,0.0
l2_tools,L2 Tools,agent,34,2062,25,0.012124
l2_tools,L2 Tools,agent,35,48,0,0.0
l2_tools,L2 Tools,agent,36,1840,27,0.014674
l2_tools,L2 Tools,agent,37,36,0,0.0
l2_tools,L2 Tools,agent,38,1707,20,0.011716
l2_tools,L2 Tools,agent,39,28,0,0.0
l2_tools,L2 Tools,agent,40,1589,21,0.013216
l2_tools,L2 Tools,agent,41,32,0,0.0
l2_tools,L2 Tools,agent,42,1515,17,0.011221
l2_tools,L2 Tools,agent,43,24,1,0.041667
l2_tools,L2 Tools,agent,44,1380,19,0.013768
l2_tools,L2 Tools,agent,45,28,0,0.0
l2_tools,L2 Tools,agent,46,1312,16,0.012195
l2_tools,L2 Tools,agent,47,19,0,0.0
l2_tools,L2 Tools,agent,48,1233,11,0.008921
l2_tools,L2 Tools,agent,49,23,0,0.0
l2_tools,L2 Tools,agent,50,1143,13,0.011374
l2_tools,L2 Tools,agent,51,21,0,0.0
l2_tools,L2 Tools,agent,52,1018,9,0.008841
l2_tools,L2 Tools,agent,53,18,0,0.0
l2_tools,L2 Tools,agent,54,917,9,0.009815
l2_tools,L2 Tools,agent,55,12,0,0.0
l2_tools,L2 Tools,agent,56,881,8,0.009081
l2_tools,L2 Tools,agent,57,9,0,0.0
l2_tools,L2 Tools,agent,58,836,2,0.002392
l2_tools,L2 Tools,agent,59,18,0,0.0
l2_tools,L2 Tools,agent,60,777,4,0.005148
l2_tools,L2 Tools,agent,61,10,0,0.0
l2_tools,L2 Tools,agent,62,631,4,0.006339
l2_tools,L2 Tools,agent,63,12,0,0.0
l2_tools,L2 Tools,agent,64,589,4,0.006791
l2_tools,L2 Tools,agent,65,9,0,0.0
l2_tools,L2 Tools,agent,66,543,2,0.003683
l2_tools,L2 Tools,agent,67,6,0,0.0
l2_tools,L2 Tools,agent,68,491,2,0.004073
l2_tools,L2 Tools,agent,69,13,0,0.0
l2_tools,L2 Tools,agent,70,445,2,0.004494
l2_tools,L2 Tools,agent,71,8,0,0.0
l2_tools,L2 Tools,agent,72,400,0,0.0
l2_tools,L2 Tools,agent,73,11,0,0.0
l2_tools,L2 Tools,agent,74,368,2,0.005435
l2_tools,L2 Tools,agent,75,10,0,0.0
l2_tools,L2 Tools,agent,76,301,1,0.003322
l2_tools,L2 Tools,agent,77,8,0,0.0
l2_tools,L2 Tools,agent,78,300,0,0.0
l2_tools,L2 Tools,agent,79,7,0,0.0
l2_tools,L2 Tools,agent,80,227,2,0.008811
l2_tools,L2 Tools,agent,81,7,0,0.0
l2_tools,L2 Tools,agent,82,222,1,0.004505
l2_tools,L2 Tools,agent,83,12,0,0.0
l2_tools,L2 Tools,agent,84,202,1,0.00495
l2_tools,L2 Tools,agent,85,5,0,0.0
l2_tools,L2 Tools,agent,86,152,0,0.0
l2_tools,L2 Tools,agent,87,6,0,0.0
l2_tools,L2 Tools,agent,88,139,0,0.0
l2_tools,L2 Tools,agent,89,4,0,0.0
l2_tools,L2 Tools,agent,90,132,0,0.0
l2_tools,L2 Tools,agent,91,5,0,0.0
l2_tools,L2 Tools,agent,92,109,0,0.0
l2_tools,L2 Tools,agent,93,3,0,0.0
l2_tools,L2 Tools,agent,94,84,0,0.0
l2_tools,L2 Tools,agent,95,2,0,0.0
l2_tools,L2 Tools,agent,96,75,0,0.0
l2_tools,L2 Tools,agent,97,2,0,0.0
l2_tools,L2 Tools,agent,98,68,0,0.0
l2_tools,L2 Tools,agent,99,3,0,0.0
l2_tools,L2 Tools,agent,100,50,0,0.0
l2_tools,L2 Tools,agent,101,4,0,0.0
l2_tools,L2 Tools,agent,102,50,0,0.0
l2_tools,L2 Tools,agent,103,2,0,0.0
l2_tools,L2 Tools,agent,104,56,0,0.0
l2_tools,L2 Tools,agent,105,2,0,0.0
l2_tools,L2 Tools,agent,106,43,0,0.0
l2_tools,L2 Tools,agent,107,1,0,0.0
l2_tools,L2 Tools,agent,108,25,0,0.0
l2_tools,L2 Tools,agent,109,1,0,0.0
l2_tools,L2 Tools,agent,110,24,0,0.0
l2_tools,L2 Tools,agent,111,1,0,0.0
l2_tools,L2 Tools,agent,112,21,0,0.0
l2_tools,L2 Tools,agent,113,1,0,0.0
l2_tools,L2 Tools,agent,114,32,0,0.0
l2_tools,L2 Tools,agent,115,1,0,0.0
l2_tools,L2 Tools,agent,116,21,0,0.0
l2_tools,L2 Tools,agent,117,1,0,0.0
l2_tools,L2 Tools,agent,118,20,0,0.0
l2_tools,L2 Tools,agent,119,1,0,0.0
l2_tools,L2 Tools,agent,120,21,0,0.0
l2_tools,L2 Tools,agent,122,15,0,0.0
l2_tools,L2 Tools,agent,123,1,0,0.0
l2_tools,L2 Tools,agent,124,7,0,0.0
l2_tools,L2 Tools,agent,126,9,0,0.0
l2_tools,L2 Tools,agent,128,8,0,0.0
l2_tools,L2 Tools,agent,130,9,0,0.0
l2_tools,L2 Tools,agent,132,9,0,0.0
l2_tools,L2 Tools,agent,133,1,0,0.0
l2_tools,L2 Tools,agent,134,7,0,0.0
l2_tools,L2 Tools,agent,136,7,0,0.0
l2_tools,L2 Tools,agent,138,4,0,0.0
l2_tools,L2 Tools,agent,142,6,0,0.0
l2_tools,L2 Tools,agent,143,1,0,0.0
l2_tools,L2 Tools,agent,144,1,0,0.0
l2_tools,L2 Tools,agent,146,2,0,0.0
l2_tools,L2 Tools,agent,147,1,0,0.0
l2_tools,L2 Tools,agent,148,4,0,0.0
l2_tools,L2 Tools,agent,149,1,0,0.0
l2_tools,L2 Tools,agent,150,4,0,0.0
l2_tools,L2 Tools,agent,151,1,0,0.0
l2_tools,L2 Tools,agent,152,2,0,0.0
l2_tools,L2 Tools,agent,154,2,0,0.0
l2_tools,L2 Tools,agent,156,4,0,0.0
l2_tools,L2 Tools,agent,160,3,0,0.0
l2_tools,L2 Tools,agent,162,1,0,0.0
l2_tools,L2 Tools,agent,164,2,0,0.0
l2_tools,L2 Tools,agent,166,1,0,0.0
l2_tools,L2 Tools,agent,168,1,0,0.0
l2_tools,L2 Tools,agent,170,2,0,0.0
l2_tools,L2 Tools,agent,174,1,0,0.0
l2_tools,L2 Tools,agent,178,1,0,0.0
l2_tools,L2 Tools,agent,180,1,0,0.0
l2_tools,L2 Tools,agent,184,1,0,0.0
l2_tools,L2 Tools,agent,188,1,0,0.0
l2_tools,L2 Tools,agent,197,1,0,0.0
l2_tools,L2 Tools,agent,201,1,0,0.0
l2_tools,L2 Tools,agent,205,1,0,0.0
l2_tools,L2 Tools,agent,328,1,0,0.0
l2_tools,L2 Tools,user,0,1,0,0.0
l2_tools,L2 Tools,user,1,14997,0,0.0
l2_tools,L2 Tools,user,2,1,0,0.0
l2_tools,L2 Tools,user,3,12300,117,0.009512
l2_tools,L2 Tools,user,5,1018,27,0.026523
l2_tools,L2 Tools,user,6,3,0,0.0
l2_tools,L2 Tools,user,7,2056,97,0.047179
l2_tools,L2 Tools,user,8,17,1,0.058824
l2_tools,L2 Tools,user,9,1802,4,0.00222
l2_tools,L2 Tools,user,10,46,0,0.0
l2_tools,L2 Tools,user,11,2809,3,0.001068
l2_tools,L2 Tools,user,12,140,0,0.0
l2_tools,L2 Tools,user,13,4163,4,0.000961
l2_tools,L2 Tools,user,14,245,1,0.004082
l2_tools,L2 Tools,user,15,4638,5,0.001078
l2_tools,L2 Tools,user,16,207,1,0.004831
l2_tools,L2 Tools,user,17,4322,10,0.002314
l2_tools,L2 Tools,user,18,229,1,0.004367
l2_tools,L2 Tools,user,19,4267,6,0.001406
l2_tools,L2 Tools,user,20,207,0,0.0
l2_tools,L2 Tools,user,21,3958,10,0.002527
l2_tools,L2 Tools,user,22,185,1,0.005405
l2_tools,L2 Tools,user,23,3435,6,0.001747
l2_tools,L2 Tools,user,24,148,0,0.0
l2_tools,L2 Tools,user,25,3093,3,0.00097
l2_tools,L2 Tools,user,26,155,0,0.0
l2_tools,L2 Tools,user,27,2661,3,0.001127
l2_tools,L2 Tools,user,28,96,0,0.0
l2_tools,L2 Tools,user,29,2507,6,0.002393
l2_tools,L2 Tools,user,30,86,2,0.023256
l2_tools,L2 Tools,user,31,2347,1,0.000426
l2_tools,L2 Tools,user,32,64,0,0.0
l2_tools,L2 Tools,user,33,2226,1,0.000449
l2_tools,L2 Tools,user,34,53,0,0.0
l2_tools,L2 Tools,user,35,1997,2,0.001002
l2_tools,L2 Tools,user,36,40,0,0.0
l2_tools,L2 Tools,user,37,1910,2,0.001047
l2_tools,L2 Tools,user,38,36,1,0.027778
l2_tools,L2 Tools,user,39,1779,2,0.001124
l2_tools,L2 Tools,user,40,40,0,0.0
l2_tools,L2 Tools,user,41,1699,1,0.000589
l2_tools,L2 Tools,user,42,29,0,0.0
l2_tools,L2 Tools,user,43,1568,2,0.001276
l2_tools,L2 Tools,user,44,31,0,0.0
l2_tools,L2 Tools,user,45,1482,2,0.00135
l2_tools,L2 Tools,user,46,31,0,0.0
l2_tools,L2 Tools,user,47,1389,2,0.00144
l2_tools,L2 Tools,user,48,22,0,0.0
l2_tools,L2 Tools,user,49,1262,0,0.0
l2_tools,L2 Tools,user,50,19,0,0.0
l2_tools,L2 Tools,user,51,1149,1,0.00087
l2_tools,L2 Tools,user,52,24,0,0.0
l2_tools,L2 Tools,user,53,1117,0,0.0
l2_tools,L2 Tools,user,54,24,0,0.0
l2_tools,L2 Tools,user,55,974,1,0.001027
l2_tools,L2 Tools,user,56,13,0,0.0
l2_tools,L2 Tools,user,57,960,0,0.0
l2_tools,L2 Tools,user,58,21,0,0.0
l2_tools,L2 Tools,user,59,816,0,0.0
l2_tools,L2 Tools,user,60,18,0,0.0
l2_tools,L2 Tools,user,61,685,1,0.00146
l2_tools,L2 Tools,user,62,11,0,0.0
l2_tools,L2 Tools,user,63,674,0,0.0
l2_tools,L2 Tools,user,64,10,0,0.0
l2_tools,L2 Tools,user,65,572,0,0.0
l2_tools,L2 Tools,user,66,6,0,0.0
l2_tools,L2 Tools,user,67,581,0,0.0
l2_tools,L2 Tools,user,68,10,0,0.0
l2_tools,L2 Tools,user,69,478,0,0.0
l2_tools,L2 Tools,user,70,9,0,0.0
l2_tools,L2 Tools,user,71,447,0,0.0
l2_tools,L2 Tools,user,72,11,0,0.0
l2_tools,L2 Tools,user,73,413,0,0.0
l2_tools,L2 Tools,user,74,12,0,0.0
l2_tools,L2 Tools,user,75,356,0,0.0
l2_tools,L2 Tools,user,76,4,0,0.0
l2_tools,L2 Tools,user,77,301,1,0.003322
l2_tools,L2 Tools,user,78,6,0,0.0
l2_tools,L2 Tools,user,79,252,0,0.0
l2_tools,L2 Tools,user,80,11,0,0.0
l2_tools,L2 Tools,user,81,222,1,0.004505
l2_tools,L2 Tools,user,82,11,0,0.0
l2_tools,L2 Tools,user,83,206,0,0.0
l2_tools,L2 Tools,user,84,9,0,0.0
l2_tools,L2 Tools,user,85,171,0,0.0
l2_tools,L2 Tools,user,86,6,0,0.0
l2_tools,L2 Tools,user,87,152,1,0.006579
l2_tools,L2 Tools,user,88,8,0,0.0
l2_tools,L2 Tools,user,89,132,0,0.0
l2_tools,L2 Tools,user,90,5,0,0.0
l2_tools,L2 Tools,user,91,113,0,0.0
l2_tools,L2 Tools,user,92,3,0,0.0
l2_tools,L2 Tools,user,93,93,0,0.0
l2_tools,L2 Tools,user,94,2,0,0.0
l2_tools,L2 Tools,user,95,81,0,0.0
l2_tools,L2 Tools,user,96,1,0,0.0
l2_tools,L2 Tools,user,97,65,0,0.0
l2_tools,L2 Tools,user,98,3,0,0.0
l2_tools,L2 Tools,user,99,59,0,0.0
l2_tools,L2 Tools,user,100,4,0,0.0
l2_tools,L2 Tools,user,101,48,0,0.0
l2_tools,L2 Tools,user,102,3,0,0.0
l2_tools,L2 Tools,user,103,63,1,0.015873
l2_tools,L2 Tools,user,104,2,0,0.0
l2_tools,L2 Tools,user,105,50,0,0.0
l2_tools,L2 Tools,user,106,1,0,0.0
l2_tools,L2 Tools,user,107,25,1,0.04
l2_tools,L2 Tools,user,108,1,0,0.0
l2_tools,L2 Tools,user,109,30,0,0.0
l2_tools,L2 Tools,user,110,1,0,0.0
l2_tools,L2 Tools,user,111,30,0,0.0
l2_tools,L2 Tools,user,112,1,0,0.0
l2_tools,L2 Tools,user,113,29,1,0.034483
l2_tools,L2 Tools,user,114,1,0,0.0
l2_tools,L2 Tools,user,115,28,0,0.0
l2_tools,L2 Tools,user,116,1,0,0.0
l2_tools,L2 Tools,user,117,21,0,0.0
l2_tools,L2 Tools,user,118,1,0,0.0
l2_tools,L2 Tools,user,119,15,0,0.0
l2_tools,L2 Tools,user,121,12,0,0.0
l2_tools,L2 Tools,user,122,1,0,0.0
l2_tools,L2 Tools,user,123,13,0,0.0
l2_tools,L2 Tools,user,125,13,0,0.0
l2_tools,L2 Tools,user,127,9,0,0.0
l2_tools,L2 Tools,user,129,12,0,0.0
l2_tools,L2 Tools,user,130,1,0,0.0
l2_tools,L2 Tools,user,131,9,0,0.0
l2_tools,L2 Tools,user,133,9,1,0.111111
l2_tools,L2 Tools,user,135,4,0,0.0
l2_tools,L2 Tools,user,137,4,0,0.0
l2_tools,L2 Tools,user,139,3,0,0.0
l2_tools,L2 Tools,user,141,3,0,0.0
l2_tools,L2 Tools,user,143,2,0,0.0
l2_tools,L2 Tools,user,144,1,0,0.0
l2_tools,L2 Tools,user,145,3,0,0.0
l2_tools,L2 Tools,user,147,4,0,0.0
l2_tools,L2 Tools,user,148,1,0,0.0
l2_tools,L2 Tools,user,149,3,0,0.0
l2_tools,L2 Tools,user,150,1,0,0.0
l2_tools,L2 Tools,user,151,2,0,0.0
l2_tools,L2 Tools,user,152,1,0,0.0
l2_tools,L2 Tools,user,153,3,0,0.0
l2_tools,L2 Tools,user,155,3,0,0.0
l2_tools,L2 Tools,user,159,1,0,0.0
l2_tools,L2 Tools,user,161,2,0,0.0
l2_tools,L2 Tools,user,163,1,0,0.0
l2_tools,L2 Tools,user,165,1,0,0.0
l2_tools,L2 Tools,user,167,1,0,0.0
l2_tools,L2 Tools,user,169,2,0,0.0
l2_tools,L2 Tools,user,173,1,0,0.0
l2_tools,L2 Tools,user,177,1,0,0.0
l2_tools,L2 Tools,user,179,1,0,0.0
l2_tools,L2 Tools,user,183,1,0,0.0
l2_tools,L2 Tools,user,185,1,0,0.0
l2_tools,L2 Tools,user,198,1,0,0.0
l2_tools,L2 Tools,user,206,1,0,0.0
l2_tools,L2 Tools,user,329,1,0,0.0
