summary_level,scenario,scenario_label,domain,language,language_label,lang_id,expected_language,agent_llm,agent_family,experiment_count,task_count,turns_total,detected_turns,english_turns,non_target_turns,target_turns,english_turn_share,non_target_turn_share,target_turn_share,median_task_english_turn_share,median_task_non_target_turn_share,median_first_non_target_turn,detected_lang_proportion,non_target_lang_proportion,detected_lang_proportion_json,non_target_lang_proportion_json
domain_language_model,english,En Baseline,airline,english,EN,en,en,azure/kimi-k2.5,kimi-k2.5,1,50,897,897,897,0,897,1.0,0.0,1.0,1.0,0.0,,en_1.000,,"{""en"":1.0}",{}
domain_language_model,english,En Baseline,airline,english,EN,en,en,gpt-5-mini,gpt-5-mini,1,50,652,652,652,0,652,1.0,0.0,1.0,1.0,0.0,,en_1.000,,"{""en"":1.0}",{}
domain_language_model,english,En Baseline,airline,english,EN,en,en,openai//project/lt200394-thllmV/jab/seacrowd/models/Qwen/Qwen3-235B-A22B-Instruct-2507-FP8,qwen-3-235b-it,1,50,791,791,791,0,791,1.0,0.0,1.0,1.0,0.0,,en_1.000,,"{""en"":1.0}",{}
domain_language_model,english,En Baseline,retail,english,EN,en,en,azure/kimi-k2.5,kimi-k2.5,1,114,2177,2177,2177,0,2177,1.0,0.0,1.0,1.0,0.0,,en_1.000,,"{""en"":1.0}",{}
domain_language_model,english,En Baseline,retail,english,EN,en,en,gpt-5-mini,gpt-5-mini,1,114,1750,1750,1750,0,1750,1.0,0.0,1.0,1.0,0.0,,en_1.000,,"{""en"":1.0}",{}
domain_language_model,english,En Baseline,retail,english,EN,en,en,openai//project/lt200394-thllmV/jab/seacrowd/models/Qwen/Qwen3-235B-A22B-Instruct-2507-FP8,qwen-3-235b-it,1,114,1885,1885,1885,0,1885,1.0,0.0,1.0,1.0,0.0,,en_1.000,,"{""en"":1.0}",{}
domain_language_model,english,En Baseline,telecom,english,EN,en,en,azure/kimi-k2.5,kimi-k2.5,1,114,3227,3227,3227,0,3227,1.0,0.0,1.0,1.0,0.0,,en_1.000,,"{""en"":1.0}",{}
domain_language_model,english,En Baseline,telecom,english,EN,en,en,gpt-5-mini,gpt-5-mini,1,114,3014,3014,3013,1,3013,0.999668,0.000332,0.999668,1.0,0.0,26.0,en_1.000|pa_0.000,pa_0.000,"{""en"":0.999668,""pa"":0.000332}","{""pa"":0.000332}"
domain_language_model,english,En Baseline,telecom,english,EN,en,en,openai//project/lt200394-thllmV/jab/seacrowd/models/Qwen/Qwen3-235B-A22B-Instruct-2507-FP8,qwen-3-235b-it,1,114,2808,2808,2808,0,2808,1.0,0.0,1.0,1.0,0.0,,en_1.000,,"{""en"":1.0}",{}
domain_language_model,l2_domain,L2 Domain,airline,chinese,ZH,zh,zh,azure/gpt-5-mini,gpt-5-mini,1,50,729,729,30,33,696,0.041152,0.045267,0.954733,0.0,0.0,19.0,zh_0.955|en_0.041|ko_0.004,en_0.041|ko_0.004,"{""en"":0.041152,""ko"":0.004115,""zh"":0.954733}","{""en"":0.041152,""ko"":0.004115}"
domain_language_model,l2_domain,L2 Domain,airline,chinese,ZH,zh,zh,openai/moonshotai/Kimi-K2.5,kimi-k2.5,1,50,1110,1110,0,0,1110,0.0,0.0,1.0,0.0,0.0,,zh_1.000,,"{""zh"":1.0}",{}
domain_language_model,l2_domain,L2 Domain,airline,chinese,ZH,zh,zh,vertex_ai/qwen/qwen3-235b-a22b-instruct-2507-maas,qwen-3-235b-it,1,50,717,717,0,0,717,0.0,0.0,1.0,0.0,0.0,,zh_1.000,,"{""zh"":1.0}",{}
domain_language_model,l2_domain,L2 Domain,airline,filipino,TL,tl,tl,azure/gpt-5-mini,gpt-5-mini,1,50,678,678,83,83,595,0.122419,0.122419,0.877581,0.138095,0.138095,13.0,tl_0.878|en_0.122,en_0.122,"{""en"":0.122419,""tl"":0.877581}","{""en"":0.122419}"
domain_language_model,l2_domain,L2 Domain,airline,filipino,TL,tl,tl,azure/kimi-k2.5,kimi-k2.5,1,50,1059,1059,57,57,1002,0.053824,0.053824,0.946176,0.054094,0.054094,14.0,tl_0.946|en_0.054,en_0.054,"{""en"":0.053824,""tl"":0.946176}","{""en"":0.053824}"
domain_language_model,l2_domain,L2 Domain,airline,filipino,TL,tl,tl,vertex_ai/qwen/qwen3-235b-a22b-instruct-2507-maas,qwen-3-235b-it,1,50,741,741,37,37,704,0.049933,0.049933,0.950067,0.0,0.0,16.0,tl_0.950|en_0.050,en_0.050,"{""en"":0.049933,""tl"":0.950067}","{""en"":0.049933}"
domain_language_model,l2_domain,L2 Domain,airline,indonesian,ID,id,id,azure/gpt-5-mini,gpt-5-mini,1,50,614,614,93,94,520,0.151466,0.153094,0.846906,0.174243,0.174243,12.0,id_0.847|en_0.151|it_0.002,en_0.151|it_0.002,"{""en"":0.151466,""id"":0.846906,""it"":0.001629}","{""en"":0.151466,""it"":0.001629}"
domain_language_model,l2_domain,L2 Domain,airline,indonesian,ID,id,id,azure/kimi-k2.5,kimi-k2.5,1,50,922,922,36,37,885,0.039046,0.04013,0.95987,0.0,0.0,14.0,id_0.960|en_0.039|ms_0.001,en_0.039|ms_0.001,"{""en"":0.039046,""id"":0.95987,""ms"":0.001085}","{""en"":0.039046,""ms"":0.001085}"
domain_language_model,l2_domain,L2 Domain,airline,indonesian,ID,id,id,vertex_ai/qwen/qwen3-235b-a22b-instruct-2507-maas,qwen-3-235b-it,1,50,783,783,29,29,754,0.037037,0.037037,0.962963,0.0,0.0,16.0,id_0.963|en_0.037,en_0.037,"{""en"":0.037037,""id"":0.962963}","{""en"":0.037037}"
domain_language_model,l2_domain,L2 Domain,airline,thai,TH,th,th,azure/gpt-5-mini,gpt-5-mini,1,50,709,709,4,4,705,0.005642,0.005642,0.994358,0.0,0.0,16.0,th_0.994|en_0.006,en_0.006,"{""en"":0.005642,""th"":0.994358}","{""en"":0.005642}"
domain_language_model,l2_domain,L2 Domain,airline,thai,TH,th,th,openai/moonshotai/Kimi-K2.5,kimi-k2.5,1,50,1031,1031,0,0,1031,0.0,0.0,1.0,0.0,0.0,,th_1.000,,"{""th"":1.0}",{}
domain_language_model,l2_domain,L2 Domain,airline,thai,TH,th,th,vertex_ai/qwen/qwen3-235b-a22b-instruct-2507-maas,qwen-3-235b-it,1,50,646,646,0,0,646,0.0,0.0,1.0,0.0,0.0,,th_1.000,,"{""th"":1.0}",{}
domain_language_model,l2_domain,L2 Domain,airline,vietnamese,VI,vi,vi,azure/gpt-5-mini,gpt-5-mini,1,50,731,731,1,1,730,0.001368,0.001368,0.998632,0.0,0.0,4.0,vi_0.999|en_0.001,en_0.001,"{""en"":0.001368,""vi"":0.998632}","{""en"":0.001368}"
domain_language_model,l2_domain,L2 Domain,airline,vietnamese,VI,vi,vi,azure/kimi-k2.5,kimi-k2.5,1,50,1032,1032,0,0,1032,0.0,0.0,1.0,0.0,0.0,,vi_1.000,,"{""vi"":1.0}",{}
domain_language_model,l2_domain,L2 Domain,airline,vietnamese,VI,vi,vi,vertex_ai/qwen/qwen3-235b-a22b-instruct-2507-maas,qwen-3-235b-it,1,50,731,731,1,1,730,0.001368,0.001368,0.998632,0.0,0.0,18.0,vi_0.999|en_0.001,en_0.001,"{""en"":0.001368,""vi"":0.998632}","{""en"":0.001368}"
domain_language_model,l2_domain,L2 Domain,retail,chinese,ZH,zh,zh,azure/gpt-5-mini,gpt-5-mini,1,114,2385,2385,62,64,2321,0.025996,0.026834,0.973166,0.0,0.0,20.0,zh_0.973|en_0.026|ko_0.001,en_0.026|ko_0.001,"{""en"":0.025996,""ko"":0.000839,""zh"":0.973166}","{""en"":0.025996,""ko"":0.000839}"
domain_language_model,l2_domain,L2 Domain,retail,chinese,ZH,zh,zh,openrouter/moonshotai/kimi-k2.5,kimi-k2.5,1,114,2825,2825,0,1,2824,0.0,0.000354,0.999646,0.0,0.0,32.0,zh_1.000|ko_0.000,ko_0.000,"{""ko"":0.000354,""zh"":0.999646}","{""ko"":0.000354}"
domain_language_model,l2_domain,L2 Domain,retail,chinese,ZH,zh,zh,vertex_ai/qwen/qwen3-235b-a22b-instruct-2507-maas,qwen-3-235b-it,1,114,1780,1780,0,0,1780,0.0,0.0,1.0,0.0,0.0,,zh_1.000,,"{""zh"":1.0}",{}
domain_language_model,l2_domain,L2 Domain,retail,filipino,TL,tl,tl,azure/gpt-5-mini,gpt-5-mini,1,114,1966,1966,65,65,1901,0.033062,0.033062,0.966938,0.0,0.0,30.0,tl_0.967|en_0.033,en_0.033,"{""en"":0.033062,""tl"":0.966938}","{""en"":0.033062}"
domain_language_model,l2_domain,L2 Domain,retail,filipino,TL,tl,tl,openai/moonshotai/Kimi-K2.5,kimi-k2.5,1,114,2528,2528,98,104,2424,0.038766,0.041139,0.958861,0.0,0.0,21.0,tl_0.959|en_0.039|ms_0.002|su_0.000,en_0.039|ms_0.002|su_0.000,"{""en"":0.038766,""ms"":0.001978,""su"":0.000396,""tl"":0.958861}","{""en"":0.038766,""ms"":0.001978,""su"":0.000396}"
domain_language_model,l2_domain,L2 Domain,retail,filipino,TL,tl,tl,vertex_ai/qwen/qwen3-235b-a22b-instruct-2507-maas,qwen-3-235b-it,1,114,1925,1925,93,93,1832,0.048312,0.048312,0.951688,0.0,0.0,26.0,tl_0.952|en_0.048,en_0.048,"{""en"":0.048312,""tl"":0.951688}","{""en"":0.048312}"
domain_language_model,l2_domain,L2 Domain,retail,indonesian,ID,id,id,azure/gpt-5-mini,gpt-5-mini,1,114,1850,1850,92,92,1758,0.04973,0.04973,0.95027,0.0,0.0,27.5,id_0.950|en_0.050,en_0.050,"{""en"":0.04973,""id"":0.95027}","{""en"":0.04973}"
domain_language_model,l2_domain,L2 Domain,retail,indonesian,ID,id,id,openai/moonshotai/Kimi-K2.5,kimi-k2.5,1,114,2225,2225,44,47,2178,0.019775,0.021124,0.978876,0.0,0.0,26.0,id_0.979|en_0.020|ms_0.001,en_0.020|ms_0.001,"{""en"":0.019775,""id"":0.978876,""ms"":0.001348}","{""en"":0.019775,""ms"":0.001348}"
domain_language_model,l2_domain,L2 Domain,retail,indonesian,ID,id,id,vertex_ai/qwen/qwen3-235b-a22b-instruct-2507-maas,qwen-3-235b-it,1,114,1959,1959,68,72,1887,0.034712,0.036753,0.963247,0.0,0.0,28.0,id_0.963|en_0.035|ms_0.002,en_0.035|ms_0.002,"{""en"":0.034712,""id"":0.963247,""ms"":0.002042}","{""en"":0.034712,""ms"":0.002042}"
domain_language_model,l2_domain,L2 Domain,retail,thai,TH,th,th,azure/gpt-5-mini,gpt-5-mini,1,114,2092,2092,6,6,2086,0.002868,0.002868,0.997132,0.0,0.0,7.0,th_0.997|en_0.003,en_0.003,"{""en"":0.002868,""th"":0.997132}","{""en"":0.002868}"
domain_language_model,l2_domain,L2 Domain,retail,thai,TH,th,th,openai/moonshotai/Kimi-K2.5,kimi-k2.5,1,114,2623,2623,0,0,2623,0.0,0.0,1.0,0.0,0.0,,th_1.000,,"{""th"":1.0}",{}
domain_language_model,l2_domain,L2 Domain,retail,thai,TH,th,th,vertex_ai/qwen/qwen3-235b-a22b-instruct-2507-maas,qwen-3-235b-it,1,114,1691,1691,1,1,1690,0.000591,0.000591,0.999409,0.0,0.0,8.0,th_0.999|en_0.001,en_0.001,"{""en"":0.000591,""th"":0.999409}","{""en"":0.000591}"
domain_language_model,l2_domain,L2 Domain,retail,vietnamese,VI,vi,vi,azure/gpt-5-mini,gpt-5-mini,1,114,1868,1868,3,3,1865,0.001606,0.001606,0.998394,0.0,0.0,20.0,vi_0.998|en_0.002,en_0.002,"{""en"":0.001606,""vi"":0.998394}","{""en"":0.001606}"
domain_language_model,l2_domain,L2 Domain,retail,vietnamese,VI,vi,vi,openrouter/moonshotai/kimi-k2.5,kimi-k2.5,1,114,2443,2443,1,1,2442,0.000409,0.000409,0.999591,0.0,0.0,18.0,vi_1.000|en_0.000,en_0.000,"{""en"":0.000409,""vi"":0.999591}","{""en"":0.000409}"
domain_language_model,l2_domain,L2 Domain,retail,vietnamese,VI,vi,vi,vertex_ai/qwen/qwen3-235b-a22b-instruct-2507-maas,qwen-3-235b-it,1,114,1885,1885,1,1,1884,0.000531,0.000531,0.999469,0.0,0.0,18.0,vi_0.999|en_0.001,en_0.001,"{""en"":0.000531,""vi"":0.999469}","{""en"":0.000531}"
domain_language_model,l2_domain,L2 Domain,telecom,chinese,ZH,zh,zh,azure/gpt-5-mini,gpt-5-mini,1,114,2034,2034,26,26,2008,0.012783,0.012783,0.987217,0.0,0.0,37.0,zh_0.987|en_0.013,en_0.013,"{""en"":0.012783,""zh"":0.987217}","{""en"":0.012783}"
domain_language_model,l2_domain,L2 Domain,telecom,chinese,ZH,zh,zh,gmi/moonshotai/Kimi-K2.5,kimi-k2.5,1,114,3393,3393,0,0,3393,0.0,0.0,1.0,0.0,0.0,,zh_1.000,,"{""zh"":1.0}",{}
domain_language_model,l2_domain,L2 Domain,telecom,chinese,ZH,zh,zh,vertex_ai/qwen/qwen3-235b-a22b-instruct-2507-maas,qwen-3-235b-it,1,114,2946,2946,1098,1131,1815,0.372709,0.38391,0.61609,0.363636,0.370834,26.0,zh_0.616|en_0.373|ko_0.011,en_0.373|ko_0.011,"{""en"":0.372709,""ko"":0.011202,""zh"":0.61609}","{""en"":0.372709,""ko"":0.011202}"
domain_language_model,l2_domain,L2 Domain,telecom,filipino,TL,tl,tl,azure/gpt-5-mini,gpt-5-mini,1,114,2948,2948,156,156,2792,0.052917,0.052917,0.947083,0.036376,0.036376,63.0,tl_0.947|en_0.053,en_0.053,"{""en"":0.052917,""tl"":0.947083}","{""en"":0.052917}"
domain_language_model,l2_domain,L2 Domain,telecom,filipino,TL,tl,tl,openrouter/moonshotai/kimi-k2.5,kimi-k2.5,1,114,3792,3792,57,59,3733,0.015032,0.015559,0.984441,0.0,0.0,34.0,tl_0.984|en_0.015|id_0.001,en_0.015|id_0.001,"{""en"":0.015032,""id"":0.000527,""tl"":0.984441}","{""en"":0.015032,""id"":0.000527}"
domain_language_model,l2_domain,L2 Domain,telecom,filipino,TL,tl,tl,vertex_ai/qwen/qwen3-235b-a22b-instruct-2507-maas,qwen-3-235b-it,1,114,3127,3127,906,931,2196,0.289735,0.297729,0.702271,0.264912,0.267949,36.0,tl_0.702|en_0.290|ko_0.008|si_0.000,en_0.290|ko_0.008|si_0.000,"{""en"":0.289735,""ko"":0.007675,""si"":0.00032,""tl"":0.702271}","{""en"":0.289735,""ko"":0.007675,""si"":0.00032}"
domain_language_model,l2_domain,L2 Domain,telecom,indonesian,ID,id,id,azure/gpt-5-mini,gpt-5-mini,1,114,2129,2129,9,11,2118,0.004227,0.005167,0.994833,0.0,0.0,16.0,id_0.995|en_0.004|ms_0.001,en_0.004|ms_0.001,"{""en"":0.004227,""id"":0.994833,""ms"":0.000939}","{""en"":0.004227,""ms"":0.000939}"
domain_language_model,l2_domain,L2 Domain,telecom,indonesian,ID,id,id,openrouter/moonshotai/Kimi-K2.5,kimi-k2.5,1,114,4161,4161,0,21,4140,0.0,0.005047,0.994953,0.0,0.0,48.0,id_0.995|es_0.004|ms_0.001,es_0.004|ms_0.001,"{""es"":0.004326,""id"":0.994953,""ms"":0.000721}","{""es"":0.004326,""ms"":0.000721}"
domain_language_model,l2_domain,L2 Domain,telecom,indonesian,ID,id,id,vertex_ai/qwen/qwen3-235b-a22b-instruct-2507-maas,qwen-3-235b-it,1,114,3661,3661,43,44,3617,0.011745,0.012019,0.987981,0.0,0.0,28.0,id_0.988|en_0.012|ms_0.000,en_0.012|ms_0.000,"{""en"":0.011745,""id"":0.987981,""ms"":0.000273}","{""en"":0.011745,""ms"":0.000273}"
domain_language_model,l2_domain,L2 Domain,telecom,thai,TH,th,th,azure/gpt-5-mini,gpt-5-mini,1,114,2592,2592,7,9,2583,0.002701,0.003472,0.996528,0.0,0.0,34.0,th_0.997|en_0.003|mk_0.000|zh_0.000,en_0.003|mk_0.000|zh_0.000,"{""en"":0.002701,""mk"":0.000386,""th"":0.996528,""zh"":0.000386}","{""en"":0.002701,""mk"":0.000386,""zh"":0.000386}"
domain_language_model,l2_domain,L2 Domain,telecom,thai,TH,th,th,openrouter/moonshotai/kimi-k2.5,kimi-k2.5,1,114,4095,4095,0,0,4095,0.0,0.0,1.0,0.0,0.0,,th_1.000,,"{""th"":1.0}",{}
domain_language_model,l2_domain,L2 Domain,telecom,thai,TH,th,th,vertex_ai/qwen/qwen3-235b-a22b-instruct-2507-maas,qwen-3-235b-it,1,114,3023,3023,556,573,2450,0.183923,0.189547,0.810453,0.1,0.125,34.0,th_0.810|en_0.184|ko_0.004|zh_0.001|si_0.000,en_0.184|ko_0.004|zh_0.001|si_0.000,"{""en"":0.183923,""ko"":0.0043,""si"":0.000331,""th"":0.810453,""zh"":0.000992}","{""en"":0.183923,""ko"":0.0043,""si"":0.000331,""zh"":0.000992}"
domain_language_model,l2_domain,L2 Domain,telecom,vietnamese,VI,vi,vi,azure/gpt-5-mini,gpt-5-mini,1,114,2965,2965,189,189,2776,0.063744,0.063744,0.936256,0.057984,0.057984,50.0,vi_0.936|en_0.064,en_0.064,"{""en"":0.063744,""vi"":0.936256}","{""en"":0.063744}"
domain_language_model,l2_domain,L2 Domain,telecom,vietnamese,VI,vi,vi,openrouter/moonshotai/Kimi-K2.5,kimi-k2.5,1,114,4579,4579,68,68,4511,0.01485,0.01485,0.98515,0.0,0.0,34.5,vi_0.985|en_0.015,en_0.015,"{""en"":0.01485,""vi"":0.98515}","{""en"":0.01485}"
domain_language_model,l2_domain,L2 Domain,telecom,vietnamese,VI,vi,vi,vertex_ai/qwen/qwen3-235b-a22b-instruct-2507-maas,qwen-3-235b-it,1,114,3557,3557,394,397,3160,0.110768,0.111611,0.888389,0.083333,0.083333,46.0,vi_0.888|en_0.111|ko_0.001|la_0.000,en_0.111|ko_0.001|la_0.000,"{""en"":0.110768,""ko"":0.000562,""la"":0.000281,""vi"":0.888389}","{""en"":0.110768,""ko"":0.000562,""la"":0.000281}"
domain_language_model,l2_interaction,L2 Interaction,airline,chinese,ZH,zh,zh,azure/kimi-k2.5,kimi-k2.5,1,50,862,862,29,29,833,0.033643,0.033643,0.966357,0.0,0.0,17.0,zh_0.966|en_0.034,en_0.034,"{""en"":0.033643,""zh"":0.966357}","{""en"":0.033643}"
domain_language_model,l2_interaction,L2 Interaction,airline,chinese,ZH,zh,zh,openrouter/openai/gpt-5-mini,gpt-5-mini,1,50,626,626,162,163,463,0.258786,0.260383,0.739617,0.283423,0.297059,17.0,zh_0.740|en_0.259|ja_0.002,en_0.259|ja_0.002,"{""en"":0.258786,""ja"":0.001597,""zh"":0.739617}","{""en"":0.258786,""ja"":0.001597}"
domain_language_model,l2_interaction,L2 Interaction,airline,chinese,ZH,zh,zh,together_ai/Qwen/Qwen3-235B-A22B-Instruct-2507-tput,qwen-3-235b-it,1,50,636,636,30,30,606,0.04717,0.04717,0.95283,0.0,0.0,17.0,zh_0.953|en_0.047,en_0.047,"{""en"":0.04717,""zh"":0.95283}","{""en"":0.04717}"
domain_language_model,l2_interaction,L2 Interaction,airline,filipino,TL,tl,tl,azure/kimi-k2.5,kimi-k2.5,1,50,941,941,178,178,763,0.18916,0.18916,0.81084,0.154762,0.154762,16.0,tl_0.811|en_0.189,en_0.189,"{""en"":0.18916,""tl"":0.81084}","{""en"":0.18916}"
domain_language_model,l2_interaction,L2 Interaction,airline,filipino,TL,tl,tl,openrouter/openai/gpt-5-mini,gpt-5-mini,1,50,677,677,135,136,541,0.199409,0.200886,0.799114,0.222527,0.222527,17.0,tl_0.799|en_0.199|es_0.001,en_0.199|es_0.001,"{""en"":0.199409,""es"":0.001477,""tl"":0.799114}","{""en"":0.199409,""es"":0.001477}"
domain_language_model,l2_interaction,L2 Interaction,airline,filipino,TL,tl,tl,together_ai/Qwen/Qwen3-235B-A22B-Instruct-2507-tput,qwen-3-235b-it,1,50,622,622,69,69,553,0.110932,0.110932,0.889068,0.090909,0.090909,18.0,tl_0.889|en_0.111,en_0.111,"{""en"":0.110932,""tl"":0.889068}","{""en"":0.110932}"
domain_language_model,l2_interaction,L2 Interaction,airline,indonesian,ID,id,id,azure/kimi-k2.5,kimi-k2.5,1,50,914,914,19,24,890,0.020788,0.026258,0.973742,0.0,0.0,13.5,id_0.974|en_0.021|ja_0.003|es_0.002,en_0.021|ja_0.003|es_0.002,"{""en"":0.020788,""es"":0.002188,""id"":0.973742,""ja"":0.003282}","{""en"":0.020788,""es"":0.002188,""ja"":0.003282}"
domain_language_model,l2_interaction,L2 Interaction,airline,indonesian,ID,id,id,openrouter/openai/gpt-5-mini,gpt-5-mini,1,50,652,652,125,126,526,0.191718,0.193252,0.806748,0.2,0.207143,17.0,id_0.807|en_0.192|lv_0.002,en_0.192|lv_0.002,"{""en"":0.191718,""id"":0.806748,""lv"":0.001534}","{""en"":0.191718,""lv"":0.001534}"
domain_language_model,l2_interaction,L2 Interaction,airline,indonesian,ID,id,id,together_ai/Qwen/Qwen3-235B-A22B-Instruct-2507-tput,qwen-3-235b-it,1,50,730,730,17,25,705,0.023288,0.034247,0.965753,0.0,0.0,12.0,id_0.966|en_0.023|zh_0.010|ms_0.001,en_0.023|zh_0.010|ms_0.001,"{""en"":0.023288,""id"":0.965753,""ms"":0.00137,""zh"":0.009589}","{""en"":0.023288,""ms"":0.00137,""zh"":0.009589}"
domain_language_model,l2_interaction,L2 Interaction,airline,thai,TH,th,th,azure/kimi-k2.5,kimi-k2.5,1,50,871,871,50,50,821,0.057405,0.057405,0.942595,0.044643,0.044643,13.0,th_0.943|en_0.057,en_0.057,"{""en"":0.057405,""th"":0.942595}","{""en"":0.057405}"
domain_language_model,l2_interaction,L2 Interaction,airline,thai,TH,th,th,openrouter/openai/gpt-5-mini,gpt-5-mini,1,50,604,604,83,83,521,0.137417,0.137417,0.862583,0.15,0.15,14.0,th_0.863|en_0.137,en_0.137,"{""en"":0.137417,""th"":0.862583}","{""en"":0.137417}"
domain_language_model,l2_interaction,L2 Interaction,airline,thai,TH,th,th,together_ai/Qwen/Qwen3-235B-A22B-Instruct-2507-tput,qwen-3-235b-it,1,50,606,606,21,21,585,0.034653,0.034653,0.965347,0.0,0.0,18.0,th_0.965|en_0.035,en_0.035,"{""en"":0.034653,""th"":0.965347}","{""en"":0.034653}"
domain_language_model,l2_interaction,L2 Interaction,airline,vietnamese,VI,vi,vi,azure/kimi-k2.5,kimi-k2.5,1,50,908,908,32,32,876,0.035242,0.035242,0.964758,0.0,0.0,12.5,vi_0.965|en_0.035,en_0.035,"{""en"":0.035242,""vi"":0.964758}","{""en"":0.035242}"
domain_language_model,l2_interaction,L2 Interaction,airline,vietnamese,VI,vi,vi,openrouter/openai/gpt-5-mini,gpt-5-mini,1,50,630,630,82,82,548,0.130159,0.130159,0.869841,0.154762,0.154762,16.0,vi_0.870|en_0.130,en_0.130,"{""en"":0.130159,""vi"":0.869841}","{""en"":0.130159}"
domain_language_model,l2_interaction,L2 Interaction,airline,vietnamese,VI,vi,vi,together_ai/Qwen/Qwen3-235B-A22B-Instruct-2507-tput,qwen-3-235b-it,1,50,730,730,25,25,705,0.034247,0.034247,0.965753,0.0,0.0,18.0,vi_0.966|en_0.034,en_0.034,"{""en"":0.034247,""vi"":0.965753}","{""en"":0.034247}"
domain_language_model,l2_interaction,L2 Interaction,retail,chinese,ZH,zh,zh,azure/kimi-k2.5,kimi-k2.5,1,114,2112,2112,13,13,2099,0.006155,0.006155,0.993845,0.0,0.0,20.0,zh_0.994|en_0.006,en_0.006,"{""en"":0.006155,""zh"":0.993845}","{""en"":0.006155}"
domain_language_model,l2_interaction,L2 Interaction,retail,chinese,ZH,zh,zh,openai//project/lt200394-thllmV/jab/seacrowd/models/Qwen/Qwen3-235B-A22B-Instruct-2507-FP8,qwen-3-235b-it,1,114,1580,1580,22,22,1558,0.013924,0.013924,0.986076,0.0,0.0,24.0,zh_0.986|en_0.014,en_0.014,"{""en"":0.013924,""zh"":0.986076}","{""en"":0.013924}"
domain_language_model,l2_interaction,L2 Interaction,retail,chinese,ZH,zh,zh,openrouter/openai/gpt-5-mini,gpt-5-mini,1,114,1852,1852,286,289,1563,0.154428,0.156048,0.843952,0.130435,0.130435,20.0,zh_0.844|en_0.154|ko_0.001|hu_0.001,en_0.154|ko_0.001|hu_0.001,"{""en"":0.154428,""hu"":0.00054,""ko"":0.00108,""zh"":0.843952}","{""en"":0.154428,""hu"":0.00054,""ko"":0.00108}"
domain_language_model,l2_interaction,L2 Interaction,retail,filipino,TL,tl,tl,azure/kimi-k2.5,kimi-k2.5,1,113,2392,2392,517,518,1874,0.216137,0.216555,0.783445,0.125,0.125,17.0,tl_0.783|en_0.216|sco_0.000,en_0.216|sco_0.000,"{""en"":0.216137,""sco"":0.000418,""tl"":0.783445}","{""en"":0.216137,""sco"":0.000418}"
domain_language_model,l2_interaction,L2 Interaction,retail,filipino,TL,tl,tl,openai//project/lt200394-thllmV/jab/seacrowd/models/Qwen/Qwen3-235B-A22B-Instruct-2507-FP8,qwen-3-235b-it,1,114,1664,1664,162,162,1502,0.097356,0.097356,0.902644,0.0,0.0,16.0,tl_0.903|en_0.097,en_0.097,"{""en"":0.097356,""tl"":0.902644}","{""en"":0.097356}"
domain_language_model,l2_interaction,L2 Interaction,retail,filipino,TL,tl,tl,openrouter/openai/gpt-5-mini,gpt-5-mini,1,114,1958,1958,113,113,1845,0.057712,0.057712,0.942288,0.05,0.05,23.0,tl_0.942|en_0.058,en_0.058,"{""en"":0.057712,""tl"":0.942288}","{""en"":0.057712}"
domain_language_model,l2_interaction,L2 Interaction,retail,indonesian,ID,id,id,azure/kimi-k2.5,kimi-k2.5,1,114,2221,2221,13,17,2204,0.005853,0.007654,0.992346,0.0,0.0,18.0,id_0.992|en_0.006|ja_0.001|ms_0.000,en_0.006|ja_0.001|ms_0.000,"{""en"":0.005853,""id"":0.992346,""ja"":0.001351,""ms"":0.00045}","{""en"":0.005853,""ja"":0.001351,""ms"":0.00045}"
domain_language_model,l2_interaction,L2 Interaction,retail,indonesian,ID,id,id,openai//project/lt200394-thllmV/jab/seacrowd/models/Qwen/Qwen3-235B-A22B-Instruct-2507-FP8,qwen-3-235b-it,1,114,1583,1583,8,12,1571,0.005054,0.007581,0.992419,0.0,0.0,23.0,id_0.992|en_0.005|ms_0.003,en_0.005|ms_0.003,"{""en"":0.005054,""id"":0.992419,""ms"":0.002527}","{""en"":0.005054,""ms"":0.002527}"
domain_language_model,l2_interaction,L2 Interaction,retail,indonesian,ID,id,id,openrouter/openai/gpt-5-mini,gpt-5-mini,1,114,1699,1699,101,104,1595,0.059447,0.061212,0.938788,0.032796,0.032796,21.0,id_0.939|en_0.059|ms_0.001|jv_0.001,en_0.059|ms_0.001|jv_0.001,"{""en"":0.059447,""id"":0.938788,""jv"":0.000589,""ms"":0.001177}","{""en"":0.059447,""jv"":0.000589,""ms"":0.001177}"
domain_language_model,l2_interaction,L2 Interaction,retail,thai,TH,th,th,azure/kimi-k2.5,kimi-k2.5,1,114,2052,2052,20,20,2032,0.009747,0.009747,0.990253,0.0,0.0,20.0,th_0.990|en_0.010,en_0.010,"{""en"":0.009747,""th"":0.990253}","{""en"":0.009747}"
domain_language_model,l2_interaction,L2 Interaction,retail,thai,TH,th,th,openai//project/lt200394-thllmV/jab/seacrowd/models/Qwen/Qwen3-235B-A22B-Instruct-2507-FP8,qwen-3-235b-it,1,114,1423,1423,21,21,1402,0.014758,0.014758,0.985242,0.0,0.0,16.0,th_0.985|en_0.015,en_0.015,"{""en"":0.014758,""th"":0.985242}","{""en"":0.014758}"
domain_language_model,l2_interaction,L2 Interaction,retail,thai,TH,th,th,openrouter/openai/gpt-5-mini,gpt-5-mini,1,113,1626,1626,36,36,1590,0.02214,0.02214,0.97786,0.0,0.0,20.0,th_0.978|en_0.022,en_0.022,"{""en"":0.02214,""th"":0.97786}","{""en"":0.02214}"
domain_language_model,l2_interaction,L2 Interaction,retail,vietnamese,VI,vi,vi,azure/kimi-k2.5,kimi-k2.5,1,114,2401,2401,15,15,2386,0.006247,0.006247,0.993753,0.0,0.0,18.0,vi_0.994|en_0.006,en_0.006,"{""en"":0.006247,""vi"":0.993753}","{""en"":0.006247}"
domain_language_model,l2_interaction,L2 Interaction,retail,vietnamese,VI,vi,vi,openai//project/lt200394-thllmV/jab/seacrowd/models/Qwen/Qwen3-235B-A22B-Instruct-2507-FP8,qwen-3-235b-it,1,114,1574,1574,23,23,1551,0.014612,0.014612,0.985388,0.0,0.0,18.0,vi_0.985|en_0.015,en_0.015,"{""en"":0.014612,""vi"":0.985388}","{""en"":0.014612}"
domain_language_model,l2_interaction,L2 Interaction,retail,vietnamese,VI,vi,vi,openrouter/openai/gpt-5-mini,gpt-5-mini,1,114,1736,1736,40,40,1696,0.023041,0.023041,0.976959,0.0,0.0,22.0,vi_0.977|en_0.023,en_0.023,"{""en"":0.023041,""vi"":0.976959}","{""en"":0.023041}"
domain_language_model,l2_interaction,L2 Interaction,telecom,chinese,ZH,zh,zh,azure/kimi-k2.5,kimi-k2.5,1,114,2579,2579,11,12,2567,0.004265,0.004653,0.995347,0.0,0.0,52.0,zh_0.995|en_0.004|ja_0.000,en_0.004|ja_0.000,"{""en"":0.004265,""ja"":0.000388,""zh"":0.995347}","{""en"":0.004265,""ja"":0.000388}"
domain_language_model,l2_interaction,L2 Interaction,telecom,chinese,ZH,zh,zh,openai//project/lt200394-thllmV/jab/seacrowd/models/Qwen/Qwen3-235B-A22B-Instruct-2507-FP8,qwen-3-235b-it,1,114,1289,1289,81,81,1208,0.062839,0.062839,0.937161,0.0,0.0,56.0,zh_0.937|en_0.063,en_0.063,"{""en"":0.062839,""zh"":0.937161}","{""en"":0.062839}"
domain_language_model,l2_interaction,L2 Interaction,telecom,chinese,ZH,zh,zh,openai/gpt-5-mini,gpt-5-mini,1,114,2090,2090,146,146,1944,0.069856,0.069856,0.930144,0.052632,0.052632,54.0,zh_0.930|en_0.070,en_0.070,"{""en"":0.069856,""zh"":0.930144}","{""en"":0.069856}"
domain_language_model,l2_interaction,L2 Interaction,telecom,filipino,TL,tl,tl,azure/kimi-k2.5,kimi-k2.5,1,114,3737,3737,81,81,3656,0.021675,0.021675,0.978325,0.0,0.0,32.0,tl_0.978|en_0.022,en_0.022,"{""en"":0.021675,""tl"":0.978325}","{""en"":0.021675}"
domain_language_model,l2_interaction,L2 Interaction,telecom,filipino,TL,tl,tl,openai//project/lt200394-thllmV/jab/seacrowd/models/Qwen/Qwen3-235B-A22B-Instruct-2507-FP8,qwen-3-235b-it,1,114,1429,1429,133,133,1296,0.093072,0.093072,0.906928,0.090909,0.090909,56.0,tl_0.907|en_0.093,en_0.093,"{""en"":0.093072,""tl"":0.906928}","{""en"":0.093072}"
domain_language_model,l2_interaction,L2 Interaction,telecom,filipino,TL,tl,tl,openai/gpt-5-mini,gpt-5-mini,1,114,2438,2438,151,152,2286,0.061936,0.062346,0.937654,0.043167,0.043478,54.0,tl_0.938|en_0.062|ja_0.000,en_0.062|ja_0.000,"{""en"":0.061936,""ja"":0.00041,""tl"":0.937654}","{""en"":0.061936,""ja"":0.00041}"
domain_language_model,l2_interaction,L2 Interaction,telecom,indonesian,ID,id,id,azure/kimi-k2.5,kimi-k2.5,1,114,3431,3431,7,19,3412,0.00204,0.005538,0.994462,0.0,0.0,26.0,id_0.994|ja_0.003|en_0.002|ms_0.001,ja_0.003|en_0.002|ms_0.001,"{""en"":0.00204,""id"":0.994462,""ja"":0.002623,""ms"":0.000874}","{""en"":0.00204,""ja"":0.002623,""ms"":0.000874}"
domain_language_model,l2_interaction,L2 Interaction,telecom,indonesian,ID,id,id,openai//project/lt200394-thllmV/jab/seacrowd/models/Qwen/Qwen3-235B-A22B-Instruct-2507-FP8,qwen-3-235b-it,1,114,2972,2972,120,146,2826,0.040377,0.049125,0.950875,0.037037,0.041667,58.0,id_0.951|en_0.040|zh_0.006|es_0.003|ja_0.000,en_0.040|zh_0.006|es_0.003|ja_0.000,"{""en"":0.040377,""es"":0.002692,""id"":0.950875,""ja"":0.000336,""zh"":0.00572}","{""en"":0.040377,""es"":0.002692,""ja"":0.000336,""zh"":0.00572}"
domain_language_model,l2_interaction,L2 Interaction,telecom,indonesian,ID,id,id,openai/gpt-5-mini,gpt-5-mini,1,114,3097,3097,177,179,2918,0.057152,0.057798,0.942202,0.04939,0.05,48.0,id_0.942|en_0.057|ms_0.001,en_0.057|ms_0.001,"{""en"":0.057152,""id"":0.942202,""ms"":0.000646}","{""en"":0.057152,""ms"":0.000646}"
domain_language_model,l2_interaction,L2 Interaction,telecom,thai,TH,th,th,azure/kimi-k2.5,kimi-k2.5,1,114,3071,3071,84,84,2987,0.027353,0.027353,0.972647,0.0,0.0,31.0,th_0.973|en_0.027,en_0.027,"{""en"":0.027353,""th"":0.972647}","{""en"":0.027353}"
domain_language_model,l2_interaction,L2 Interaction,telecom,thai,TH,th,th,openai//project/lt200394-thllmV/jab/seacrowd/models/Qwen/Qwen3-235B-A22B-Instruct-2507-FP8,qwen-3-235b-it,1,114,1649,1649,158,158,1491,0.095816,0.095816,0.904184,0.095454,0.095454,47.0,th_0.904|en_0.096,en_0.096,"{""en"":0.095816,""th"":0.904184}","{""en"":0.095816}"
domain_language_model,l2_interaction,L2 Interaction,telecom,thai,TH,th,th,openrouter/openai/gpt-5-mini,gpt-5-mini,1,114,2575,2575,158,158,2417,0.061359,0.061359,0.938641,0.056349,0.056349,54.0,th_0.939|en_0.061,en_0.061,"{""en"":0.061359,""th"":0.938641}","{""en"":0.061359}"
domain_language_model,l2_interaction,L2 Interaction,telecom,vietnamese,VI,vi,vi,azure/kimi-k2.5,kimi-k2.5,1,114,3674,3674,18,18,3656,0.004899,0.004899,0.995101,0.0,0.0,36.5,vi_0.995|en_0.005,en_0.005,"{""en"":0.004899,""vi"":0.995101}","{""en"":0.004899}"
domain_language_model,l2_interaction,L2 Interaction,telecom,vietnamese,VI,vi,vi,openai//project/lt200394-thllmV/jab/seacrowd/models/Qwen/Qwen3-235B-A22B-Instruct-2507-FP8,qwen-3-235b-it,1,114,2293,2293,164,164,2129,0.071522,0.071522,0.928478,0.066667,0.066667,52.0,vi_0.928|en_0.072,en_0.072,"{""en"":0.071522,""vi"":0.928478}","{""en"":0.071522}"
domain_language_model,l2_interaction,L2 Interaction,telecom,vietnamese,VI,vi,vi,openrouter/openai/gpt-5-mini,gpt-5-mini,1,114,3249,3249,185,185,3064,0.056941,0.056941,0.943059,0.055556,0.055556,58.0,vi_0.943|en_0.057,en_0.057,"{""en"":0.056941,""vi"":0.943059}","{""en"":0.056941}"
domain_language_model,l2_tools,L2 Tools,airline,chinese,ZH,zh,en,openai/gpt-5-mini,gpt-5-mini,1,50,697,697,697,0,697,1.0,0.0,1.0,1.0,0.0,,en_1.000,,"{""en"":1.0}",{}
domain_language_model,l2_tools,L2 Tools,airline,chinese,ZH,zh,en,vertex_ai/qwen/qwen3-235b-a22b-instruct-2507-maas,qwen-3-235b-it,1,50,826,826,826,0,826,1.0,0.0,1.0,1.0,0.0,,en_1.000,,"{""en"":1.0}",{}
domain_language_model,l2_tools,L2 Tools,airline,filipino,TL,tl,en,azure/gpt-5-mini,gpt-5-mini,1,50,675,675,675,0,675,1.0,0.0,1.0,1.0,0.0,,en_1.000,,"{""en"":1.0}",{}
domain_language_model,l2_tools,L2 Tools,airline,filipino,TL,tl,en,vertex_ai/qwen/qwen3-235b-a22b-instruct-2507-maas,qwen-3-235b-it,1,50,833,833,833,0,833,1.0,0.0,1.0,1.0,0.0,,en_1.000,,"{""en"":1.0}",{}
domain_language_model,l2_tools,L2 Tools,airline,indonesian,ID,id,en,openai/gpt-5-mini,gpt-5-mini,1,50,678,678,678,0,678,1.0,0.0,1.0,1.0,0.0,,en_1.000,,"{""en"":1.0}",{}
domain_language_model,l2_tools,L2 Tools,airline,indonesian,ID,id,en,vertex_ai/qwen/qwen3-235b-a22b-instruct-2507-maas,qwen-3-235b-it,1,50,803,803,803,0,803,1.0,0.0,1.0,1.0,0.0,,en_1.000,,"{""en"":1.0}",{}
domain_language_model,l2_tools,L2 Tools,airline,thai,TH,th,en,openai/gpt-5-mini,gpt-5-mini,1,50,684,684,684,0,684,1.0,0.0,1.0,1.0,0.0,,en_1.000,,"{""en"":1.0}",{}
domain_language_model,l2_tools,L2 Tools,airline,thai,TH,th,en,vertex_ai/qwen/qwen3-235b-a22b-instruct-2507-maas,qwen-3-235b-it,1,50,856,856,856,0,856,1.0,0.0,1.0,1.0,0.0,,en_1.000,,"{""en"":1.0}",{}
domain_language_model,l2_tools,L2 Tools,airline,tool_mix_2,Mix 2,tool_mix_2,en,openai/gpt-5-mini,gpt-5-mini,1,50,665,665,664,1,664,0.998496,0.001504,0.998496,1.0,0.0,43.0,en_0.998|el_0.002,el_0.002,"{""el"":0.001504,""en"":0.998496}","{""el"":0.001504}"
domain_language_model,l2_tools,L2 Tools,airline,tool_mix_2,Mix 2,tool_mix_2,en,vertex_ai/qwen/qwen3-235b-a22b-instruct-2507-maas,qwen-3-235b-it,1,50,779,779,779,0,779,1.0,0.0,1.0,1.0,0.0,,en_1.000,,"{""en"":1.0}",{}
domain_language_model,l2_tools,L2 Tools,airline,tool_mix_3,Mix 3,tool_mix_3,en,openai/gpt-5-mini,gpt-5-mini,1,50,699,699,699,0,699,1.0,0.0,1.0,1.0,0.0,,en_1.000,,"{""en"":1.0}",{}
domain_language_model,l2_tools,L2 Tools,airline,tool_mix_3,Mix 3,tool_mix_3,en,vertex_ai/qwen/qwen3-235b-a22b-instruct-2507-maas,qwen-3-235b-it,1,50,838,838,838,0,838,1.0,0.0,1.0,1.0,0.0,,en_1.000,,"{""en"":1.0}",{}
domain_language_model,l2_tools,L2 Tools,airline,tool_mix_4,Mix 4,tool_mix_4,en,openai/gpt-5-mini,gpt-5-mini,1,50,714,714,714,0,714,1.0,0.0,1.0,1.0,0.0,,en_1.000,,"{""en"":1.0}",{}
domain_language_model,l2_tools,L2 Tools,airline,tool_mix_4,Mix 4,tool_mix_4,en,vertex_ai/qwen/qwen3-235b-a22b-instruct-2507-maas,qwen-3-235b-it,1,50,795,795,795,0,795,1.0,0.0,1.0,1.0,0.0,,en_1.000,,"{""en"":1.0}",{}
domain_language_model,l2_tools,L2 Tools,airline,tool_mix_5,Mix 5,tool_mix_5,en,openai/gpt-5-mini,gpt-5-mini,1,50,666,666,666,0,666,1.0,0.0,1.0,1.0,0.0,,en_1.000,,"{""en"":1.0}",{}
domain_language_model,l2_tools,L2 Tools,airline,tool_mix_5,Mix 5,tool_mix_5,en,vertex_ai/qwen/qwen3-235b-a22b-instruct-2507-maas,qwen-3-235b-it,1,50,821,821,821,0,821,1.0,0.0,1.0,1.0,0.0,,en_1.000,,"{""en"":1.0}",{}
domain_language_model,l2_tools,L2 Tools,airline,vietnamese,VI,vi,en,openai/gpt-5-mini,gpt-5-mini,1,50,697,697,697,0,697,1.0,0.0,1.0,1.0,0.0,,en_1.000,,"{""en"":1.0}",{}
domain_language_model,l2_tools,L2 Tools,airline,vietnamese,VI,vi,en,vertex_ai/qwen/qwen3-235b-a22b-instruct-2507-maas,qwen-3-235b-it,1,50,790,790,790,0,790,1.0,0.0,1.0,1.0,0.0,,en_1.000,,"{""en"":1.0}",{}
domain_language_model,l2_tools,L2 Tools,retail,chinese,ZH,zh,en,openai/gpt-5-mini,gpt-5-mini,1,114,1704,1704,1704,0,1704,1.0,0.0,1.0,1.0,0.0,,en_1.000,,"{""en"":1.0}",{}
domain_language_model,l2_tools,L2 Tools,retail,chinese,ZH,zh,en,vertex_ai/qwen/qwen3-235b-a22b-instruct-2507-maas,qwen-3-235b-it,1,114,1907,1907,1907,0,1907,1.0,0.0,1.0,1.0,0.0,,en_1.000,,"{""en"":1.0}",{}
domain_language_model,l2_tools,L2 Tools,retail,filipino,TL,tl,en,azure/gpt-5-mini,gpt-5-mini,1,114,1730,1730,1730,0,1730,1.0,0.0,1.0,1.0,0.0,,en_1.000,,"{""en"":1.0}",{}
domain_language_model,l2_tools,L2 Tools,retail,filipino,TL,tl,en,vertex_ai/qwen/qwen3-235b-a22b-instruct-2507-maas,qwen-3-235b-it,1,114,1924,1924,1924,0,1924,1.0,0.0,1.0,1.0,0.0,,en_1.000,,"{""en"":1.0}",{}
domain_language_model,l2_tools,L2 Tools,retail,indonesian,ID,id,en,openai/gpt-5-mini,gpt-5-mini,1,114,1735,1735,1735,0,1735,1.0,0.0,1.0,1.0,0.0,,en_1.000,,"{""en"":1.0}",{}
domain_language_model,l2_tools,L2 Tools,retail,indonesian,ID,id,en,vertex_ai/qwen/qwen3-235b-a22b-instruct-2507-maas,qwen-3-235b-it,1,114,1911,1911,1911,0,1911,1.0,0.0,1.0,1.0,0.0,,en_1.000,,"{""en"":1.0}",{}
domain_language_model,l2_tools,L2 Tools,retail,thai,TH,th,en,openai/gpt-5-mini,gpt-5-mini,1,114,1740,1740,1740,0,1740,1.0,0.0,1.0,1.0,0.0,,en_1.000,,"{""en"":1.0}",{}
domain_language_model,l2_tools,L2 Tools,retail,thai,TH,th,en,vertex_ai/qwen/qwen3-235b-a22b-instruct-2507-maas,qwen-3-235b-it,1,114,1905,1905,1905,0,1905,1.0,0.0,1.0,1.0,0.0,,en_1.000,,"{""en"":1.0}",{}
domain_language_model,l2_tools,L2 Tools,retail,tool_mix_2,Mix 2,tool_mix_2,en,openai/gpt-5-mini,gpt-5-mini,1,114,1751,1751,1751,0,1751,1.0,0.0,1.0,1.0,0.0,,en_1.000,,"{""en"":1.0}",{}
domain_language_model,l2_tools,L2 Tools,retail,tool_mix_2,Mix 2,tool_mix_2,en,vertex_ai/qwen/qwen3-235b-a22b-instruct-2507-maas,qwen-3-235b-it,1,114,1879,1879,1879,0,1879,1.0,0.0,1.0,1.0,0.0,,en_1.000,,"{""en"":1.0}",{}
domain_language_model,l2_tools,L2 Tools,retail,tool_mix_3,Mix 3,tool_mix_3,en,openai/gpt-5-mini,gpt-5-mini,1,114,1746,1746,1746,0,1746,1.0,0.0,1.0,1.0,0.0,,en_1.000,,"{""en"":1.0}",{}
domain_language_model,l2_tools,L2 Tools,retail,tool_mix_3,Mix 3,tool_mix_3,en,vertex_ai/qwen/qwen3-235b-a22b-instruct-2507-maas,qwen-3-235b-it,1,114,1972,1972,1972,0,1972,1.0,0.0,1.0,1.0,0.0,,en_1.000,,"{""en"":1.0}",{}
domain_language_model,l2_tools,L2 Tools,retail,tool_mix_4,Mix 4,tool_mix_4,en,openai/gpt-5-mini,gpt-5-mini,1,114,1812,1812,1812,0,1812,1.0,0.0,1.0,1.0,0.0,,en_1.000,,"{""en"":1.0}",{}
domain_language_model,l2_tools,L2 Tools,retail,tool_mix_4,Mix 4,tool_mix_4,en,vertex_ai/qwen/qwen3-235b-a22b-instruct-2507-maas,qwen-3-235b-it,1,114,1975,1975,1975,0,1975,1.0,0.0,1.0,1.0,0.0,,en_1.000,,"{""en"":1.0}",{}
domain_language_model,l2_tools,L2 Tools,retail,tool_mix_5,Mix 5,tool_mix_5,en,openai/gpt-5-mini,gpt-5-mini,1,114,1790,1790,1790,0,1790,1.0,0.0,1.0,1.0,0.0,,en_1.000,,"{""en"":1.0}",{}
domain_language_model,l2_tools,L2 Tools,retail,tool_mix_5,Mix 5,tool_mix_5,en,vertex_ai/qwen/qwen3-235b-a22b-instruct-2507-maas,qwen-3-235b-it,1,114,1946,1946,1946,0,1946,1.0,0.0,1.0,1.0,0.0,,en_1.000,,"{""en"":1.0}",{}
domain_language_model,l2_tools,L2 Tools,retail,vietnamese,VI,vi,en,openai/gpt-5-mini,gpt-5-mini,1,114,1743,1743,1743,0,1743,1.0,0.0,1.0,1.0,0.0,,en_1.000,,"{""en"":1.0}",{}
domain_language_model,l2_tools,L2 Tools,retail,vietnamese,VI,vi,en,vertex_ai/qwen/qwen3-235b-a22b-instruct-2507-maas,qwen-3-235b-it,1,114,1948,1948,1948,0,1948,1.0,0.0,1.0,1.0,0.0,,en_1.000,,"{""en"":1.0}",{}
domain_language_model,l2_tools,L2 Tools,telecom,chinese,ZH,zh,en,openai/gpt-5-mini,gpt-5-mini,1,114,2987,2987,2986,1,2986,0.999665,0.000335,0.999665,1.0,0.0,18.0,en_1.000|pa_0.000,pa_0.000,"{""en"":0.999665,""pa"":0.000335}","{""pa"":0.000335}"
domain_language_model,l2_tools,L2 Tools,telecom,chinese,ZH,zh,en,vertex_ai/qwen/qwen3-235b-a22b-instruct-2507-maas,qwen-3-235b-it,1,114,4202,4202,4116,86,4116,0.979534,0.020466,0.979534,1.0,0.0,32.0,en_0.980|ko_0.019|si_0.001|la_0.000,ko_0.019|si_0.001|la_0.000,"{""en"":0.979534,""ko"":0.019277,""la"":0.000238,""si"":0.000952}","{""ko"":0.019277,""la"":0.000238,""si"":0.000952}"
domain_language_model,l2_tools,L2 Tools,telecom,filipino,TL,tl,en,azure/gpt-5-mini,gpt-5-mini,1,114,2928,2928,2928,0,2928,1.0,0.0,1.0,1.0,0.0,,en_1.000,,"{""en"":1.0}",{}
domain_language_model,l2_tools,L2 Tools,telecom,filipino,TL,tl,en,vertex_ai/qwen/qwen3-235b-a22b-instruct-2507-maas,qwen-3-235b-it,1,114,3883,3883,3803,80,3803,0.979397,0.020603,0.979397,1.0,0.0,26.0,en_0.979|ko_0.019|si_0.001,ko_0.019|si_0.001,"{""en"":0.979397,""ko"":0.019315,""si"":0.001288}","{""ko"":0.019315,""si"":0.001288}"
domain_language_model,l2_tools,L2 Tools,telecom,indonesian,ID,id,en,openai/gpt-5-mini,gpt-5-mini,1,114,2839,2839,2839,0,2839,1.0,0.0,1.0,1.0,0.0,,en_1.000,,"{""en"":1.0}",{}
domain_language_model,l2_tools,L2 Tools,telecom,indonesian,ID,id,en,vertex_ai/qwen/qwen3-235b-a22b-instruct-2507-maas,qwen-3-235b-it,1,114,3875,3875,3819,56,3819,0.985548,0.014452,0.985548,1.0,0.0,28.0,en_0.986|ko_0.013|si_0.001,ko_0.013|si_0.001,"{""en"":0.985548,""ko"":0.013419,""si"":0.001032}","{""ko"":0.013419,""si"":0.001032}"
domain_language_model,l2_tools,L2 Tools,telecom,thai,TH,th,en,openai/gpt-5-mini,gpt-5-mini,1,114,2769,2769,2769,0,2769,1.0,0.0,1.0,1.0,0.0,,en_1.000,,"{""en"":1.0}",{}
domain_language_model,l2_tools,L2 Tools,telecom,thai,TH,th,en,vertex_ai/qwen/qwen3-235b-a22b-instruct-2507-maas,qwen-3-235b-it,1,114,3663,3663,3628,35,3628,0.990445,0.009555,0.990445,1.0,0.0,34.0,en_0.990|ko_0.010,ko_0.010,"{""en"":0.990445,""ko"":0.009555}","{""ko"":0.009555}"
domain_language_model,l2_tools,L2 Tools,telecom,tool_mix_2,Mix 2,tool_mix_2,en,openai/gpt-5-mini,gpt-5-mini,1,114,2853,2853,2852,1,2852,0.999649,0.000351,0.999649,1.0,0.0,32.0,en_1.000|ja_0.000,ja_0.000,"{""en"":0.999649,""ja"":0.000351}","{""ja"":0.000351}"
domain_language_model,l2_tools,L2 Tools,telecom,tool_mix_2,Mix 2,tool_mix_2,en,vertex_ai/qwen/qwen3-235b-a22b-instruct-2507-maas,qwen-3-235b-it,1,114,3907,3907,3844,63,3844,0.983875,0.016125,0.983875,1.0,0.0,24.0,en_0.984|ko_0.016|si_0.001,ko_0.016|si_0.001,"{""en"":0.983875,""ko"":0.015613,""si"":0.000512}","{""ko"":0.015613,""si"":0.000512}"
domain_language_model,l2_tools,L2 Tools,telecom,tool_mix_3,Mix 3,tool_mix_3,en,openai/gpt-5-mini,gpt-5-mini,1,114,2965,2965,2965,0,2965,1.0,0.0,1.0,1.0,0.0,,en_1.000,,"{""en"":1.0}",{}
domain_language_model,l2_tools,L2 Tools,telecom,tool_mix_3,Mix 3,tool_mix_3,en,vertex_ai/qwen/qwen3-235b-a22b-instruct-2507-maas,qwen-3-235b-it,1,114,3701,3701,3638,63,3638,0.982978,0.017022,0.982978,1.0,0.0,30.0,en_0.983|ko_0.016|si_0.001,ko_0.016|si_0.001,"{""en"":0.982978,""ko"":0.015942,""si"":0.001081}","{""ko"":0.015942,""si"":0.001081}"
domain_language_model,l2_tools,L2 Tools,telecom,tool_mix_4,Mix 4,tool_mix_4,en,openai/gpt-5-mini,gpt-5-mini,1,114,2888,2888,2888,0,2888,1.0,0.0,1.0,1.0,0.0,,en_1.000,,"{""en"":1.0}",{}
domain_language_model,l2_tools,L2 Tools,telecom,tool_mix_4,Mix 4,tool_mix_4,en,vertex_ai/qwen/qwen3-235b-a22b-instruct-2507-maas,qwen-3-235b-it,1,114,3675,3675,3621,54,3621,0.985306,0.014694,0.985306,1.0,0.0,29.0,en_0.985|ko_0.013|si_0.002,ko_0.013|si_0.002,"{""en"":0.985306,""ko"":0.012789,""si"":0.001905}","{""ko"":0.012789,""si"":0.001905}"
domain_language_model,l2_tools,L2 Tools,telecom,tool_mix_5,Mix 5,tool_mix_5,en,openai/gpt-5-mini,gpt-5-mini,1,114,2848,2848,2848,0,2848,1.0,0.0,1.0,1.0,0.0,,en_1.000,,"{""en"":1.0}",{}
domain_language_model,l2_tools,L2 Tools,telecom,tool_mix_5,Mix 5,tool_mix_5,en,vertex_ai/qwen/qwen3-235b-a22b-instruct-2507-maas,qwen-3-235b-it,1,114,3782,3782,3722,60,3722,0.984135,0.015865,0.984135,1.0,0.0,28.0,en_0.984|ko_0.015|si_0.001,ko_0.015|si_0.001,"{""en"":0.984135,""ko"":0.014807,""si"":0.001058}","{""ko"":0.014807,""si"":0.001058}"
domain_language_model,l2_tools,L2 Tools,telecom,vietnamese,VI,vi,en,openai/gpt-5-mini,gpt-5-mini,1,114,2866,2866,2866,0,2866,1.0,0.0,1.0,1.0,0.0,,en_1.000,,"{""en"":1.0}",{}
domain_language_model,l2_tools,L2 Tools,telecom,vietnamese,VI,vi,en,vertex_ai/qwen/qwen3-235b-a22b-instruct-2507-maas,qwen-3-235b-it,1,114,4082,4082,4008,74,4008,0.981872,0.018128,0.981872,1.0,0.0,33.0,en_0.982|ko_0.017|si_0.001,ko_0.017|si_0.001,"{""en"":0.981872,""ko"":0.017393,""si"":0.000735}","{""ko"":0.017393,""si"":0.000735}"
domain_language,english,En Baseline,airline,english,EN,en,en,,,3,50,2340,2340,2340,0,2340,1.0,0.0,1.0,1.0,0.0,,en_1.000,,"{""en"":1.0}",{}
domain_language,english,En Baseline,retail,english,EN,en,en,,,3,114,5812,5812,5812,0,5812,1.0,0.0,1.0,1.0,0.0,,en_1.000,,"{""en"":1.0}",{}
domain_language,english,En Baseline,telecom,english,EN,en,en,,,3,114,9049,9049,9048,1,9048,0.999889,0.000111,0.999889,1.0,0.0,26.0,en_1.000|pa_0.000,pa_0.000,"{""en"":0.999889,""pa"":0.000111}","{""pa"":0.000111}"
domain_language,l2_domain,L2 Domain,airline,chinese,ZH,zh,zh,,,3,50,2556,2556,30,33,2523,0.011737,0.012911,0.987089,0.0,0.0,19.0,zh_0.987|en_0.012|ko_0.001,en_0.012|ko_0.001,"{""en"":0.011737,""ko"":0.001174,""zh"":0.987089}","{""en"":0.011737,""ko"":0.001174}"
domain_language,l2_domain,L2 Domain,airline,filipino,TL,tl,tl,,,3,50,2478,2478,177,177,2301,0.071429,0.071429,0.928571,0.059715,0.059715,14.0,tl_0.929|en_0.071,en_0.071,"{""en"":0.071429,""tl"":0.928571}","{""en"":0.071429}"
domain_language,l2_domain,L2 Domain,airline,indonesian,ID,id,id,,,3,50,2319,2319,158,160,2159,0.068133,0.068995,0.931005,0.052632,0.052632,14.0,id_0.931|en_0.068|it_0.000|ms_0.000,en_0.068|it_0.000|ms_0.000,"{""en"":0.068133,""id"":0.931005,""it"":0.000431,""ms"":0.000431}","{""en"":0.068133,""it"":0.000431,""ms"":0.000431}"
domain_language,l2_domain,L2 Domain,airline,thai,TH,th,th,,,3,50,2386,2386,4,4,2382,0.001676,0.001676,0.998324,0.0,0.0,16.0,th_0.998|en_0.002,en_0.002,"{""en"":0.001676,""th"":0.998324}","{""en"":0.001676}"
domain_language,l2_domain,L2 Domain,airline,vietnamese,VI,vi,vi,,,3,50,2494,2494,2,2,2492,0.000802,0.000802,0.999198,0.0,0.0,11.0,vi_0.999|en_0.001,en_0.001,"{""en"":0.000802,""vi"":0.999198}","{""en"":0.000802}"
domain_language,l2_domain,L2 Domain,retail,chinese,ZH,zh,zh,,,3,114,6990,6990,62,65,6925,0.00887,0.009299,0.990701,0.0,0.0,20.0,zh_0.991|en_0.009|ko_0.000,en_0.009|ko_0.000,"{""en"":0.00887,""ko"":0.000429,""zh"":0.990701}","{""en"":0.00887,""ko"":0.000429}"
domain_language,l2_domain,L2 Domain,retail,filipino,TL,tl,tl,,,3,114,6419,6419,256,262,6157,0.039882,0.040816,0.959184,0.0,0.0,26.0,tl_0.959|en_0.040|ms_0.001|su_0.000,en_0.040|ms_0.001|su_0.000,"{""en"":0.039882,""ms"":0.000779,""su"":0.000156,""tl"":0.959184}","{""en"":0.039882,""ms"":0.000779,""su"":0.000156}"
domain_language,l2_domain,L2 Domain,retail,indonesian,ID,id,id,,,3,114,6034,6034,204,211,5823,0.033808,0.034969,0.965031,0.0,0.0,26.0,id_0.965|en_0.034|ms_0.001,en_0.034|ms_0.001,"{""en"":0.033808,""id"":0.965031,""ms"":0.00116}","{""en"":0.033808,""ms"":0.00116}"
domain_language,l2_domain,L2 Domain,retail,thai,TH,th,th,,,3,114,6406,6406,7,7,6399,0.001093,0.001093,0.998907,0.0,0.0,8.0,th_0.999|en_0.001,en_0.001,"{""en"":0.001093,""th"":0.998907}","{""en"":0.001093}"
domain_language,l2_domain,L2 Domain,retail,vietnamese,VI,vi,vi,,,3,114,6196,6196,5,5,6191,0.000807,0.000807,0.999193,0.0,0.0,18.0,vi_0.999|en_0.001,en_0.001,"{""en"":0.000807,""vi"":0.999193}","{""en"":0.000807}"
domain_language,l2_domain,L2 Domain,telecom,chinese,ZH,zh,zh,,,3,114,8373,8373,1124,1157,7216,0.134241,0.138182,0.861818,0.0,0.0,26.0,zh_0.862|en_0.134|ko_0.004,en_0.134|ko_0.004,"{""en"":0.134241,""ko"":0.003941,""zh"":0.861818}","{""en"":0.134241,""ko"":0.003941}"
domain_language,l2_domain,L2 Domain,telecom,filipino,TL,tl,tl,,,3,114,9867,9867,1119,1146,8721,0.113408,0.116145,0.883855,0.057984,0.057984,40.0,tl_0.884|en_0.113|ko_0.002|id_0.000|si_0.000,en_0.113|ko_0.002|id_0.000|si_0.000,"{""en"":0.113408,""id"":0.000203,""ko"":0.002432,""si"":0.000101,""tl"":0.883855}","{""en"":0.113408,""id"":0.000203,""ko"":0.002432,""si"":0.000101}"
domain_language,l2_domain,L2 Domain,telecom,indonesian,ID,id,id,,,3,114,9951,9951,52,76,9875,0.005226,0.007637,0.992363,0.0,0.0,31.0,id_0.992|en_0.005|es_0.002|ms_0.001,en_0.005|es_0.002|ms_0.001,"{""en"":0.005226,""es"":0.001809,""id"":0.992363,""ms"":0.000603}","{""en"":0.005226,""es"":0.001809,""ms"":0.000603}"
domain_language,l2_domain,L2 Domain,telecom,thai,TH,th,th,,,3,114,9710,9710,563,582,9128,0.057981,0.059938,0.940062,0.0,0.0,34.0,th_0.940|en_0.058|ko_0.001|zh_0.000|mk_0.000|si_0.000,en_0.058|ko_0.001|zh_0.000|mk_0.000|si_0.000,"{""en"":0.057981,""ko"":0.001339,""mk"":0.000103,""si"":0.000103,""th"":0.940062,""zh"":0.000412}","{""en"":0.057981,""ko"":0.001339,""mk"":0.000103,""si"":0.000103,""zh"":0.000412}"
domain_language,l2_domain,L2 Domain,telecom,vietnamese,VI,vi,vi,,,3,114,11101,11101,651,654,10447,0.058643,0.058914,0.941086,0.045455,0.045455,46.0,vi_0.941|en_0.059|ko_0.000|la_0.000,en_0.059|ko_0.000|la_0.000,"{""en"":0.058643,""ko"":0.00018,""la"":9e-05,""vi"":0.941086}","{""en"":0.058643,""ko"":0.00018,""la"":9e-05}"
domain_language,l2_interaction,L2 Interaction,airline,chinese,ZH,zh,zh,,,3,50,2124,2124,221,222,1902,0.104049,0.10452,0.89548,0.060662,0.060662,17.0,zh_0.895|en_0.104|ja_0.000,en_0.104|ja_0.000,"{""en"":0.104049,""ja"":0.000471,""zh"":0.89548}","{""en"":0.104049,""ja"":0.000471}"
domain_language,l2_interaction,L2 Interaction,airline,filipino,TL,tl,tl,,,3,50,2240,2240,382,383,1857,0.170536,0.170982,0.829018,0.160257,0.160257,17.0,tl_0.829|en_0.171|es_0.000,en_0.171|es_0.000,"{""en"":0.170536,""es"":0.000446,""tl"":0.829018}","{""en"":0.170536,""es"":0.000446}"
domain_language,l2_interaction,L2 Interaction,airline,indonesian,ID,id,id,,,3,50,2296,2296,161,175,2121,0.070122,0.07622,0.92378,0.02,0.047619,16.0,id_0.924|en_0.070|zh_0.003|ja_0.001|es_0.001|lv_0.000|ms_0.000,en_0.070|zh_0.003|ja_0.001|es_0.001|lv_0.000|ms_0.000,"{""en"":0.070122,""es"":0.000871,""id"":0.92378,""ja"":0.001307,""lv"":0.000436,""ms"":0.000436,""zh"":0.003049}","{""en"":0.070122,""es"":0.000871,""ja"":0.001307,""lv"":0.000436,""ms"":0.000436,""zh"":0.003049}"
domain_language,l2_interaction,L2 Interaction,airline,thai,TH,th,th,,,3,50,2081,2081,154,154,1927,0.074003,0.074003,0.925997,0.047619,0.047619,14.0,th_0.926|en_0.074,en_0.074,"{""en"":0.074003,""th"":0.925997}","{""en"":0.074003}"
domain_language,l2_interaction,L2 Interaction,airline,vietnamese,VI,vi,vi,,,3,50,2268,2268,139,139,2129,0.061287,0.061287,0.938713,0.045549,0.045549,16.0,vi_0.939|en_0.061,en_0.061,"{""en"":0.061287,""vi"":0.938713}","{""en"":0.061287}"
domain_language,l2_interaction,L2 Interaction,retail,chinese,ZH,zh,zh,,,3,114,5544,5544,321,324,5220,0.0579,0.058442,0.941558,0.0,0.0,20.5,zh_0.942|en_0.058|ko_0.000|hu_0.000,en_0.058|ko_0.000|hu_0.000,"{""en"":0.0579,""hu"":0.00018,""ko"":0.000361,""zh"":0.941558}","{""en"":0.0579,""hu"":0.00018,""ko"":0.000361}"
domain_language,l2_interaction,L2 Interaction,retail,filipino,TL,tl,tl,,,3,114,6014,6014,792,793,5221,0.131693,0.131859,0.868141,0.058824,0.058824,18.0,tl_0.868|en_0.132|sco_0.000,en_0.132|sco_0.000,"{""en"":0.131693,""sco"":0.000166,""tl"":0.868141}","{""en"":0.131693,""sco"":0.000166}"
domain_language,l2_interaction,L2 Interaction,retail,indonesian,ID,id,id,,,3,114,5503,5503,122,133,5370,0.02217,0.024169,0.975831,0.0,0.0,20.0,id_0.976|en_0.022|ms_0.001|ja_0.001|jv_0.000,en_0.022|ms_0.001|ja_0.001|jv_0.000,"{""en"":0.02217,""id"":0.975831,""ja"":0.000545,""jv"":0.000182,""ms"":0.001272}","{""en"":0.02217,""ja"":0.000545,""jv"":0.000182,""ms"":0.001272}"
domain_language,l2_interaction,L2 Interaction,retail,thai,TH,th,th,,,3,114,5101,5101,77,77,5024,0.015095,0.015095,0.984905,0.0,0.0,20.0,th_0.985|en_0.015,en_0.015,"{""en"":0.015095,""th"":0.984905}","{""en"":0.015095}"
domain_language,l2_interaction,L2 Interaction,retail,vietnamese,VI,vi,vi,,,3,114,5711,5711,78,78,5633,0.013658,0.013658,0.986342,0.0,0.0,19.0,vi_0.986|en_0.014,en_0.014,"{""en"":0.013658,""vi"":0.986342}","{""en"":0.013658}"
domain_language,l2_interaction,L2 Interaction,telecom,chinese,ZH,zh,zh,,,3,114,5958,5958,238,239,5719,0.039946,0.040114,0.959886,0.0,0.0,54.0,zh_0.960|en_0.040|ja_0.000,en_0.040|ja_0.000,"{""en"":0.039946,""ja"":0.000168,""zh"":0.959886}","{""en"":0.039946,""ja"":0.000168}"
domain_language,l2_interaction,L2 Interaction,telecom,filipino,TL,tl,tl,,,3,114,7604,7604,365,366,7238,0.048001,0.048133,0.951867,0.036376,0.03775,52.0,tl_0.952|en_0.048|ja_0.000,en_0.048|ja_0.000,"{""en"":0.048001,""ja"":0.000132,""tl"":0.951867}","{""en"":0.048001,""ja"":0.000132}"
domain_language,l2_interaction,L2 Interaction,telecom,indonesian,ID,id,id,,,3,114,9500,9500,304,344,9156,0.032,0.036211,0.963789,0.0,0.028571,52.0,id_0.964|en_0.032|zh_0.002|ja_0.001|es_0.001|ms_0.001,en_0.032|zh_0.002|ja_0.001|es_0.001|ms_0.001,"{""en"":0.032,""es"":0.000842,""id"":0.963789,""ja"":0.001053,""ms"":0.000526,""zh"":0.001789}","{""en"":0.032,""es"":0.000842,""ja"":0.001053,""ms"":0.000526,""zh"":0.001789}"
domain_language,l2_interaction,L2 Interaction,telecom,thai,TH,th,th,,,3,114,7295,7295,400,400,6895,0.054832,0.054832,0.945168,0.052632,0.052632,46.0,th_0.945|en_0.055,en_0.055,"{""en"":0.054832,""th"":0.945168}","{""en"":0.054832}"
domain_language,l2_interaction,L2 Interaction,telecom,vietnamese,VI,vi,vi,,,3,114,9216,9216,367,367,8849,0.039822,0.039822,0.960178,0.03125,0.03125,54.0,vi_0.960|en_0.040,en_0.040,"{""en"":0.039822,""vi"":0.960178}","{""en"":0.039822}"
domain_language,l2_tools,L2 Tools,airline,chinese,ZH,zh,en,,,2,50,1523,1523,1523,0,1523,1.0,0.0,1.0,1.0,0.0,,en_1.000,,"{""en"":1.0}",{}
domain_language,l2_tools,L2 Tools,airline,filipino,TL,tl,en,,,2,50,1508,1508,1508,0,1508,1.0,0.0,1.0,1.0,0.0,,en_1.000,,"{""en"":1.0}",{}
domain_language,l2_tools,L2 Tools,airline,indonesian,ID,id,en,,,2,50,1481,1481,1481,0,1481,1.0,0.0,1.0,1.0,0.0,,en_1.000,,"{""en"":1.0}",{}
domain_language,l2_tools,L2 Tools,airline,thai,TH,th,en,,,2,50,1540,1540,1540,0,1540,1.0,0.0,1.0,1.0,0.0,,en_1.000,,"{""en"":1.0}",{}
domain_language,l2_tools,L2 Tools,airline,tool_mix_2,Mix 2,tool_mix_2,en,,,2,50,1444,1444,1443,1,1443,0.999307,0.000693,0.999307,1.0,0.0,43.0,en_0.999|el_0.001,el_0.001,"{""el"":0.000693,""en"":0.999307}","{""el"":0.000693}"
domain_language,l2_tools,L2 Tools,airline,tool_mix_3,Mix 3,tool_mix_3,en,,,2,50,1537,1537,1537,0,1537,1.0,0.0,1.0,1.0,0.0,,en_1.000,,"{""en"":1.0}",{}
domain_language,l2_tools,L2 Tools,airline,tool_mix_4,Mix 4,tool_mix_4,en,,,2,50,1509,1509,1509,0,1509,1.0,0.0,1.0,1.0,0.0,,en_1.000,,"{""en"":1.0}",{}
domain_language,l2_tools,L2 Tools,airline,tool_mix_5,Mix 5,tool_mix_5,en,,,2,50,1487,1487,1487,0,1487,1.0,0.0,1.0,1.0,0.0,,en_1.000,,"{""en"":1.0}",{}
domain_language,l2_tools,L2 Tools,airline,vietnamese,VI,vi,en,,,2,50,1487,1487,1487,0,1487,1.0,0.0,1.0,1.0,0.0,,en_1.000,,"{""en"":1.0}",{}
domain_language,l2_tools,L2 Tools,retail,chinese,ZH,zh,en,,,2,114,3611,3611,3611,0,3611,1.0,0.0,1.0,1.0,0.0,,en_1.000,,"{""en"":1.0}",{}
domain_language,l2_tools,L2 Tools,retail,filipino,TL,tl,en,,,2,114,3654,3654,3654,0,3654,1.0,0.0,1.0,1.0,0.0,,en_1.000,,"{""en"":1.0}",{}
domain_language,l2_tools,L2 Tools,retail,indonesian,ID,id,en,,,2,114,3646,3646,3646,0,3646,1.0,0.0,1.0,1.0,0.0,,en_1.000,,"{""en"":1.0}",{}
domain_language,l2_tools,L2 Tools,retail,thai,TH,th,en,,,2,114,3645,3645,3645,0,3645,1.0,0.0,1.0,1.0,0.0,,en_1.000,,"{""en"":1.0}",{}
domain_language,l2_tools,L2 Tools,retail,tool_mix_2,Mix 2,tool_mix_2,en,,,2,114,3630,3630,3630,0,3630,1.0,0.0,1.0,1.0,0.0,,en_1.000,,"{""en"":1.0}",{}
domain_language,l2_tools,L2 Tools,retail,tool_mix_3,Mix 3,tool_mix_3,en,,,2,114,3718,3718,3718,0,3718,1.0,0.0,1.0,1.0,0.0,,en_1.000,,"{""en"":1.0}",{}
domain_language,l2_tools,L2 Tools,retail,tool_mix_4,Mix 4,tool_mix_4,en,,,2,114,3787,3787,3787,0,3787,1.0,0.0,1.0,1.0,0.0,,en_1.000,,"{""en"":1.0}",{}
domain_language,l2_tools,L2 Tools,retail,tool_mix_5,Mix 5,tool_mix_5,en,,,2,114,3736,3736,3736,0,3736,1.0,0.0,1.0,1.0,0.0,,en_1.000,,"{""en"":1.0}",{}
domain_language,l2_tools,L2 Tools,retail,vietnamese,VI,vi,en,,,2,114,3691,3691,3691,0,3691,1.0,0.0,1.0,1.0,0.0,,en_1.000,,"{""en"":1.0}",{}
domain_language,l2_tools,L2 Tools,telecom,chinese,ZH,zh,en,,,2,114,7189,7189,7102,87,7102,0.987898,0.012102,0.987898,1.0,0.0,32.0,en_0.988|ko_0.011|si_0.001|la_0.000|pa_0.000,ko_0.011|si_0.001|la_0.000|pa_0.000,"{""en"":0.987898,""ko"":0.011267,""la"":0.000139,""pa"":0.000139,""si"":0.000556}","{""ko"":0.011267,""la"":0.000139,""pa"":0.000139,""si"":0.000556}"
domain_language,l2_tools,L2 Tools,telecom,filipino,TL,tl,en,,,2,114,6811,6811,6731,80,6731,0.988254,0.011746,0.988254,1.0,0.0,26.0,en_0.988|ko_0.011|si_0.001,ko_0.011|si_0.001,"{""en"":0.988254,""ko"":0.011012,""si"":0.000734}","{""ko"":0.011012,""si"":0.000734}"
domain_language,l2_tools,L2 Tools,telecom,indonesian,ID,id,en,,,2,114,6714,6714,6658,56,6658,0.991659,0.008341,0.991659,1.0,0.0,28.0,en_0.992|ko_0.008|si_0.001,ko_0.008|si_0.001,"{""en"":0.991659,""ko"":0.007745,""si"":0.000596}","{""ko"":0.007745,""si"":0.000596}"
domain_language,l2_tools,L2 Tools,telecom,thai,TH,th,en,,,2,114,6432,6432,6397,35,6397,0.994558,0.005442,0.994558,1.0,0.0,34.0,en_0.995|ko_0.005,ko_0.005,"{""en"":0.994558,""ko"":0.005442}","{""ko"":0.005442}"
domain_language,l2_tools,L2 Tools,telecom,tool_mix_2,Mix 2,tool_mix_2,en,,,2,114,6760,6760,6696,64,6696,0.990533,0.009467,0.990533,1.0,0.0,25.0,en_0.991|ko_0.009|si_0.000|ja_0.000,ko_0.009|si_0.000|ja_0.000,"{""en"":0.990533,""ja"":0.000148,""ko"":0.009024,""si"":0.000296}","{""ja"":0.000148,""ko"":0.009024,""si"":0.000296}"
domain_language,l2_tools,L2 Tools,telecom,tool_mix_3,Mix 3,tool_mix_3,en,,,2,114,6666,6666,6603,63,6603,0.990549,0.009451,0.990549,1.0,0.0,30.0,en_0.991|ko_0.009|si_0.001,ko_0.009|si_0.001,"{""en"":0.990549,""ko"":0.008851,""si"":0.0006}","{""ko"":0.008851,""si"":0.0006}"
domain_language,l2_tools,L2 Tools,telecom,tool_mix_4,Mix 4,tool_mix_4,en,,,2,114,6563,6563,6509,54,6509,0.991772,0.008228,0.991772,1.0,0.0,29.0,en_0.992|ko_0.007|si_0.001,ko_0.007|si_0.001,"{""en"":0.991772,""ko"":0.007161,""si"":0.001067}","{""ko"":0.007161,""si"":0.001067}"
domain_language,l2_tools,L2 Tools,telecom,tool_mix_5,Mix 5,tool_mix_5,en,,,2,114,6630,6630,6570,60,6570,0.99095,0.00905,0.99095,1.0,0.0,28.0,en_0.991|ko_0.008|si_0.001,ko_0.008|si_0.001,"{""en"":0.99095,""ko"":0.008446,""si"":0.000603}","{""ko"":0.008446,""si"":0.000603}"
domain_language,l2_tools,L2 Tools,telecom,vietnamese,VI,vi,en,,,2,114,6948,6948,6874,74,6874,0.989349,0.010651,0.989349,1.0,0.0,33.0,en_0.989|ko_0.010|si_0.000,ko_0.010|si_0.000,"{""en"":0.989349,""ko"":0.010219,""si"":0.000432}","{""ko"":0.010219,""si"":0.000432}"
