experiments_all_line,scenario,domain,language_scenario,lang_id,expected_language,agent_llm,normalized_agent_llm,results_json,lang_components,pass_hat_1,pass_hat_2,pass_hat_3,rho_3,user_language_correctness,agent_language_correctness,csv_user_language_correctness,csv_agent_language_correctness,user_turns_total,agent_turns_total,user_non_target_lang_proportion,agent_non_target_lang_proportion,user_drift_turn,agent_drift_turn,user_drift_trial_count,agent_drift_trial_count,user_detected_lang_proportion,agent_detected_lang_proportion,language_detector_warning
2,english,airline,english,en,en,gpt-5-mini,gpt-5-mini,data/simulations/english/20260426_190623_airline_llm_agent_gpt-5-mini_user_simulator_qwen3-235b-a22b-2507/20260426_190623_airline_llm_agent_gpt-5-mini_user_simulator_qwen3-235b-a22b-2507/results.json,,0.68,0.54,0.44,0.647,0.997976,1.0,0.999,1.0,494,652,ru_0.002,,21.0,,1,0,en_0.998|ru_0.002,en_1.000,
3,english,airline,english,en,en,azure/kimi-k2.5,kimi-k2.5,data/simulations/english/20260510_122116_airline_llm_agent_kimi-k2.5_user_simulator_Qwen3-235B-A22B-Instruct-2507-FP8/20260510_122116_airline_llm_agent_kimi-k2.5_user_simulator_Qwen3-235B-A22B-Instruct-2507-FP8/results.json,,0.707,0.6,0.54,0.764,0.996748,1.0,0.997,1.0,615,897,it_0.003,,3.0,,2,0,en_0.997|it_0.003,en_1.000,
4,english,airline,english,en,en,openai//project/lt200394-thllmV/jab/seacrowd/models/Qwen/Qwen3-235B-A22B-Instruct-2507-FP8,qwen-3-235b-it,data/simulations/english/20260506_204315_airline_llm_agent_Qwen3-235B-A22B-Instruct-2507-FP8_user_simulator_Qwen3-235B-A22B-Instruct-2507-FP8/20260506_204315_airline_llm_agent_Qwen3-235B-A22B-Instruct-2507-FP8_user_simulator_Qwen3-235B-A22B-Instruct-2507-FP8/results.json,,0.393,0.24,0.16,0.407,0.995763,1.0,0.995,1.0,708,791,it_0.004,,3.0,,3,0,en_0.996|it_0.004,en_1.000,
5,english,retail,english,en,en,gpt-5-mini,gpt-5-mini,data/simulations/english/20260425_182836_retail_llm_agent_gpt-5-mini_user_simulator_qwen3-235b-a22b-2507/20260425_182836_retail_llm_agent_gpt-5-mini_user_simulator_qwen3-235b-a22b-2507/results.json,,0.649,0.52,0.447,0.689,0.998616,1.0,0.999,1.0,1445,1750,fr_0.001|ta_0.001,,8.5,,2,0,en_0.999|fr_0.001|ta_0.001,en_1.000,
6,english,retail,english,en,en,azure/kimi-k2.5,kimi-k2.5,data/simulations/english/20260510_145518_retail_llm_agent_kimi-k2.5_user_simulator_Qwen3-235B-A22B-Instruct-2507-FP8/20260510_145518_retail_llm_agent_kimi-k2.5_user_simulator_Qwen3-235B-A22B-Instruct-2507-FP8/results.json,,0.561,0.442,0.395,0.704,0.985284,1.0,0.988,1.0,1495,2177,fr_0.006|de_0.004|id_0.002|sv_0.001|ja_0.001|pt_0.001,,5.0,,21,0,en_0.985|fr_0.006|de_0.004|id_0.002|sv_0.001|ja_0.001|pt_0.001,en_1.000,
7,english,retail,english,en,en,openai//project/lt200394-thllmV/jab/seacrowd/models/Qwen/Qwen3-235B-A22B-Instruct-2507-FP8,qwen-3-235b-it,data/simulations/english/20260507_005945_retail_llm_agent_Qwen3-235B-A22B-Instruct-2507-FP8_user_simulator_Qwen3-235B-A22B-Instruct-2507-FP8/20260507_005945_retail_llm_agent_Qwen3-235B-A22B-Instruct-2507-FP8_user_simulator_Qwen3-235B-A22B-Instruct-2507-FP8/results.json,,0.591,0.444,0.377,0.638,0.990087,1.0,0.992,1.0,1715,1885,fr_0.005|de_0.003|id_0.001,,7.0,,17,0,en_0.990|fr_0.005|de_0.003|id_0.001,en_1.000,
8,english,telecom,english,en,en,gpt-5-mini,gpt-5-mini,data/simulations/english/20260422_204705_telecom_llm_agent_gpt-5-mini_user_simulator_qwen3-235b-a22b-2507/20260422_204705_telecom_llm_agent_gpt-5-mini_user_simulator_qwen3-235b-a22b-2507/results.json,,0.664,0.532,0.474,0.714,0.998751,0.999668,0.999,1.0,3202,3014,la_0.001|ja_0.000|ru_0.000,pa_0.000,62.0,26.0,4,1,en_0.999|la_0.001|ja_0.000|ru_0.000,en_1.000|pa_0.000,
9,english,telecom,english,en,en,azure/kimi-k2.5,kimi-k2.5,data/simulations/english/20260509_195105_telecom_llm_agent_kimi-k2.5_user_simulator_Qwen3-235B-A22B-Instruct-2507-FP8/20260509_195105_telecom_llm_agent_kimi-k2.5_user_simulator_Qwen3-235B-A22B-Instruct-2507-FP8/results.json,,0.977,0.953,0.93,0.952,1.0,1.0,1.0,1.0,2730,3227,,,,,0,0,en_1.000,en_1.000,
10,english,telecom,english,en,en,openai//project/lt200394-thllmV/jab/seacrowd/models/Qwen/Qwen3-235B-A22B-Instruct-2507-FP8,qwen-3-235b-it,data/simulations/english/20260506_212037_telecom_llm_agent_Qwen3-235B-A22B-Instruct-2507-FP8_user_simulator_Qwen3-235B-A22B-Instruct-2507-FP8/20260506_212037_telecom_llm_agent_Qwen3-235B-A22B-Instruct-2507-FP8_user_simulator_Qwen3-235B-A22B-Instruct-2507-FP8/results.json,,0.357,0.208,0.14,0.392,1.0,1.0,1.0,1.0,2563,2808,,,,,0,0,en_1.000,en_1.000,
11,l2_domain,airline,chinese,zh,zh,azure/gpt-5-mini,gpt-5-mini,data/simulations/l2_domain/2026-05-16-20-45-18_airline_zh_gpt-5-mini_Qwen3-235B-A22B-Instruct-2507-FP8/results.json,"[""user_system"", ""agent_system"", ""greeting"", ""tools"", ""policy"", ""db"", ""tasks""]",0.607,0.493,0.44,0.725,0.994614,0.954733,0.994,0.965,557,729,de_0.002|ko_0.002|sr_0.002,en_0.041|ko_0.004,10.0,19.0,3,21,zh_0.995|de_0.002|ko_0.002|sr_0.002,zh_0.955|en_0.041|ko_0.004,
12,l2_domain,airline,chinese,zh,zh,openai/moonshotai/Kimi-K2.5,kimi-k2.5,data/simulations/l2_domain/2026-05-23-16-30-27_translated_airline_trial-3_zh_nebius-kimi-k2.5_nebius-Qwen3-235B/results.json,"[""user_system"", ""agent_system"", ""greeting"", ""tools"", ""policy"", ""db"", ""tasks""]",0.66,0.507,0.44,0.667,1.0,1.0,1.0,1.0,631,1110,,,,,0,0,zh_1.000,zh_1.000,
13,l2_domain,airline,chinese,zh,zh,vertex_ai/qwen/qwen3-235b-a22b-instruct-2507-maas,qwen-3-235b-it,data/simulations/l2_domain/2026-05-20-21-17-35_translated_airline_trial-3_zh_Qwen3-235B-A22B-Instruct-2507-FP8_Qwen3-235B-A22B-Instruct-2507-FP8/results.json,"[""user_system"", ""agent_system"", ""greeting"", ""tools"", ""policy"", ""db"", ""tasks""]",0.5,0.473,0.46,0.92,1.0,1.0,1.0,1.0,617,717,,,,,0,0,zh_1.000,zh_1.000,
14,l2_domain,airline,filipino,tl,tl,azure/gpt-5-mini,gpt-5-mini,data/simulations/l2_domain/2026-05-16-17-08-16_airline_tl_gpt-5-mini_Qwen3-235B-A22B-Instruct-2507-FP8/results.json,"[""user_system"", ""agent_system"", ""greeting"", ""tools"", ""policy"", ""db"", ""tasks""]",0.56,0.433,0.38,0.679,0.931559,0.877581,0.951,0.832,526,678,en_0.040|it_0.006|es_0.004|la_0.004|ceb_0.002|et_0.002|id_0.002|no_0.002|pl_0.002|ru_0.002|sah_0.002|si_0.002,en_0.122,9.0,13.0,27,83,tl_0.932|en_0.040|it_0.006|es_0.004|la_0.004|ceb_0.002|et_0.002|id_0.002|no_0.002|pl_0.002|ru_0.002|sah_0.002|si_0.002,tl_0.878|en_0.122,
15,l2_domain,airline,filipino,tl,tl,azure/kimi-k2.5,kimi-k2.5,data/simulations/l2_domain/2026-05-24-16-49-00_translated_airline_trial-3_tl_kimi-k2.5_vertex_ai_default_user/results.json,"[""user_system"", ""agent_system"", ""greeting"", ""tools"", ""policy"", ""db"", ""tasks""]",0.6,0.48,0.4,0.667,0.969355,0.946176,0.977,0.944,620,1059,en_0.013|fr_0.006|ceb_0.003|ro_0.003|ca_0.002|it_0.002|lt_0.002,en_0.054,14.0,14.0,11,53,tl_0.969|en_0.013|fr_0.006|ceb_0.003|ro_0.003|ca_0.002|it_0.002|lt_0.002,tl_0.946|en_0.054,
16,l2_domain,airline,filipino,tl,tl,vertex_ai/qwen/qwen3-235b-a22b-instruct-2507-maas,qwen-3-235b-it,data/simulations/l2_domain/2026-05-20-21-17-35_translated_airline_trial-3_tl_Qwen3-235B-A22B-Instruct-2507-FP8_Qwen3-235B-A22B-Instruct-2507-FP8/results.json,"[""user_system"", ""agent_system"", ""greeting"", ""tools"", ""policy"", ""db"", ""tasks""]",0.473,0.42,0.4,0.846,0.973765,0.950067,0.976,0.941,648,741,en_0.009|it_0.006|ca_0.005|lt_0.003|hu_0.002|io_0.002,en_0.050,3.0,16.0,15,37,tl_0.974|en_0.009|it_0.006|ca_0.005|lt_0.003|hu_0.002|io_0.002,tl_0.950|en_0.050,
17,l2_domain,airline,indonesian,id,id,azure/gpt-5-mini,gpt-5-mini,data/simulations/l2_domain/2026-05-16-13-43-08_airline_id_gpt-5-mini_Qwen3-235B-A22B-Instruct-2507-FP8/results.json,"[""user_system"", ""agent_system"", ""greeting"", ""tools"", ""policy"", ""db"", ""tasks""]",0.6,0.54,0.5,0.833,0.955285,0.846906,0.963,0.796,492,614,en_0.018|sw_0.014|ms_0.004|eo_0.002|es_0.002|fr_0.002|jv_0.002,en_0.151|it_0.002,11.0,12.0,17,91,id_0.955|en_0.018|sw_0.014|ms_0.004|eo_0.002|es_0.002|fr_0.002|jv_0.002,id_0.847|en_0.151|it_0.002,
18,l2_domain,airline,indonesian,id,id,azure/kimi-k2.5,kimi-k2.5,data/simulations/l2_domain/2026-05-24-10-59-14_translated_airline_trial-3_id_kimi-k2.5_vertex_ai_default_user/results.json,"[""user_system"", ""agent_system"", ""greeting"", ""tools"", ""policy"", ""db"", ""tasks""]",0.6,0.487,0.42,0.7,0.994652,0.95987,0.995,0.955,561,922,ms_0.005,en_0.039|ms_0.001,13.0,14.0,3,37,id_0.995|ms_0.005,id_0.960|en_0.039|ms_0.001,
19,l2_domain,airline,indonesian,id,id,vertex_ai/qwen/qwen3-235b-a22b-instruct-2507-maas,qwen-3-235b-it,data/simulations/l2_domain/2026-05-20-21-17-35_translated_airline_trial-3_id_Qwen3-235B-A22B-Instruct-2507-FP8_Qwen3-235B-A22B-Instruct-2507-FP8/results.json,"[""user_system"", ""agent_system"", ""greeting"", ""tools"", ""policy"", ""db"", ""tasks""]",0.48,0.44,0.42,0.875,0.991098,0.962963,0.991,0.96,674,783,ca_0.003|ja_0.003|ms_0.003,en_0.037,10.0,16.0,4,29,id_0.991|ca_0.003|ja_0.003|ms_0.003,id_0.963|en_0.037,
20,l2_domain,airline,thai,th,th,azure/gpt-5-mini,gpt-5-mini,data/simulations/l2_domain/2026-05-16-15-12-02_airline_th_gpt-5-mini_Qwen3-235B-A22B-Instruct-2507-FP8/results.json,"[""user_system"", ""agent_system"", ""greeting"", ""tools"", ""policy"", ""db"", ""tasks""]",0.593,0.453,0.36,0.607,0.995246,0.994358,0.993,0.994,631,709,en_0.005,en_0.006,8.0,16.0,3,4,th_0.995|en_0.005,th_0.994|en_0.006,
21,l2_domain,airline,thai,th,th,openai/moonshotai/Kimi-K2.5,kimi-k2.5,data/simulations/l2_domain/2026-05-23-16-16-21_translated_airline_trial-3_th_nebius-kimi-k2.5_nebius-Qwen3-235B/results.json,"[""user_system"", ""agent_system"", ""greeting"", ""tools"", ""policy"", ""db"", ""tasks""]",0.547,0.387,0.3,0.548,1.0,1.0,1.0,1.0,573,1031,,,,,0,0,th_1.000,th_1.000,
22,l2_domain,airline,thai,th,th,vertex_ai/qwen/qwen3-235b-a22b-instruct-2507-maas,qwen-3-235b-it,data/simulations/l2_domain/2026-05-20-21-17-35_translated_airline_trial-3_th_Qwen3-235B-A22B-Instruct-2507-FP8_Qwen3-235B-A22B-Instruct-2507-FP8/results.json,"[""user_system"", ""agent_system"", ""greeting"", ""tools"", ""policy"", ""db"", ""tasks""]",0.46,0.413,0.38,0.826,1.0,1.0,1.0,1.0,579,646,,,,,0,0,th_1.000,th_1.000,
23,l2_domain,airline,vietnamese,vi,vi,azure/gpt-5-mini,gpt-5-mini,data/simulations/l2_domain/2026-05-16-18-54-35_airline_vi_gpt-5-mini_Qwen3-235B-A22B-Instruct-2507-FP8/results.json,"[""user_system"", ""agent_system"", ""greeting"", ""tools"", ""policy"", ""db"", ""tasks""]",0.54,0.4,0.32,0.593,0.986441,0.998632,0.989,0.997,590,731,en_0.005|es_0.005|ca_0.003,en_0.001,16.5,4.0,6,1,vi_0.986|en_0.005|es_0.005|ca_0.003,vi_0.999|en_0.001,
24,l2_domain,airline,vietnamese,vi,vi,azure/kimi-k2.5,kimi-k2.5,data/simulations/l2_domain/2026-05-23-22-56-00_translated_airline_trial-3_vi_kimi-k2.5_vertex_ai_default_user/results.json,"[""user_system"", ""agent_system"", ""greeting"", ""tools"", ""policy"", ""db"", ""tasks""]",0.56,0.427,0.34,0.607,1.0,1.0,1.0,1.0,597,1032,,,,,0,0,vi_1.000,vi_1.000,
25,l2_domain,airline,vietnamese,vi,vi,vertex_ai/qwen/qwen3-235b-a22b-instruct-2507-maas,qwen-3-235b-it,data/simulations/l2_domain/2026-05-20-21-17-35_translated_airline_trial-3_vi_Qwen3-235B-A22B-Instruct-2507-FP8_Qwen3-235B-A22B-Instruct-2507-FP8/results.json,"[""user_system"", ""agent_system"", ""greeting"", ""tools"", ""policy"", ""db"", ""tasks""]",0.487,0.46,0.44,0.903,1.0,0.998632,1.0,0.999,607,731,,en_0.001,,18.0,0,1,vi_1.000,vi_0.999|en_0.001,
26,l2_domain,retail,chinese,zh,zh,azure/gpt-5-mini,gpt-5-mini,data/simulations/l2_domain/2026-05-18-17-24-33_translated_retail_trial-3_zh_gpt-5-mini_Qwen3-235B-A22B-Instruct-2507-FP8/results.json,"[""user_system"", ""agent_system"", ""greeting"", ""tools"", ""policy"", ""db"", ""tasks""]",0.596,0.45,0.368,0.617,0.978964,0.973166,0.981,0.973,1949,2385,en_0.009|ja_0.004|yue_0.002|de_0.001|fr_0.001|ru_0.001|uk_0.001|es_0.001|hu_0.001|kn_0.001|wuu_0.001,en_0.026|ko_0.001,16.5,19.0,30,48,zh_0.979|en_0.009|ja_0.004|yue_0.002|de_0.001|fr_0.001|ru_0.001|uk_0.001|es_0.001|hu_0.001|kn_0.001|wuu_0.001,zh_0.973|en_0.026|ko_0.001,
27,l2_domain,retail,chinese,zh,zh,openrouter/moonshotai/kimi-k2.5,kimi-k2.5,data/simulations/l2_domain/2026-05-19-00-22-12_translated_retail_trial-3_zh_kimi-k2.5_Qwen3-235B-A22B-Instruct-2507-FP8/results.json,"[""user_system"", ""agent_system"", ""greeting"", ""tools"", ""policy"", ""db"", ""tasks""]",0.607,0.45,0.366,0.603,0.988964,0.999646,0.99,1.0,1631,2825,de_0.004|ja_0.003|fr_0.002|en_0.001|hu_0.001|sr_0.001,ko_0.000,3.0,32.0,16,1,zh_0.989|de_0.004|ja_0.003|fr_0.002|en_0.001|hu_0.001|sr_0.001,zh_1.000|ko_0.000,
28,l2_domain,retail,chinese,zh,zh,vertex_ai/qwen/qwen3-235b-a22b-instruct-2507-maas,qwen-3-235b-it,data/simulations/l2_domain/2026-05-20-21-17-35_translated_retail_trial-3_zh_Qwen3-235B-A22B-Instruct-2507-FP8_Qwen3-235B-A22B-Instruct-2507-FP8/results.json,"[""user_system"", ""agent_system"", ""greeting"", ""tools"", ""policy"", ""db"", ""tasks""]",0.266,0.181,0.149,0.56,0.982792,1.0,0.985,1.0,1569,1780,en_0.006|de_0.005|fr_0.003|hu_0.002|uk_0.001|es_0.001,,3.0,,22,0,zh_0.983|en_0.006|de_0.005|fr_0.003|hu_0.002|uk_0.001|es_0.001,zh_1.000,
29,l2_domain,retail,filipino,tl,tl,azure/gpt-5-mini,gpt-5-mini,data/simulations/l2_domain/2026-05-18-10-31-10_translated_retail_trial-3_tl_gpt-5-mini_Qwen3-235B-A22B-Instruct-2507-FP8/results.json,"[""user_system"", ""agent_system"", ""greeting"", ""tools"", ""policy"", ""db"", ""tasks""]",0.488,0.333,0.263,0.539,0.953527,0.966938,0.958,0.97,1786,1966,en_0.024|ceb_0.004|id_0.003|es_0.002|ja_0.002|war_0.002|hr_0.001|ru_0.001|sh_0.001|bn_0.001|ca_0.001|de_0.001|fr_0.001|io_0.001|it_0.001|lt_0.001|ms_0.001|nl_0.001|ro_0.001|sco_0.001|so_0.001|ug_0.001,en_0.033,13.0,30.0,64,63,tl_0.954|en_0.024|ceb_0.004|id_0.003|es_0.002|ja_0.002|war_0.002|hr_0.001|ru_0.001|sh_0.001|bn_0.001|ca_0.001|de_0.001|fr_0.001|io_0.001|it_0.001|lt_0.001|ms_0.001|nl_0.001|ro_0.001|sco_0.001|so_0.001|ug_0.001,tl_0.967|en_0.033,
30,l2_domain,retail,filipino,tl,tl,openai/moonshotai/Kimi-K2.5,kimi-k2.5,data/simulations/l2_domain/2026-05-23-13-48-12_translated_retail_trial-3_tl_nebius-kimi-k2.5_nebius-Qwen3-235B/results.json,"[""user_system"", ""agent_system"", ""greeting"", ""tools"", ""policy"", ""db"", ""tasks""]",0.444,0.292,0.219,0.493,0.935641,0.958861,0.945,0.965,1647,2528,en_0.035|lt_0.007|fr_0.005|de_0.004|id_0.002|ro_0.002|ceb_0.001|io_0.001|it_0.001|als_0.001|gl_0.001|hr_0.001|kk_0.001|la_0.001|ru_0.001|sh_0.001|tr_0.001,en_0.039|ms_0.002|su_0.000,5.0,19.0,70,81,tl_0.936|en_0.035|lt_0.007|fr_0.005|de_0.004|id_0.002|ro_0.002|ceb_0.001|io_0.001|it_0.001|als_0.001|gl_0.001|hr_0.001|kk_0.001|la_0.001|ru_0.001|sh_0.001|tr_0.001,tl_0.959|en_0.039|ms_0.002|su_0.000,
31,l2_domain,retail,filipino,tl,tl,vertex_ai/qwen/qwen3-235b-a22b-instruct-2507-maas,qwen-3-235b-it,data/simulations/l2_domain/2026-05-20-21-17-35_translated_retail_trial-3_tl_Qwen3-235B-A22B-Instruct-2507-FP8_Qwen3-235B-A22B-Instruct-2507-FP8/results.json,"[""user_system"", ""agent_system"", ""greeting"", ""tools"", ""policy"", ""db"", ""tasks""]",0.26,0.187,0.158,0.608,0.932898,0.951688,0.942,0.959,1684,1925,en_0.035|lt_0.010|de_0.004|ceb_0.003|id_0.003|fr_0.001|io_0.001|it_0.001|ru_0.001|sh_0.001|es_0.001|gl_0.001|hu_0.001|ja_0.001|la_0.001|lv_0.001|ms_0.001|nl_0.001|ro_0.001|sq_0.001|war_0.001,en_0.048,5.0,26.0,84,90,tl_0.933|en_0.035|lt_0.010|de_0.004|ceb_0.003|id_0.003|fr_0.001|io_0.001|it_0.001|ru_0.001|sh_0.001|es_0.001|gl_0.001|hu_0.001|ja_0.001|la_0.001|lv_0.001|ms_0.001|nl_0.001|ro_0.001|sq_0.001|war_0.001,tl_0.952|en_0.048,
32,l2_domain,retail,indonesian,id,id,azure/gpt-5-mini,gpt-5-mini,data/simulations/l2_domain/2026-05-16-01-37-48_retail_id_gpt-5-mini_Qwen3-235B-A22B-Instruct-2507-FP8/results.json,"[""user_system"", ""agent_system"", ""greeting"", ""tools"", ""policy"", ""db"", ""tasks""]",0.541,0.392,0.325,0.601,0.961464,0.95027,0.965,0.954,1557,1850,en_0.017|ms_0.006|sw_0.006|es_0.002|sk_0.002|eo_0.001|it_0.001|az_0.001|de_0.001|tr_0.001,en_0.050,17.0,28.0,53,91,id_0.961|en_0.017|ms_0.006|sw_0.006|es_0.002|sk_0.002|eo_0.001|it_0.001|az_0.001|de_0.001|tr_0.001,id_0.950|en_0.050,
33,l2_domain,retail,indonesian,id,id,openai/moonshotai/Kimi-K2.5,kimi-k2.5,data/simulations/l2_domain/2026-05-23-13-20-23_translated_retail_trial-3_id_nebius-kimi-k2.5_nebius-Qwen3-235B/results.json,"[""user_system"", ""agent_system"", ""greeting"", ""tools"", ""policy"", ""db"", ""tasks""]",0.433,0.287,0.202,0.467,0.975934,0.978876,0.981,0.98,1579,2225,en_0.008|ms_0.007|de_0.004|fr_0.003|gu_0.001|it_0.001|sw_0.001,en_0.020|ms_0.001,3.0,26.0,28,47,id_0.976|en_0.008|ms_0.007|de_0.004|fr_0.003|gu_0.001|it_0.001|sw_0.001,id_0.979|en_0.020|ms_0.001,
34,l2_domain,retail,indonesian,id,id,vertex_ai/qwen/qwen3-235b-a22b-instruct-2507-maas,qwen-3-235b-it,data/simulations/l2_domain/2026-05-20-21-17-35_translated_retail_trial-3_id_Qwen3-235B-A22B-Instruct-2507-FP8_Qwen3-235B-A22B-Instruct-2507-FP8/results.json,"[""user_system"", ""agent_system"", ""greeting"", ""tools"", ""policy"", ""db"", ""tasks""]",0.243,0.17,0.14,0.576,0.971429,0.963247,0.976,0.968,1680,1959,en_0.017|ms_0.005|de_0.004|es_0.001|nl_0.001|sw_0.001|tr_0.001,en_0.035|ms_0.002,3.0,28.0,41,72,id_0.971|en_0.017|ms_0.005|de_0.004|es_0.001|nl_0.001|sw_0.001|tr_0.001,id_0.963|en_0.035|ms_0.002,
35,l2_domain,retail,thai,th,th,azure/gpt-5-mini,gpt-5-mini,data/simulations/l2_domain/2026-05-18-00-56-17_translated_retail_trial-3_th_gpt-5-mini_Qwen3-235B-A22B-Instruct-2507-FP8/results.json,"[""user_system"", ""agent_system"", ""greeting"", ""tools"", ""policy"", ""db"", ""tasks""]",0.325,0.175,0.123,0.378,0.996263,0.997132,0.997,0.997,1873,2092,en_0.002|ru_0.001|de_0.001,en_0.003,19.0,7.0,4,6,th_0.996|en_0.002|ru_0.001|de_0.001,th_0.997|en_0.003,
36,l2_domain,retail,thai,th,th,openai/moonshotai/Kimi-K2.5,kimi-k2.5,data/simulations/l2_domain/2026-05-23-14-24-20_translated_retail_trial-3_th_nebius-kimi-k2.5_nebius-Qwen3-235B/results.json,"[""user_system"", ""agent_system"", ""greeting"", ""tools"", ""policy"", ""db"", ""tasks""]",0.327,0.19,0.114,0.349,0.995228,1.0,0.996,1.0,1467,2623,de_0.003|en_0.001|ru_0.001,,3.0,,6,0,th_0.995|de_0.003|en_0.001|ru_0.001,th_1.000,
37,l2_domain,retail,thai,th,th,vertex_ai/qwen/qwen3-235b-a22b-instruct-2507-maas,qwen-3-235b-it,data/simulations/l2_domain/2026-05-20-21-17-35_translated_retail_trial-3_th_Qwen3-235B-A22B-Instruct-2507-FP8_Qwen3-235B-A22B-Instruct-2507-FP8/results.json,"[""user_system"", ""agent_system"", ""greeting"", ""tools"", ""policy"", ""db"", ""tasks""]",0.178,0.143,0.132,0.742,0.992409,0.999409,0.993,1.0,1449,1691,de_0.003|en_0.003|it_0.001,en_0.001,3.0,8.0,11,1,th_0.992|de_0.003|en_0.003|it_0.001,th_0.999|en_0.001,
38,l2_domain,retail,vietnamese,vi,vi,azure/gpt-5-mini,gpt-5-mini,data/simulations/l2_domain/2026-05-18-14-30-34_translated_retail_trial-3_vi_gpt-5-mini_Qwen3-235B-A22B-Instruct-2507-FP8/results.json,"[""user_system"", ""agent_system"", ""greeting"", ""tools"", ""policy"", ""db"", ""tasks""]",0.585,0.427,0.333,0.569,0.992602,0.998394,0.991,0.998,1622,1868,es_0.002|ca_0.001|en_0.001|de_0.001|fr_0.001|ru_0.001|uk_0.001|war_0.001,en_0.002,15.0,20.0,11,3,vi_0.993|es_0.002|ca_0.001|en_0.001|de_0.001|fr_0.001|ru_0.001|uk_0.001|war_0.001,vi_0.998|en_0.002,
39,l2_domain,retail,vietnamese,vi,vi,openrouter/moonshotai/kimi-k2.5,kimi-k2.5,data/simulations/l2_domain/2026-05-18-22-37-59_translated_retail_trial-3_vi_kimi-k2.5_Qwen3-235B-A22B-Instruct-2507-FP8/results.json,"[""user_system"", ""agent_system"", ""greeting"", ""tools"", ""policy"", ""db"", ""tasks""]",0.567,0.392,0.268,0.473,0.992141,0.999591,0.993,0.999,1527,2443,de_0.003|en_0.002|ru_0.002|fr_0.001,en_0.000,3.0,18.0,10,1,vi_0.992|de_0.003|en_0.002|ru_0.002|fr_0.001,vi_1.000|en_0.000,
40,l2_domain,retail,vietnamese,vi,vi,vertex_ai/qwen/qwen3-235b-a22b-instruct-2507-maas,qwen-3-235b-it,data/simulations/l2_domain/2026-05-20-21-17-35_translated_retail_trial-3_vi_Qwen3-235B-A22B-Instruct-2507-FP8_Qwen3-235B-A22B-Instruct-2507-FP8/results.json,"[""user_system"", ""agent_system"", ""greeting"", ""tools"", ""policy"", ""db"", ""tasks""]",0.289,0.205,0.149,0.516,0.98123,0.999469,0.986,1.0,1545,1885,en_0.005|fr_0.003|de_0.003|ru_0.002|eu_0.001|pl_0.001|uk_0.001|ca_0.001|hu_0.001|it_0.001,en_0.001,3.0,18.0,20,1,vi_0.981|en_0.005|fr_0.003|de_0.003|ru_0.002|eu_0.001|pl_0.001|uk_0.001|ca_0.001|hu_0.001|it_0.001,vi_0.999|en_0.001,
41,l2_domain,telecom,chinese,zh,zh,azure/gpt-5-mini,gpt-5-mini,data/simulations/l2_domain/2026-05-24-02-25-44_telecom_zh_gpt-5-mini_Qwen3-235B-A22B-Instruct-2507-FP8/results.json,"[""user_system"", ""agent_system"", ""greeting"", ""tools"", ""policy"", ""db"", ""tasks""]",0.76,0.652,0.588,0.774,1.0,0.987217,1.0,0.987,1948,2034,,en_0.013,,38.0,0,25,zh_1.000,zh_0.987|en_0.013,
42,l2_domain,telecom,chinese,zh,zh,gmi/moonshotai/Kimi-K2.5,kimi-k2.5,data/simulations/l2_domain/2026-05-25-02-05-17_translated_telecom_trial-3_zh_gmi-kimi-k2.5_default-user/results.json,"[""user_system"", ""agent_system"", ""greeting"", ""tools"", ""policy"", ""db"", ""tasks""]",0.863,0.763,0.684,0.793,0.998794,1.0,0.999,1.0,2487,3393,en_0.001,,23.0,,3,0,zh_0.999|en_0.001,zh_1.000,
43,l2_domain,telecom,chinese,zh,zh,vertex_ai/qwen/qwen3-235b-a22b-instruct-2507-maas,qwen-3-235b-it,data/simulations/l2_domain/2026-05-23-17-20-19_translated_telecom_trial-3_zh_Qwen3-235B-A22B-Instruct-2507_vertex_agent_vertex_user/results.json,"[""user_system"", ""agent_system"", ""greeting"", ""tools"", ""policy"", ""db"", ""tasks""]",0.348,0.231,0.175,0.503,0.994355,0.61609,0.996,0.66,2657,2946,en_0.006,en_0.373|ko_0.011,14.0,10.0,6,250,zh_0.994|en_0.006,zh_0.616|en_0.373|ko_0.011,
44,l2_domain,telecom,filipino,tl,tl,azure/gpt-5-mini,gpt-5-mini,data/simulations/l2_domain/2026-05-24-02-05-40_telecom_tl_gpt-5-mini_Qwen3-235B-A22B-Instruct-2507-FP8/results.json,"[""user_system"", ""agent_system"", ""greeting"", ""tools"", ""policy"", ""db"", ""tasks""]",0.681,0.547,0.474,0.696,0.975287,0.947083,0.978,0.929,3480,2948,en_0.015|fr_0.002|io_0.001|ceb_0.001|es_0.001|id_0.001|kw_0.001|cs_0.000|de_0.000|hr_0.000|ie_0.000|ja_0.000|lo_0.000|lt_0.000|pt_0.000|ro_0.000|ru_0.000|sh_0.000|ta_0.000|zh_0.000,en_0.053,55.0,62.0,56,153,tl_0.975|en_0.015|fr_0.002|io_0.001|ceb_0.001|es_0.001|id_0.001|kw_0.001|cs_0.000|de_0.000|hr_0.000|ie_0.000|ja_0.000|lo_0.000|lt_0.000|pt_0.000|ro_0.000|ru_0.000|sh_0.000|ta_0.000|zh_0.000,tl_0.947|en_0.053,
45,l2_domain,telecom,filipino,tl,tl,openrouter/moonshotai/kimi-k2.5,kimi-k2.5,data/simulations/l2_domain/2026-05-25-19-45-09_telecom_tl_kimi-k2.5_Qwen3-235B-A22B-Instruct-2507-FP8/results.json,"[""user_system"", ""agent_system"", ""greeting"", ""tools"", ""policy"", ""db"", ""tasks""]",0.743,0.582,0.474,0.638,0.998004,0.984441,0.999,0.98,3006,3792,en_0.001|ceb_0.000|ro_0.000,en_0.015|id_0.001,53.0,34.0,6,59,tl_0.998|en_0.001|ceb_0.000|ro_0.000,tl_0.984|en_0.015|id_0.001,
46,l2_domain,telecom,filipino,tl,tl,vertex_ai/qwen/qwen3-235b-a22b-instruct-2507-maas,qwen-3-235b-it,data/simulations/l2_domain/2026-05-23-13-36-40_translated_telecom_trial-3_tl_Qwen3-235B-A22B-Instruct-2507_vertex_agent_vertex_user/results.json,"[""user_system"", ""agent_system"", ""greeting"", ""tools"", ""policy"", ""db"", ""tasks""]",0.33,0.205,0.149,0.452,0.995828,0.702271,0.996,0.723,2876,3127,en_0.003|de_0.000|ro_0.000,en_0.290|ko_0.008|si_0.000,13.0,28.0,11,286,tl_0.996|en_0.003|de_0.000|ro_0.000,tl_0.702|en_0.290|ko_0.008|si_0.000,
47,l2_domain,telecom,indonesian,id,id,azure/gpt-5-mini,gpt-5-mini,data/simulations/l2_domain/2026-05-18-21-51-53_translated_telecom_trial-3_id_gpt-5-mini_Qwen3-235B-A22B-Instruct-2507-FP8/results.json,"[""user_system"", ""agent_system"", ""greeting"", ""tools"", ""policy"", ""db"", ""tasks""]",0.497,0.325,0.246,0.495,0.990834,0.994833,0.994,0.995,3273,2129,ms_0.007|en_0.001|it_0.001|fr_0.000|jv_0.000|pl_0.000,en_0.004|ms_0.001,38.0,16.0,23,11,id_0.991|ms_0.007|en_0.001|it_0.001|fr_0.000|jv_0.000|pl_0.000,id_0.995|en_0.004|ms_0.001,
48,l2_domain,telecom,indonesian,id,id,openrouter/moonshotai/Kimi-K2.5,kimi-k2.5,data/simulations/l2_domain/2026-05-25_telecom_id_openrouter-kimi-k2.5_default-user/results.json,"[""user_system"", ""agent_system"", ""greeting"", ""tools"", ""policy"", ""db"", ""tasks""]",0.772,0.629,0.518,0.671,0.997322,0.994953,0.997,0.996,3361,4161,ms_0.003,es_0.004|ms_0.001,15.0,50.0,9,20,id_0.997|ms_0.003,id_0.995|es_0.004|ms_0.001,
49,l2_domain,telecom,indonesian,id,id,vertex_ai/qwen/qwen3-235b-a22b-instruct-2507-maas,qwen-3-235b-it,data/simulations/l2_domain/2026-05-23-05-17-06_translated_telecom_trial-3_id_Qwen3-235B-A22B-Instruct-2507_local_agent_localhost_user/results.json,"[""user_system"", ""agent_system"", ""greeting"", ""tools"", ""policy"", ""db"", ""tasks""]",0.427,0.295,0.211,0.494,0.99336,0.987981,0.995,0.99,3464,3661,ms_0.006|en_0.000,en_0.012|ms_0.000,17.0,28.0,20,16,id_0.993|ms_0.006|en_0.000,id_0.988|en_0.012|ms_0.000,
50,l2_domain,telecom,thai,th,th,azure/gpt-5-mini,gpt-5-mini,data/simulations/l2_domain/2026-05-23-21-13-48_telecom_th_gpt-5-mini_Qwen3-235B-A22B-Instruct-2507-FP8/results.json,"[""user_system"", ""agent_system"", ""greeting"", ""tools"", ""policy"", ""db"", ""tasks""]",0.599,0.447,0.36,0.601,0.999487,0.996528,0.999,0.996,3899,2592,fr_0.000|zh_0.000,en_0.003|mk_0.000|zh_0.000,43.0,34.0,2,9,th_0.999|fr_0.000|zh_0.000,th_0.997|en_0.003|mk_0.000|zh_0.000,
51,l2_domain,telecom,thai,th,th,openrouter/moonshotai/kimi-k2.5,kimi-k2.5,data/simulations/l2_domain/2026-05-25-telecom-th-openrouter-kimi-k2.5_default-user/results.json,"[""user_system"", ""agent_system"", ""greeting"", ""tools"", ""policy"", ""db"", ""tasks""]",0.693,0.523,0.43,0.62,0.99938,1.0,0.999,1.0,3224,4095,ko_0.000|zh_0.000,,28.0,,2,0,th_0.999|ko_0.000|zh_0.000,th_1.000,
52,l2_domain,telecom,thai,th,th,vertex_ai/qwen/qwen3-235b-a22b-instruct-2507-maas,qwen-3-235b-it,data/simulations/l2_domain/2026-05-23-11-47-07_translated_telecom_trial-3_th_Qwen3-235B-A22B-Instruct-2507_vertex_agent_vertex_user/results.json,"[""user_system"", ""agent_system"", ""greeting"", ""tools"", ""policy"", ""db"", ""tasks""]",0.284,0.143,0.079,0.278,0.997655,0.810453,0.998,0.864,2985,3023,en_0.002|sv_0.000,en_0.184|ko_0.004|zh_0.001|si_0.000,33.0,22.0,5,132,th_0.998|en_0.002|sv_0.000,th_0.810|en_0.184|ko_0.004|zh_0.001|si_0.000,
53,l2_domain,telecom,vietnamese,vi,vi,azure/gpt-5-mini,gpt-5-mini,data/simulations/l2_domain/2026-05-24-02-19-11_telecom_vi_gpt-5-mini_Qwen3-235B-A22B-Instruct-2507-FP8/results.json,"[""user_system"", ""agent_system"", ""greeting"", ""tools"", ""policy"", ""db"", ""tasks""]",0.564,0.427,0.36,0.638,0.999562,0.936256,1.0,0.918,4567,2965,en_0.000,en_0.064,74.0,50.0,2,187,vi_1.000|en_0.000,vi_0.936|en_0.064,
54,l2_domain,telecom,vietnamese,vi,vi,openrouter/moonshotai/Kimi-K2.5,kimi-k2.5,data/simulations/l2_domain/2026-05-25-11-01-49_translated_telecom_trial-3_vi_moonshotai-kimi-k2.5_localhost_user/results.json,"[""user_system"", ""agent_system"", ""greeting"", ""tools"", ""policy"", ""db"", ""tasks""]",0.696,0.529,0.404,0.58,1.0,0.98515,1.0,0.98,5089,4579,,en_0.015,,34.5,0,68,vi_1.000,vi_0.985|en_0.015,
55,l2_domain,telecom,vietnamese,vi,vi,vertex_ai/qwen/qwen3-235b-a22b-instruct-2507-maas,qwen-3-235b-it,data/simulations/l2_domain/2026-05-23-15-19-46_translated_telecom_trial-3_vi_Qwen3-235B-A22B-Instruct-2507_vertex_agent_vertex_user/results.json,"[""user_system"", ""agent_system"", ""greeting"", ""tools"", ""policy"", ""db"", ""tasks""]",0.383,0.213,0.149,0.389,0.999128,0.888389,0.999,0.894,3441,3557,en_0.001,en_0.111|ko_0.001|la_0.000,62.0,48.0,2,221,vi_0.999|en_0.001,vi_0.888|en_0.111|ko_0.001|la_0.000,
56,l2_interaction,airline,chinese,zh,zh,openrouter/openai/gpt-5-mini,gpt-5-mini,data/simulations/l2_interaction/20260419_235442_airline_llm_agent_gpt-5-mini_user_simulator_qwen3-235b-a22b-2507_crosslingual_chinese/results.json,"[""user_system"", ""agent_system"", ""greeting""]",0.62,0.46,0.38,0.613,0.912892,0.739617,0.921,0.543,574,626,en_0.064|fr_0.009|ja_0.007|ca_0.002|fa_0.002|wuu_0.002|yue_0.002,en_0.259|ja_0.002,12.0,14.0,36,106,zh_0.913|en_0.064|fr_0.009|ja_0.007|ca_0.002|fa_0.002|wuu_0.002|yue_0.002,zh_0.740|en_0.259|ja_0.002,
57,l2_interaction,airline,chinese,zh,zh,azure/kimi-k2.5,kimi-k2.5,data/simulations/l2_interaction/20260512_110356_airline_llm_agent_kimi-k2.5_user_simulator_Qwen3-235B-A22B-Instruct-2507-FP8_crosslingual_chinese/results.json,"[""user_system"", ""agent_system"", ""greeting""]",0.76,0.64,0.58,0.763,0.998445,0.966357,0.999,0.803,643,862,en_0.002,en_0.034,20.0,17.0,1,29,zh_0.998|en_0.002,zh_0.966|en_0.034,
58,l2_interaction,airline,chinese,zh,zh,together_ai/Qwen/Qwen3-235B-A22B-Instruct-2507-tput,qwen-3-235b-it,data/simulations/l2_interaction/20260508_013140_airline_llm_agent_Qwen3-235B-A22B-Instruct-2507-tput_user_simulator_Qwen3-235B-A22B-Instruct-2507-tput_crosslingual_chinese/results.json,"[""user_system"", ""agent_system"", ""greeting""]",0.46,0.3,0.22,0.478,0.992236,0.95283,0.992,0.746,644,636,fr_0.003|en_0.002|it_0.002|wuu_0.002,en_0.047,17.0,17.0,4,30,zh_0.992|fr_0.003|en_0.002|it_0.002|wuu_0.002,zh_0.953|en_0.047,
59,l2_interaction,airline,filipino,tl,tl,openrouter/openai/gpt-5-mini,gpt-5-mini,data/simulations/l2_interaction/20260420_003625_airline_llm_agent_gpt-5-mini_user_simulator_qwen3-235b-a22b-2507_crosslingual_filipino/results.json,"[""user_system"", ""agent_system"", ""greeting""]",0.62,0.527,0.48,0.774,0.825688,0.799114,0.849,0.58,654,677,en_0.153|it_0.005|es_0.003|fa_0.003|fr_0.003|de_0.002|hr_0.002|io_0.002|ja_0.002|pt_0.002,en_0.199|es_0.001,9.0,15.0,65,113,tl_0.826|en_0.153|it_0.005|es_0.003|fa_0.003|fr_0.003|de_0.002|hr_0.002|io_0.002|ja_0.002|pt_0.002,tl_0.799|en_0.199|es_0.001,
60,l2_interaction,airline,filipino,tl,tl,azure/kimi-k2.5,kimi-k2.5,data/simulations/l2_interaction/20260512_122502_airline_llm_agent_kimi-k2.5_user_simulator_Qwen3-235B-A22B-Instruct-2507-FP8_crosslingual_filipino/results.json,"[""user_system"", ""agent_system"", ""greeting""]",0.747,0.653,0.6,0.803,0.936858,0.81084,0.934,0.691,681,941,en_0.034|it_0.007|ca_0.004|io_0.004|pt_0.004|sh_0.004|ja_0.003|eo_0.001,en_0.189,3.0,12.0,33,97,tl_0.937|en_0.034|it_0.007|ca_0.004|io_0.004|pt_0.004|sh_0.004|ja_0.003|eo_0.001,tl_0.811|en_0.189,
61,l2_interaction,airline,filipino,tl,tl,together_ai/Qwen/Qwen3-235B-A22B-Instruct-2507-tput,qwen-3-235b-it,data/simulations/l2_interaction/20260508_040932_airline_llm_agent_Qwen3-235B-A22B-Instruct-2507-tput_user_simulator_Qwen3-235B-A22B-Instruct-2507-tput_crosslingual_filipino/results.json,"[""user_system"", ""agent_system"", ""greeting""]",0.44,0.313,0.26,0.591,0.937126,0.889068,0.937,0.7,668,622,en_0.046|it_0.010|sh_0.003|io_0.001|lt_0.001,en_0.111,6.0,16.0,28,56,tl_0.937|en_0.046|it_0.010|sh_0.003|io_0.001|lt_0.001,tl_0.889|en_0.111,
62,l2_interaction,airline,indonesian,id,id,openrouter/openai/gpt-5-mini,gpt-5-mini,data/simulations/l2_interaction/20260419_231438_airline_llm_agent_gpt-5-mini_user_simulator_qwen3-235b-a22b-2507_crosslingual_indonesian/results.json,"[""user_system"", ""agent_system"", ""greeting""]",0.627,0.447,0.36,0.574,0.89441,0.806748,0.911,0.607,644,652,en_0.079|ms_0.008|it_0.005|tr_0.005|ca_0.002|eo_0.002|fr_0.002|jv_0.002|pt_0.002|ro_0.002,en_0.192|lv_0.002,10.0,16.0,43,106,id_0.894|en_0.079|ms_0.008|it_0.005|tr_0.005|ca_0.002|eo_0.002|fr_0.002|jv_0.002|pt_0.002|ro_0.002,id_0.807|en_0.192|lv_0.002,
63,l2_interaction,airline,indonesian,id,id,azure/kimi-k2.5,kimi-k2.5,data/simulations/l2_interaction/20260512_073621_airline_llm_agent_kimi-k2.5_user_simulator_Qwen3-235B-A22B-Instruct-2507-FP8_crosslingual_indonesian/results.json,"[""user_system"", ""agent_system"", ""greeting""]",0.74,0.653,0.6,0.811,0.995608,0.973742,0.996,0.811,683,914,ms_0.004,en_0.021|ja_0.003|es_0.002,23.0,13.5,3,24,id_0.996|ms_0.004,id_0.974|en_0.021|ja_0.003|es_0.002,
64,l2_interaction,airline,indonesian,id,id,together_ai/Qwen/Qwen3-235B-A22B-Instruct-2507-tput,qwen-3-235b-it,data/simulations/l2_interaction/20260507_221638_airline_llm_agent_Qwen3-235B-A22B-Instruct-2507-tput_user_simulator_Qwen3-235B-A22B-Instruct-2507-tput_crosslingual_indonesian/results.json,"[""user_system"", ""agent_system"", ""greeting""]",0.493,0.347,0.26,0.527,0.994631,0.965753,0.995,0.78,745,730,ms_0.003|en_0.001|it_0.001,en_0.023|zh_0.010|ms_0.001,12.0,12.0,4,25,id_0.995|ms_0.003|en_0.001|it_0.001,id_0.966|en_0.023|zh_0.010|ms_0.001,
65,l2_interaction,airline,thai,th,th,openrouter/openai/gpt-5-mini,gpt-5-mini,data/simulations/l2_interaction/20260419_222935_airline_llm_agent_gpt-5-mini_user_simulator_qwen3-235b-a22b-2507_crosslingual_thai/results.json,"[""user_system"", ""agent_system"", ""greeting""]",0.593,0.473,0.4,0.675,0.909247,0.862583,0.941,0.617,584,604,en_0.079|de_0.007|it_0.002|pt_0.002|ru_0.002,en_0.137,14.0,12.0,31,81,th_0.909|en_0.079|de_0.007|it_0.002|pt_0.002|ru_0.002,th_0.863|en_0.137,
66,l2_interaction,airline,thai,th,th,azure/kimi-k2.5,kimi-k2.5,data/simulations/l2_interaction/20260511_110641_airline_llm_agent_kimi-k2.5_user_simulator_Qwen3-235B-A22B-Instruct-2507-FP8_crosslingual_thai/results.json,"[""user_system"", ""agent_system"", ""greeting""]",0.687,0.58,0.52,0.757,0.993289,0.942595,0.995,0.774,596,871,it_0.003|ca_0.002|ja_0.002,en_0.057,3.0,13.0,3,50,th_0.993|it_0.003|ca_0.002|ja_0.002,th_0.943|en_0.057,
67,l2_interaction,airline,thai,th,th,together_ai/Qwen/Qwen3-235B-A22B-Instruct-2507-tput,qwen-3-235b-it,data/simulations/l2_interaction/20260507_093357_airline_llm_agent_Qwen3-235B-A22B-Instruct-2507-tput_user_simulator_Qwen3-235B-A22B-Instruct-2507-tput_crosslingual_thai/results.json,"[""user_system"", ""agent_system"", ""greeting""]",0.487,0.373,0.32,0.657,0.986364,0.965347,0.988,0.73,660,606,it_0.011|ca_0.002|en_0.002,en_0.035,3.0,18.0,9,21,th_0.986|it_0.011|ca_0.002|en_0.002,th_0.965|en_0.035,
68,l2_interaction,airline,vietnamese,vi,vi,openrouter/openai/gpt-5-mini,gpt-5-mini,data/simulations/l2_interaction/20260419_214157_airline_llm_agent_gpt-5-mini_user_simulator_qwen3-235b-a22b-2507_crosslingual_vietnamese/results.json,"[""user_system"", ""agent_system"", ""greeting""]",0.64,0.5,0.42,0.656,0.909556,0.869841,0.928,0.641,586,630,en_0.068|it_0.005|es_0.003|fa_0.003|ca_0.002|id_0.002|ja_0.002|ro_0.002|th_0.002|zh_0.002,en_0.130,13.0,16.0,35,80,vi_0.910|en_0.068|it_0.005|es_0.003|fa_0.003|ca_0.002|id_0.002|ja_0.002|ro_0.002|th_0.002|zh_0.002,vi_0.870|en_0.130,
69,l2_interaction,airline,vietnamese,vi,vi,azure/kimi-k2.5,kimi-k2.5,data/simulations/l2_interaction/20260511_094959_airline_llm_agent_kimi-k2.5_user_simulator_Qwen3-235B-A22B-Instruct-2507-FP8_crosslingual_vietnamese/results.json,"[""user_system"", ""agent_system"", ""greeting""]",0.733,0.66,0.6,0.819,0.995122,0.964758,0.995,0.803,615,908,pt_0.003|it_0.002,en_0.035,3.0,12.5,3,32,vi_0.995|pt_0.003|it_0.002,vi_0.965|en_0.035,
70,l2_interaction,airline,vietnamese,vi,vi,together_ai/Qwen/Qwen3-235B-A22B-Instruct-2507-tput,qwen-3-235b-it,data/simulations/l2_interaction/20260507_005606_airline_llm_agent_Qwen3-235B-A22B-Instruct-2507-tput_user_simulator_Qwen3-235B-A22B-Instruct-2507-tput_crosslingual_vietnamese/results.json,"[""user_system"", ""agent_system"", ""greeting""]",0.48,0.347,0.28,0.583,0.997175,0.965753,0.997,0.783,708,730,ca_0.003,en_0.034,3.0,18.0,2,25,vi_0.997|ca_0.003,vi_0.966|en_0.034,
71,l2_interaction,retail,chinese,zh,zh,openrouter/openai/gpt-5-mini,gpt-5-mini,data/simulations/l2_interaction/20260420_052326_retail_llm_agent_gpt-5-mini_user_simulator_qwen3-235b-a22b-2507_crosslingual_chinese/results.json,"[""user_system"", ""agent_system"", ""greeting""]",0.675,0.506,0.412,0.61,0.946908,0.843952,0.948,0.682,1714,1852,en_0.041|de_0.005|ja_0.002|es_0.002|fr_0.001|wuu_0.001,en_0.154|ko_0.001|hu_0.001,18.5,17.0,70,156,zh_0.947|en_0.041|de_0.005|ja_0.002|es_0.002|fr_0.001|wuu_0.001,zh_0.844|en_0.154|ko_0.001|hu_0.001,
72,l2_interaction,retail,chinese,zh,zh,azure/kimi-k2.5,kimi-k2.5,data/simulations/l2_interaction/20260513_044927_retail_llm_agent_kimi-k2.5_user_simulator_Qwen3-235B-A22B-Instruct-2507-FP8_crosslingual_chinese/results.json,"[""user_system"", ""agent_system"", ""greeting""]",0.722,0.596,0.526,0.729,0.982416,0.993845,0.983,0.835,1763,2112,en_0.009|de_0.003|fr_0.003|wuu_0.001|it_0.001,en_0.006,3.0,20.0,22,13,zh_0.982|en_0.009|de_0.003|fr_0.003|wuu_0.001|it_0.001,zh_0.994|en_0.006,
73,l2_interaction,retail,chinese,zh,zh,openai//project/lt200394-thllmV/jab/seacrowd/models/Qwen/Qwen3-235B-A22B-Instruct-2507-FP8,qwen-3-235b-it,data/simulations/l2_interaction/20260509_014748_retail_llm_agent_Qwen3-235B-A22B-Instruct-2507-FP8_user_simulator_Qwen3-235B-A22B-Instruct-2507-FP8_crosslingual_chinese/results.json,"[""user_system"", ""agent_system"", ""greeting""]",0.591,0.442,0.351,0.594,0.984579,0.986076,0.987,0.79,1686,1580,en_0.007|fr_0.004|de_0.004|als_0.001|wuu_0.001,en_0.014,3.0,24.0,16,21,zh_0.985|en_0.007|fr_0.004|de_0.004|als_0.001|wuu_0.001,zh_0.986|en_0.014,
74,l2_interaction,retail,filipino,tl,tl,openrouter/openai/gpt-5-mini,gpt-5-mini,data/simulations/l2_interaction/20260420_063830_retail_llm_agent_gpt-5-mini_user_simulator_qwen3-235b-a22b-2507_crosslingual_filipino/results.json,"[""user_system"", ""agent_system"", ""greeting""]",0.655,0.518,0.43,0.656,0.778247,0.942288,0.78,0.772,1894,1958,en_0.194|io_0.004|de_0.003|it_0.003|sh_0.002|uk_0.002|es_0.001|et_0.001|fr_0.001|ilo_0.001|ru_0.001|br_0.001|da_0.001|eo_0.001|hr_0.001|jv_0.001|lt_0.001|nl_0.001|no_0.001|oc_0.001|pl_0.001|ro_0.001|sco_0.001|sq_0.001|ta_0.001|tg_0.001|tr_0.001|vi_0.001,en_0.058,3.0,22.0,209,96,tl_0.778|en_0.194|io_0.004|de_0.003|it_0.003|sh_0.002|uk_0.002|es_0.001|et_0.001|fr_0.001|ilo_0.001|ru_0.001|br_0.001|da_0.001|eo_0.001|hr_0.001|jv_0.001|lt_0.001|nl_0.001|no_0.001|oc_0.001|pl_0.001|ro_0.001|sco_0.001|sq_0.001|ta_0.001|tg_0.001|tr_0.001|vi_0.001,tl_0.942|en_0.058,
75,l2_interaction,retail,filipino,tl,tl,azure/kimi-k2.5,kimi-k2.5,data/simulations/l2_interaction/20260513_051905_retail_llm_agent_kimi-k2.5_user_simulator_Qwen3-235B-A22B-Instruct-2507-FP8_crosslingual_filipino/results.json,"[""user_system"", ""agent_system"", ""greeting""]",0.675,0.541,0.474,0.702,0.747839,0.783445,0.771,0.674,1967,2392,en_0.209|de_0.007|io_0.007|pt_0.004|fr_0.004|lt_0.003|sh_0.003|es_0.003|la_0.002|it_0.002|hr_0.001|ro_0.001|ru_0.001|sco_0.001|br_0.001|cy_0.001|hu_0.001|id_0.001|ms_0.001|nl_0.001|qu_0.001|si_0.001|sq_0.001,en_0.216|sco_0.000,3.0,15.0,204,208,tl_0.748|en_0.209|de_0.007|io_0.007|pt_0.004|fr_0.004|lt_0.003|sh_0.003|es_0.003|la_0.002|it_0.002|hr_0.001|ro_0.001|ru_0.001|sco_0.001|br_0.001|cy_0.001|hu_0.001|id_0.001|ms_0.001|nl_0.001|qu_0.001|si_0.001|sq_0.001,tl_0.783|en_0.216|sco_0.000,
76,l2_interaction,retail,filipino,tl,tl,openai//project/lt200394-thllmV/jab/seacrowd/models/Qwen/Qwen3-235B-A22B-Instruct-2507-FP8,qwen-3-235b-it,data/simulations/l2_interaction/20260509_155537_retail_llm_agent_Qwen3-235B-A22B-Instruct-2507-FP8_user_simulator_Qwen3-235B-A22B-Instruct-2507-FP8_crosslingual_filipino/results.json,"[""user_system"", ""agent_system"", ""greeting""]",0.573,0.444,0.386,0.674,0.772326,0.902644,0.789,0.729,1814,1664,en_0.188|de_0.006|io_0.006|es_0.003|hu_0.003|id_0.003|lt_0.002|eo_0.002|it_0.002|la_0.002|pt_0.002|fr_0.001|nl_0.001|ro_0.001|sh_0.001|ar_0.001|br_0.001|bs_0.001|ca_0.001|gl_0.001|hr_0.001|ilo_0.001|pl_0.001|ru_0.001|war_0.001,en_0.097,3.0,14.0,182,76,tl_0.772|en_0.188|de_0.006|io_0.006|es_0.003|hu_0.003|id_0.003|lt_0.002|eo_0.002|it_0.002|la_0.002|pt_0.002|fr_0.001|nl_0.001|ro_0.001|sh_0.001|ar_0.001|br_0.001|bs_0.001|ca_0.001|gl_0.001|hr_0.001|ilo_0.001|pl_0.001|ru_0.001|war_0.001,tl_0.903|en_0.097,
77,l2_interaction,retail,indonesian,id,id,openrouter/openai/gpt-5-mini,gpt-5-mini,data/simulations/l2_interaction/20260420_040050_retail_llm_agent_gpt-5-mini_user_simulator_qwen3-235b-a22b-2507_crosslingual_indonesian/results.json,"[""user_system"", ""agent_system"", ""greeting""]",0.684,0.547,0.456,0.667,0.932173,0.938788,0.944,0.753,1666,1699,en_0.050|ms_0.007|es_0.002|it_0.002|ru_0.002|eo_0.001|ar_0.001|br_0.001|ca_0.001|de_0.001|jv_0.001|sw_0.001,en_0.059|ms_0.001|jv_0.001,17.0,20.0,84,88,id_0.932|en_0.050|ms_0.007|es_0.002|it_0.002|ru_0.002|eo_0.001|ar_0.001|br_0.001|ca_0.001|de_0.001|jv_0.001|sw_0.001,id_0.939|en_0.059|ms_0.001|jv_0.001,
78,l2_interaction,retail,indonesian,id,id,azure/kimi-k2.5,kimi-k2.5,data/simulations/l2_interaction/20260513_021823_retail_llm_agent_kimi-k2.5_user_simulator_Qwen3-235B-A22B-Instruct-2507-FP8_crosslingual_indonesian/results.json,"[""user_system"", ""agent_system"", ""greeting""]",0.64,0.482,0.386,0.603,0.972973,0.992346,0.975,0.838,1813,2221,en_0.014|ms_0.008|de_0.003|fr_0.001|it_0.001|ja_0.001,en_0.006|ja_0.001|ms_0.000,5.0,18.0,38,17,id_0.973|en_0.014|ms_0.008|de_0.003|fr_0.001|it_0.001|ja_0.001,id_0.992|en_0.006|ja_0.001|ms_0.000,
79,l2_interaction,retail,indonesian,id,id,openai//project/lt200394-thllmV/jab/seacrowd/models/Qwen/Qwen3-235B-A22B-Instruct-2507-FP8,qwen-3-235b-it,data/simulations/l2_interaction/20260509_093704_retail_llm_agent_Qwen3-235B-A22B-Instruct-2507-FP8_user_simulator_Qwen3-235B-A22B-Instruct-2507-FP8_crosslingual_indonesian/results.json,"[""user_system"", ""agent_system"", ""greeting""]",0.608,0.462,0.386,0.635,0.970896,0.992419,0.974,0.792,1718,1583,en_0.016|ms_0.006|de_0.005|fr_0.001|ja_0.001|nl_0.001|ru_0.001,en_0.005|ms_0.003,3.0,23.0,39,12,id_0.971|en_0.016|ms_0.006|de_0.005|fr_0.001|ja_0.001|nl_0.001|ru_0.001,id_0.992|en_0.005|ms_0.003,
80,l2_interaction,retail,thai,th,th,openrouter/openai/gpt-5-mini,gpt-5-mini,data/simulations/l2_interaction/20260420_023353_retail_llm_agent_gpt-5-mini_user_simulator_qwen3-235b-a22b-2507_crosslingual_thai/results.json,"[""user_system"", ""agent_system"", ""greeting""]",0.699,0.538,0.43,0.615,0.954128,0.97786,0.957,0.778,1635,1626,en_0.038|de_0.001|es_0.001|fr_0.001|ru_0.001|fa_0.001|it_0.001|ta_0.001|uk_0.001|zh_0.001,en_0.022,16.0,20.0,55,36,th_0.954|en_0.038|de_0.001|es_0.001|fr_0.001|ru_0.001|fa_0.001|it_0.001|ta_0.001|uk_0.001|zh_0.001,th_0.978|en_0.022,
81,l2_interaction,retail,thai,th,th,azure/kimi-k2.5,kimi-k2.5,data/simulations/l2_interaction/20260512_230553_retail_llm_agent_kimi-k2.5_user_simulator_Qwen3-235B-A22B-Instruct-2507-FP8_crosslingual_thai/results.json,"[""user_system"", ""agent_system"", ""greeting""]",0.573,0.43,0.36,0.628,0.983439,0.990253,0.985,0.816,1570,2052,en_0.008|de_0.004|fr_0.003|ru_0.002,en_0.010,3.0,20.0,18,20,th_0.983|en_0.008|de_0.004|fr_0.003|ru_0.002,th_0.990|en_0.010,
82,l2_interaction,retail,thai,th,th,openai//project/lt200394-thllmV/jab/seacrowd/models/Qwen/Qwen3-235B-A22B-Instruct-2507-FP8,qwen-3-235b-it,data/simulations/l2_interaction/20260508_194059_retail_llm_agent_Qwen3-235B-A22B-Instruct-2507-FP8_user_simulator_Qwen3-235B-A22B-Instruct-2507-FP8_crosslingual_thai/results.json,"[""user_system"", ""agent_system"", ""greeting""]",0.526,0.383,0.325,0.618,0.991895,0.985242,0.993,0.756,1604,1423,de_0.004|en_0.004|fr_0.001,en_0.015,3.0,16.0,12,21,th_0.992|de_0.004|en_0.004|fr_0.001,th_0.985|en_0.015,
83,l2_interaction,retail,vietnamese,vi,vi,openrouter/openai/gpt-5-mini,gpt-5-mini,data/simulations/l2_interaction/20260420_012220_retail_llm_agent_gpt-5-mini_user_simulator_qwen3-235b-a22b-2507_crosslingual_vietnamese/results.json,"[""user_system"", ""agent_system"", ""greeting""]",0.696,0.57,0.5,0.718,0.942925,0.976959,0.946,0.79,1682,1736,en_0.044|es_0.004|de_0.002|it_0.002|ru_0.002|ca_0.001|et_0.001|no_0.001|pt_0.001|te_0.001|uk_0.001,en_0.023,15.0,22.0,75,40,vi_0.943|en_0.044|es_0.004|de_0.002|it_0.002|ru_0.002|ca_0.001|et_0.001|no_0.001|pt_0.001|te_0.001|uk_0.001,vi_0.977|en_0.023,
84,l2_interaction,retail,vietnamese,vi,vi,azure/kimi-k2.5,kimi-k2.5,data/simulations/l2_interaction/20260512_141138_retail_llm_agent_kimi-k2.5_user_simulator_Qwen3-235B-A22B-Instruct-2507-FP8_crosslingual_vietnamese/results.json,"[""user_system"", ""agent_system"", ""greeting""]",0.687,0.55,0.465,0.677,0.961982,0.993753,0.967,0.852,1736,2401,en_0.022|de_0.006|fr_0.005|no_0.002|ja_0.001|pt_0.001|ru_0.001,en_0.006,3.0,18.0,37,15,vi_0.962|en_0.022|de_0.006|fr_0.005|no_0.002|ja_0.001|pt_0.001|ru_0.001,vi_0.994|en_0.006,
85,l2_interaction,retail,vietnamese,vi,vi,openai//project/lt200394-thllmV/jab/seacrowd/models/Qwen/Qwen3-235B-A22B-Instruct-2507-FP8,qwen-3-235b-it,data/simulations/l2_interaction/20260508_001135_retail_llm_agent_Qwen3-235B-A22B-Instruct-2507-FP8_user_simulator_Qwen3-235B-A22B-Instruct-2507-FP8_crosslingual_vietnamese/results.json,"[""user_system"", ""agent_system"", ""greeting""]",0.556,0.418,0.333,0.599,0.978514,0.985388,0.98,0.786,1629,1574,en_0.012|de_0.005|ca_0.002|fr_0.002|ht_0.001,en_0.015,3.0,18.0,24,23,vi_0.979|en_0.012|de_0.005|ca_0.002|fr_0.002|ht_0.001,vi_0.985|en_0.015,
86,l2_interaction,telecom,chinese,zh,zh,openai/gpt-5-mini,gpt-5-mini,data/simulations/l2_interaction/20260429_025830_telecom_llm_agent_gpt-5-mini_user_simulator_qwen3-235b-a22b-2507_crosslingual_chinese/results.json,"[""user_system"", ""agent_system"", ""greeting""]",0.728,0.608,0.518,0.712,0.995812,0.930144,0.997,0.758,2388,2090,en_0.002|ja_0.001|be_0.000|fr_0.000|la_0.000,en_0.070,45.0,54.0,9,146,zh_0.996|en_0.002|ja_0.001|be_0.000|fr_0.000|la_0.000,zh_0.930|en_0.070,
87,l2_interaction,telecom,chinese,zh,zh,azure/kimi-k2.5,kimi-k2.5,data/simulations/l2_interaction/20260513_172533_telecom_llm_agent_kimi-k2.5_user_simulator_Qwen3-235B-A22B-Instruct-2507-FP8_crosslingual_chinese/results.json,"[""user_system"", ""agent_system"", ""greeting""]",0.93,0.868,0.816,0.877,1.0,0.995347,1.0,0.864,2258,2579,,en_0.004|ja_0.000,,52.0,0,12,zh_1.000,zh_0.995|en_0.004|ja_0.000,
88,l2_interaction,telecom,chinese,zh,zh,openai//project/lt200394-thllmV/jab/seacrowd/models/Qwen/Qwen3-235B-A22B-Instruct-2507-FP8,qwen-3-235b-it,data/simulations/l2_interaction/20260510_103627_telecom_llm_agent_Qwen3-235B-A22B-Instruct-2507-FP8_user_simulator_Qwen3-235B-A22B-Instruct-2507-FP8_crosslingual_chinese/results.json,"[""user_system"", ""agent_system"", ""greeting""]",0.228,0.132,0.096,0.421,1.0,0.937161,1.0,0.674,1472,1289,,en_0.063,,56.0,0,81,zh_1.000,zh_0.937|en_0.063,
89,l2_interaction,telecom,filipino,tl,tl,openai/gpt-5-mini,gpt-5-mini,data/simulations/l2_interaction/20260429_054648_telecom_llm_agent_gpt-5-mini_user_simulator_qwen3-235b-a22b-2507_crosslingual_filipino/results.json,"[""user_system"", ""agent_system"", ""greeting""]",0.74,0.617,0.535,0.723,0.967037,0.937654,0.975,0.783,2791,2438,en_0.021|la_0.001|es_0.001|it_0.001|id_0.001|ilo_0.001|io_0.001|ms_0.001|ro_0.001|ceb_0.000|de_0.000|fr_0.000|ja_0.000|ko_0.000|lt_0.000|pl_0.000|pt_0.000|qu_0.000|ru_0.000|sv_0.000|tr_0.000,en_0.062|ja_0.000,26.0,54.0,58,150,tl_0.967|en_0.021|la_0.001|es_0.001|it_0.001|id_0.001|ilo_0.001|io_0.001|ms_0.001|ro_0.001|ceb_0.000|de_0.000|fr_0.000|ja_0.000|ko_0.000|lt_0.000|pl_0.000|pt_0.000|qu_0.000|ru_0.000|sv_0.000|tr_0.000,tl_0.938|en_0.062|ja_0.000,
90,l2_interaction,telecom,filipino,tl,tl,azure/kimi-k2.5,kimi-k2.5,data/simulations/l2_interaction/20260516_115946_telecom_llm_agent_kimi-k2.5_user_simulator_Qwen3-235B-A22B-Instruct-2507-FP8_crosslingual_filipino/results.json,"[""user_system"", ""agent_system"", ""greeting""]",0.883,0.784,0.702,0.795,0.995596,0.978325,0.996,0.877,3179,3737,en_0.004|io_0.000|ro_0.000,en_0.022,30.5,32.0,14,81,tl_0.996|en_0.004|io_0.000|ro_0.000,tl_0.978|en_0.022,
91,l2_interaction,telecom,filipino,tl,tl,openai//project/lt200394-thllmV/jab/seacrowd/models/Qwen/Qwen3-235B-A22B-Instruct-2507-FP8,qwen-3-235b-it,data/simulations/l2_interaction/20260510_145153_telecom_llm_agent_Qwen3-235B-A22B-Instruct-2507-FP8_user_simulator_Qwen3-235B-A22B-Instruct-2507-FP8_crosslingual_filipino/results.json,"[""user_system"", ""agent_system"", ""greeting""]",0.155,0.088,0.061,0.394,0.990099,0.906928,0.994,0.675,1616,1429,en_0.006|hr_0.002|br_0.001|fr_0.001,en_0.093,3.0,56.0,8,127,tl_0.990|en_0.006|hr_0.002|br_0.001|fr_0.001,tl_0.907|en_0.093,
92,l2_interaction,telecom,indonesian,id,id,openai/gpt-5-mini,gpt-5-mini,data/simulations/l2_interaction/20260428_231442_telecom_llm_agent_gpt-5-mini_user_simulator_qwen3-235b-a22b-2507_crosslingual_indonesian/results.json,"[""user_system"", ""agent_system"", ""greeting""]",0.582,0.453,0.404,0.694,0.985762,0.942202,0.987,0.805,4214,3097,ms_0.007|en_0.005|bn_0.000|it_0.000|fi_0.000|ja_0.000|sr_0.000|sw_0.000|tl_0.000|tr_0.000,en_0.057|ms_0.001,34.0,48.0,44,178,id_0.986|ms_0.007|en_0.005|bn_0.000|it_0.000|fi_0.000|ja_0.000|sr_0.000|sw_0.000|tl_0.000|tr_0.000,id_0.942|en_0.057|ms_0.001,
93,l2_interaction,telecom,indonesian,id,id,azure/kimi-k2.5,kimi-k2.5,data/simulations/l2_interaction/20260513_141803_telecom_llm_agent_kimi-k2.5_user_simulator_Qwen3-235B-A22B-Instruct-2507-FP8_crosslingual_indonesian/results.json,"[""user_system"", ""agent_system"", ""greeting""]",0.915,0.839,0.772,0.844,0.995435,0.994462,0.996,0.888,3286,3431,ms_0.005,ja_0.003|en_0.002|ms_0.001,17.0,26.0,15,19,id_0.995|ms_0.005,id_0.994|ja_0.003|en_0.002|ms_0.001,
94,l2_interaction,telecom,indonesian,id,id,openai//project/lt200394-thllmV/jab/seacrowd/models/Qwen/Qwen3-235B-A22B-Instruct-2507-FP8,qwen-3-235b-it,data/simulations/l2_interaction/20260510_004116_telecom_llm_agent_Qwen3-235B-A22B-Instruct-2507-FP8_user_simulator_Qwen3-235B-A22B-Instruct-2507-FP8_crosslingual_indonesian/results.json,"[""user_system"", ""agent_system"", ""greeting""]",0.333,0.17,0.105,0.315,0.994448,0.950875,0.995,0.816,3242,2972,ms_0.006,en_0.040|zh_0.006|es_0.003|ja_0.000,23.0,58.0,15,144,id_0.994|ms_0.006,id_0.951|en_0.040|zh_0.006|es_0.003|ja_0.000,
95,l2_interaction,telecom,thai,th,th,openrouter/openai/gpt-5-mini,gpt-5-mini,data/simulations/l2_interaction/20260421_211414_telecom_llm_agent_gpt-5-mini_user_simulator_qwen3-235b-a22b-2507_crosslingual_thai/results.json,"[""user_system"", ""agent_system"", ""greeting""]",0.605,0.436,0.342,0.565,0.997853,0.938641,0.998,0.785,3260,2575,ko_0.001|en_0.001|la_0.000,en_0.061,57.0,54.0,5,158,th_0.998|ko_0.001|en_0.001|la_0.000,th_0.939|en_0.061,
96,l2_interaction,telecom,thai,th,th,azure/kimi-k2.5,kimi-k2.5,data/simulations/l2_interaction/20260513_111037_telecom_llm_agent_kimi-k2.5_user_simulator_Qwen3-235B-A22B-Instruct-2507-FP8_crosslingual_thai/results.json,"[""user_system"", ""agent_system"", ""greeting""]",0.854,0.763,0.702,0.822,1.0,0.972647,1.0,0.855,2636,3071,,en_0.027,,31.0,0,84,th_1.000,th_0.973|en_0.027,
97,l2_interaction,telecom,thai,th,th,openai//project/lt200394-thllmV/jab/seacrowd/models/Qwen/Qwen3-235B-A22B-Instruct-2507-FP8,qwen-3-235b-it,data/simulations/l2_interaction/20260509_204837_telecom_llm_agent_Qwen3-235B-A22B-Instruct-2507-FP8_user_simulator_Qwen3-235B-A22B-Instruct-2507-FP8_crosslingual_thai/results.json,"[""user_system"", ""agent_system"", ""greeting""]",0.222,0.108,0.061,0.275,1.0,0.904184,1.0,0.705,1903,1649,,en_0.096,,48.0,0,153,th_1.000,th_0.904|en_0.096,
98,l2_interaction,telecom,vietnamese,vi,vi,openrouter/openai/gpt-5-mini,gpt-5-mini,data/simulations/l2_interaction/20260421_110831_telecom_llm_agent_gpt-5-mini_user_simulator_qwen3-235b-a22b-2507_crosslingual_vietnamese/results.json,"[""user_system"", ""agent_system"", ""greeting""]",0.561,0.43,0.368,0.656,0.994667,0.943059,0.998,0.811,4313,3249,ja_0.002|zh_0.001|en_0.001|ko_0.000|la_0.000|fa_0.000|id_0.000|sv_0.000,en_0.057,26.0,58.0,6,185,vi_0.995|ja_0.002|zh_0.001|en_0.001|ko_0.000|la_0.000|fa_0.000|id_0.000|sv_0.000,vi_0.943|en_0.057,
99,l2_interaction,telecom,vietnamese,vi,vi,azure/kimi-k2.5,kimi-k2.5,data/simulations/l2_interaction/20260513_073043_telecom_llm_agent_kimi-k2.5_user_simulator_Qwen3-235B-A22B-Instruct-2507-FP8_crosslingual_vietnamese/results.json,"[""user_system"", ""agent_system"", ""greeting""]",0.912,0.836,0.772,0.846,1.0,0.995101,1.0,0.897,3287,3674,,en_0.005,,36.5,0,18,vi_1.000,vi_0.995|en_0.005,
100,l2_interaction,telecom,vietnamese,vi,vi,openai//project/lt200394-thllmV/jab/seacrowd/models/Qwen/Qwen3-235B-A22B-Instruct-2507-FP8,qwen-3-235b-it,data/simulations/l2_interaction/20260509_173928_telecom_llm_agent_Qwen3-235B-A22B-Instruct-2507-FP8_user_simulator_Qwen3-235B-A22B-Instruct-2507-FP8_crosslingual_vietnamese/results.json,"[""user_system"", ""agent_system"", ""greeting""]",0.26,0.129,0.061,0.235,1.0,0.928478,1.0,0.773,2446,2293,,en_0.072,,52.0,0,157,vi_1.000,vi_0.928|en_0.072,
101,l2_tools,airline,chinese,zh,en,openai/gpt-5-mini,gpt-5-mini,data/simulations/l2_tools/english_tool_experiments_airline_gpt-5-mini_qwen3-235b-a22b-instruct-2507-maas_english_zh_tools/results.json,"[""mixed_tools""]",0.687,0.593,0.52,0.757,0.998141,1.0,0.998,1.0,538,697,fr_0.002,,7.0,,1,0,en_0.998|fr_0.002,en_1.000,
102,l2_tools,airline,chinese,zh,en,vertex_ai/qwen/qwen3-235b-a22b-instruct-2507-maas,qwen-3-235b-it,data/simulations/l2_tools/english_tool_experiments_airline_qwen3-235b-a22b-instruct-2507-maas_qwen3-235b-a22b-instruct-2507-maas_english_zh_tools/results.json,"[""mixed_tools""]",0.48,0.313,0.2,0.417,0.995562,1.0,0.995,1.0,676,826,it_0.004,,3.0,,3,0,en_0.996|it_0.004,en_1.000,
103,l2_tools,airline,filipino,tl,en,azure/gpt-5-mini,gpt-5-mini,data/simulations/l2_tools/english_tool_experiments_airline_gpt-5-mini_qwen3-235b-a22b-instruct-2507-maas_english_tl_tools/results.json,"[""mixed_tools""]",0.667,0.58,0.54,0.81,0.998069,1.0,0.997,1.0,518,675,fr_0.002,,5.0,,1,0,en_0.998|fr_0.002,en_1.000,
104,l2_tools,airline,filipino,tl,en,vertex_ai/qwen/qwen3-235b-a22b-instruct-2507-maas,qwen-3-235b-it,data/simulations/l2_tools/english_tool_experiments_airline_qwen3-235b-a22b-instruct-2507-maas_qwen3-235b-a22b-instruct-2507-maas_english_tl_tools/results.json,"[""mixed_tools""]",0.467,0.32,0.24,0.514,0.995658,1.0,0.996,1.0,691,833,it_0.004,,3.0,,3,0,en_0.996|it_0.004,en_1.000,
105,l2_tools,airline,indonesian,id,en,openai/gpt-5-mini,gpt-5-mini,data/simulations/l2_tools/english_tool_experiments_airline_gpt-5-mini_qwen3-235b-a22b-instruct-2507-maas_english_id_tools/results.json,"[""mixed_tools""]",0.687,0.567,0.48,0.699,0.998102,1.0,0.998,1.0,527,678,it_0.002,,3.0,,1,0,en_0.998|it_0.002,en_1.000,
106,l2_tools,airline,indonesian,id,en,vertex_ai/qwen/qwen3-235b-a22b-instruct-2507-maas,qwen-3-235b-it,data/simulations/l2_tools/english_tool_experiments_airline_qwen3-235b-a22b-instruct-2507-maas_qwen3-235b-a22b-instruct-2507-maas_english_id_tools/results.json,"[""mixed_tools""]",0.4,0.233,0.18,0.45,0.998487,1.0,0.999,1.0,661,803,it_0.002,,3.0,,1,0,en_0.998|it_0.002,en_1.000,
107,l2_tools,airline,thai,th,en,openai/gpt-5-mini,gpt-5-mini,data/simulations/l2_tools/english_tool_experiments_airline_gpt-5-mini_qwen3-235b-a22b-instruct-2507-maas_english_th_tools/results.json,"[""mixed_tools""]",0.62,0.473,0.4,0.645,0.99053,1.0,0.993,1.0,528,684,ru_0.004|fi_0.002|fr_0.002|pt_0.002,,11.0,,5,0,en_0.991|ru_0.004|fi_0.002|fr_0.002|pt_0.002,en_1.000,
108,l2_tools,airline,thai,th,en,vertex_ai/qwen/qwen3-235b-a22b-instruct-2507-maas,qwen-3-235b-it,data/simulations/l2_tools/english_tool_experiments_airline_qwen3-235b-a22b-instruct-2507-maas_qwen3-235b-a22b-instruct-2507-maas_english_th_tools/results.json,"[""mixed_tools""]",0.38,0.253,0.22,0.579,0.992722,1.0,0.995,1.0,687,856,fr_0.004|it_0.003,,3.0,,3,0,en_0.993|fr_0.004|it_0.003,en_1.000,
109,l2_tools,airline,tool_mix_2,tool_mix_2,en,openai/gpt-5-mini,gpt-5-mini,data/simulations/l2_tools/english_tool_experiments_airline_gpt-5-mini_qwen3-235b-a22b-instruct-2507-maas_english_mixed_bi/results.json,"[""mixed_tools""]",0.68,0.56,0.48,0.706,0.998,0.998496,0.998,1.0,500,665,ja_0.002,el_0.002,9.0,43.0,1,1,en_0.998|ja_0.002,en_0.998|el_0.002,
110,l2_tools,airline,tool_mix_2,tool_mix_2,en,vertex_ai/qwen/qwen3-235b-a22b-instruct-2507-maas,qwen-3-235b-it,data/simulations/l2_tools/english_tool_experiments_airline_qwen3-235b-a22b-instruct-2507-maas_qwen3-235b-a22b-instruct-2507-maas_english_mixed_bi/results.json,"[""mixed_tools""]",0.44,0.28,0.2,0.455,0.995427,1.0,0.996,1.0,656,779,it_0.005,,3.0,,3,0,en_0.995|it_0.005,en_1.000,
111,l2_tools,airline,tool_mix_3,tool_mix_3,en,openai/gpt-5-mini,gpt-5-mini,data/simulations/l2_tools/english_tool_experiments_airline_gpt-5-mini_qwen3-235b-a22b-instruct-2507-maas_english_mixed_tri/results.json,"[""mixed_tools""]",0.66,0.56,0.48,0.727,0.996248,1.0,0.997,1.0,533,699,ar_0.002|zh_0.002,,12.0,,2,0,en_0.996|ar_0.002|zh_0.002,en_1.000,
112,l2_tools,airline,tool_mix_3,tool_mix_3,en,vertex_ai/qwen/qwen3-235b-a22b-instruct-2507-maas,qwen-3-235b-it,data/simulations/l2_tools/english_tool_experiments_airline_qwen3-235b-a22b-instruct-2507-maas_qwen3-235b-a22b-instruct-2507-maas_english_mixed_tri/results.json,"[""mixed_tools""]",0.413,0.267,0.2,0.484,0.995671,1.0,0.995,1.0,693,838,it_0.004,,3.0,,3,0,en_0.996|it_0.004,en_1.000,
113,l2_tools,airline,tool_mix_4,tool_mix_4,en,openai/gpt-5-mini,gpt-5-mini,data/simulations/l2_tools/english_tool_experiments_airline_gpt-5-mini_qwen3-235b-a22b-instruct-2507-maas_english_mixed_fourth/results.json,"[""mixed_tools""]",0.64,0.52,0.48,0.75,0.996337,1.0,0.995,1.0,546,714,ca_0.002|ja_0.002,,10.0,,2,0,en_0.996|ca_0.002|ja_0.002,en_1.000,
114,l2_tools,airline,tool_mix_4,tool_mix_4,en,vertex_ai/qwen/qwen3-235b-a22b-instruct-2507-maas,qwen-3-235b-it,data/simulations/l2_tools/english_tool_experiments_airline_qwen3-235b-a22b-instruct-2507-maas_qwen3-235b-a22b-instruct-2507-maas_english_mixed_fourth/results.json,"[""mixed_tools""]",0.413,0.287,0.24,0.581,0.998516,1.0,0.998,1.0,674,795,it_0.001,,3.0,,1,0,en_0.999|it_0.001,en_1.000,
115,l2_tools,airline,tool_mix_5,tool_mix_5,en,openai/gpt-5-mini,gpt-5-mini,data/simulations/l2_tools/english_tool_experiments_airline_gpt-5-mini_qwen3-235b-a22b-instruct-2507-maas_english_mixed_multi/results.json,"[""mixed_tools""]",0.64,0.513,0.44,0.688,0.994106,1.0,0.996,1.0,509,666,uk_0.004|it_0.002,,16.5,,2,0,en_0.994|uk_0.004|it_0.002,en_1.000,
116,l2_tools,airline,tool_mix_5,tool_mix_5,en,vertex_ai/qwen/qwen3-235b-a22b-instruct-2507-maas,qwen-3-235b-it,data/simulations/l2_tools/english_tool_experiments_airline_qwen3-235b-a22b-instruct-2507-maas_qwen3-235b-a22b-instruct-2507-maas_english_mixed_multi/results.json,"[""mixed_tools""]",0.413,0.267,0.22,0.533,0.995708,1.0,0.996,1.0,699,821,it_0.004,,3.0,,3,0,en_0.996|it_0.004,en_1.000,
117,l2_tools,airline,vietnamese,vi,en,openai/gpt-5-mini,gpt-5-mini,data/simulations/l2_tools/english_tool_experiments_airline_gpt-5-mini_qwen3-235b-a22b-instruct-2507-maas_english_vi_tools/results.json,"[""mixed_tools""]",0.653,0.527,0.46,0.704,0.990826,1.0,0.994,1.0,545,697,fa_0.002|gu_0.002|it_0.002|kn_0.002|pt_0.002,,11.0,,5,0,en_0.991|fa_0.002|gu_0.002|it_0.002|kn_0.002|pt_0.002,en_1.000,
118,l2_tools,airline,vietnamese,vi,en,vertex_ai/qwen/qwen3-235b-a22b-instruct-2507-maas,qwen-3-235b-it,data/simulations/l2_tools/english_tool_experiments_airline_qwen3-235b-a22b-instruct-2507-maas_qwen3-235b-a22b-instruct-2507-maas_english_vi_tools/results.json,"[""mixed_tools""]",0.447,0.313,0.26,0.582,0.99701,1.0,0.998,1.0,669,790,it_0.003,,3.0,,2,0,en_0.997|it_0.003,en_1.000,
119,l2_tools,retail,chinese,zh,en,openai/gpt-5-mini,gpt-5-mini,data/simulations/l2_tools/english_tool_experiments_retail_gpt-5-mini_qwen3-235b-a22b-instruct-2507-maas_english_zh_tools/results.json,"[""mixed_tools""]",0.719,0.579,0.482,0.67,0.995804,1.0,0.996,1.0,1430,1704,de_0.001|ja_0.001|nl_0.001|ru_0.001|sv_0.001,,5.0,,6,0,en_0.996|de_0.001|ja_0.001|nl_0.001|ru_0.001|sv_0.001,en_1.000,
120,l2_tools,retail,chinese,zh,en,vertex_ai/qwen/qwen3-235b-a22b-instruct-2507-maas,qwen-3-235b-it,data/simulations/l2_tools/english_tool_experiments_retail_qwen3-235b-a22b-instruct-2507-maas_qwen3-235b-a22b-instruct-2507-maas_english_zh_tools/results.json,"[""mixed_tools""]",0.594,0.433,0.36,0.606,0.988116,1.0,0.988,1.0,1683,1907,fr_0.005|de_0.004|uk_0.002|id_0.001,,5.0,,20,0,en_0.988|fr_0.005|de_0.004|uk_0.002|id_0.001,en_1.000,
121,l2_tools,retail,filipino,tl,en,azure/gpt-5-mini,gpt-5-mini,data/simulations/l2_tools/english_tool_experiments_retail_gpt-5-mini_qwen3-235b-a22b-instruct-2507-maas_english_tl_tools/results.json,"[""mixed_tools""]",0.661,0.515,0.439,0.664,0.996585,1.0,0.996,1.0,1464,1730,de_0.003|it_0.001,,15.0,,5,0,en_0.997|de_0.003|it_0.001,en_1.000,
122,l2_tools,retail,filipino,tl,en,vertex_ai/qwen/qwen3-235b-a22b-instruct-2507-maas,qwen-3-235b-it,data/simulations/l2_tools/english_tool_experiments_retail_qwen3-235b-a22b-instruct-2507-maas_qwen3-235b-a22b-instruct-2507-maas_english_tl_tools/results.json,"[""mixed_tools""]",0.57,0.421,0.342,0.6,0.98685,1.0,0.989,1.0,1673,1924,fr_0.005|de_0.004|id_0.001|sv_0.001|it_0.001|ru_0.001|uk_0.001,,4.0,,22,0,en_0.987|fr_0.005|de_0.004|id_0.001|sv_0.001|it_0.001|ru_0.001|uk_0.001,en_1.000,
123,l2_tools,retail,indonesian,id,en,openai/gpt-5-mini,gpt-5-mini,data/simulations/l2_tools/english_tool_experiments_retail_gpt-5-mini_qwen3-235b-a22b-instruct-2507-maas_english_id_tools/results.json,"[""mixed_tools""]",0.675,0.526,0.43,0.637,0.995042,1.0,0.996,1.0,1412,1735,fr_0.002|hi_0.001|ru_0.001|sv_0.001|ta_0.001,,15.0,,7,0,en_0.995|fr_0.002|hi_0.001|ru_0.001|sv_0.001|ta_0.001,en_1.000,
124,l2_tools,retail,indonesian,id,en,vertex_ai/qwen/qwen3-235b-a22b-instruct-2507-maas,qwen-3-235b-it,data/simulations/l2_tools/english_tool_experiments_retail_qwen3-235b-a22b-instruct-2507-maas_qwen3-235b-a22b-instruct-2507-maas_english_id_tools/results.json,"[""mixed_tools""]",0.55,0.418,0.351,0.638,0.988751,1.0,0.991,1.0,1689,1911,fr_0.005|de_0.004|id_0.002|ro_0.001,,5.0,,19,0,en_0.989|fr_0.005|de_0.004|id_0.002|ro_0.001,en_1.000,
125,l2_tools,retail,thai,th,en,openai/gpt-5-mini,gpt-5-mini,data/simulations/l2_tools/english_tool_experiments_retail_gpt-5-mini_qwen3-235b-a22b-instruct-2507-maas_english_th_tools/results.json,"[""mixed_tools""]",0.646,0.477,0.377,0.584,0.994406,1.0,0.997,1.0,1430,1740,fr_0.002|es_0.001|bg_0.001|la_0.001|ru_0.001,,7.0,,8,0,en_0.994|fr_0.002|es_0.001|bg_0.001|la_0.001|ru_0.001,en_1.000,
126,l2_tools,retail,thai,th,en,vertex_ai/qwen/qwen3-235b-a22b-instruct-2507-maas,qwen-3-235b-it,data/simulations/l2_tools/english_tool_experiments_retail_qwen3-235b-a22b-instruct-2507-maas_qwen3-235b-a22b-instruct-2507-maas_english_th_tools/results.json,"[""mixed_tools""]",0.561,0.421,0.351,0.626,0.988159,1.0,0.99,1.0,1689,1905,fr_0.005|de_0.003|id_0.001|it_0.001|pl_0.001|ru_0.001|uk_0.001,,6.0,,20,0,en_0.988|fr_0.005|de_0.003|id_0.001|it_0.001|pl_0.001|ru_0.001|uk_0.001,en_1.000,
127,l2_tools,retail,tool_mix_2,tool_mix_2,en,openai/gpt-5-mini,gpt-5-mini,data/simulations/l2_tools/english_tool_experiments_retail_gpt-5-mini_qwen3-235b-a22b-instruct-2507-maas_english_mixed_bi/results.json,"[""mixed_tools""]",0.667,0.541,0.465,0.697,0.993772,1.0,0.995,1.0,1445,1751,ru_0.001|es_0.001|fr_0.001|id_0.001|ja_0.001|te_0.001|tr_0.001|uk_0.001,,7.0,,7,0,en_0.994|ru_0.001|es_0.001|fr_0.001|id_0.001|ja_0.001|te_0.001|tr_0.001|uk_0.001,en_1.000,
128,l2_tools,retail,tool_mix_2,tool_mix_2,en,vertex_ai/qwen/qwen3-235b-a22b-instruct-2507-maas,qwen-3-235b-it,data/simulations/l2_tools/english_tool_experiments_retail_qwen3-235b-a22b-instruct-2507-maas_qwen3-235b-a22b-instruct-2507-maas_english_mixed_bi/results.json,"[""mixed_tools""]",0.596,0.456,0.386,0.648,0.988045,1.0,0.99,1.0,1673,1879,fr_0.005|de_0.004|id_0.002|it_0.001|nl_0.001|sv_0.001,,5.0,,20,0,en_0.988|fr_0.005|de_0.004|id_0.002|it_0.001|nl_0.001|sv_0.001,en_1.000,
129,l2_tools,retail,tool_mix_3,tool_mix_3,en,openai/gpt-5-mini,gpt-5-mini,data/simulations/l2_tools/english_tool_experiments_retail_gpt-5-mini_qwen3-235b-a22b-instruct-2507-maas_english_mixed_tri/results.json,"[""mixed_tools""]",0.667,0.538,0.456,0.684,0.994483,1.0,0.995,1.0,1450,1746,uk_0.002|de_0.001|ru_0.001|ja_0.001,,17.0,,7,0,en_0.994|uk_0.002|de_0.001|ru_0.001|ja_0.001,en_1.000,
130,l2_tools,retail,tool_mix_3,tool_mix_3,en,vertex_ai/qwen/qwen3-235b-a22b-instruct-2507-maas,qwen-3-235b-it,data/simulations/l2_tools/english_tool_experiments_retail_qwen3-235b-a22b-instruct-2507-maas_qwen3-235b-a22b-instruct-2507-maas_english_mixed_tri/results.json,"[""mixed_tools""]",0.535,0.398,0.325,0.607,0.988643,1.0,0.989,1.0,1761,1972,fr_0.005|de_0.003|id_0.001|ja_0.001|pl_0.001|ru_0.001|uk_0.001,,5.0,,20,0,en_0.989|fr_0.005|de_0.003|id_0.001|ja_0.001|pl_0.001|ru_0.001|uk_0.001,en_1.000,
131,l2_tools,retail,tool_mix_4,tool_mix_4,en,openai/gpt-5-mini,gpt-5-mini,data/simulations/l2_tools/english_tool_experiments_retail_gpt-5-mini_qwen3-235b-a22b-instruct-2507-maas_english_mixed_fourth/results.json,"[""mixed_tools""]",0.652,0.485,0.386,0.592,0.997351,1.0,0.997,1.0,1510,1812,de_0.001|fa_0.001|fr_0.001|uk_0.001,,10.0,,4,0,en_0.997|de_0.001|fa_0.001|fr_0.001|uk_0.001,en_1.000,
132,l2_tools,retail,tool_mix_4,tool_mix_4,en,vertex_ai/qwen/qwen3-235b-a22b-instruct-2507-maas,qwen-3-235b-it,data/simulations/l2_tools/english_tool_experiments_retail_qwen3-235b-a22b-instruct-2507-maas_qwen3-235b-a22b-instruct-2507-maas_english_mixed_fourth/results.json,"[""mixed_tools""]",0.585,0.447,0.377,0.644,0.986246,1.0,0.988,1.0,1745,1975,fr_0.005|de_0.003|ru_0.002|uk_0.001|id_0.001|it_0.001|pl_0.001|sv_0.001,,3.0,,23,0,en_0.986|fr_0.005|de_0.003|ru_0.002|uk_0.001|id_0.001|it_0.001|pl_0.001|sv_0.001,en_1.000,
133,l2_tools,retail,tool_mix_5,tool_mix_5,en,openai/gpt-5-mini,gpt-5-mini,data/simulations/l2_tools/english_tool_experiments_retail_gpt-5-mini_qwen3-235b-a22b-instruct-2507-maas_english_mixed_multi/results.json,"[""mixed_tools""]",0.696,0.547,0.447,0.642,0.995333,1.0,0.996,1.0,1500,1790,fr_0.002|id_0.001|it_0.001|ja_0.001|ru_0.001,,7.0,,7,0,en_0.995|fr_0.002|id_0.001|it_0.001|ja_0.001|ru_0.001,en_1.000,
134,l2_tools,retail,tool_mix_5,tool_mix_5,en,vertex_ai/qwen/qwen3-235b-a22b-instruct-2507-maas,qwen-3-235b-it,data/simulations/l2_tools/english_tool_experiments_retail_qwen3-235b-a22b-instruct-2507-maas_qwen3-235b-a22b-instruct-2507-maas_english_mixed_multi/results.json,"[""mixed_tools""]",0.57,0.401,0.298,0.523,0.987407,1.0,0.99,1.0,1747,1946,fr_0.005|de_0.004|id_0.002|ca_0.001|es_0.001|ru_0.001,,5.0,,22,0,en_0.987|fr_0.005|de_0.004|id_0.002|ca_0.001|es_0.001|ru_0.001,en_1.000,
135,l2_tools,retail,vietnamese,vi,en,openai/gpt-5-mini,gpt-5-mini,data/simulations/l2_tools/english_tool_experiments_retail_gpt-5-mini_qwen3-235b-a22b-instruct-2507-maas_english_vi_tools/results.json,"[""mixed_tools""]",0.681,0.532,0.43,0.631,0.996533,1.0,0.997,1.0,1442,1743,de_0.001|fa_0.001|fr_0.001|nl_0.001|tl_0.001,,7.0,,5,0,en_0.997|de_0.001|fa_0.001|fr_0.001|nl_0.001|tl_0.001,en_1.000,
136,l2_tools,retail,vietnamese,vi,en,vertex_ai/qwen/qwen3-235b-a22b-instruct-2507-maas,qwen-3-235b-it,data/simulations/l2_tools/english_tool_experiments_retail_qwen3-235b-a22b-instruct-2507-maas_qwen3-235b-a22b-instruct-2507-maas_english_vi_tools/results.json,"[""mixed_tools""]",0.547,0.412,0.351,0.642,0.989017,1.0,0.991,1.0,1730,1948,fr_0.005|de_0.003|id_0.002|ja_0.001,,5.0,,19,0,en_0.989|fr_0.005|de_0.003|id_0.002|ja_0.001,en_1.000,
137,l2_tools,telecom,chinese,zh,en,openai/gpt-5-mini,gpt-5-mini,data/simulations/l2_tools/english_tool_experiments_telecom_gpt-5-mini_qwen3-235b-a22b-instruct-2507-maas_english_zh_tools/results.json,"[""mixed_tools""]",0.705,0.576,0.5,0.709,0.99875,0.999665,0.999,1.0,3199,2987,ko_0.001|es_0.000|fr_0.000,pa_0.000,37.0,18.0,4,1,en_0.999|ko_0.001|es_0.000|fr_0.000,en_1.000|pa_0.000,
138,l2_tools,telecom,chinese,zh,en,vertex_ai/qwen/qwen3-235b-a22b-instruct-2507-maas,qwen-3-235b-it,data/simulations/l2_tools/english_tool_experiments_telecom_qwen3-235b-a22b-instruct-2507-maas_qwen3-235b-a22b-instruct-2507-maas_english_zh_tools/results.json,"[""mixed_tools""]",0.222,0.135,0.096,0.432,1.0,0.979534,1.0,0.981,3954,4202,,ko_0.019|si_0.001|la_0.000,,30.0,0,69,en_1.000,en_0.980|ko_0.019|si_0.001|la_0.000,
139,l2_tools,telecom,filipino,tl,en,azure/gpt-5-mini,gpt-5-mini,data/simulations/l2_tools/english_tool_experiments_telecom_gpt-5-mini_qwen3-235b-a22b-instruct-2507-maas_english_tl_tools/results.json,"[""mixed_tools""]",0.719,0.594,0.509,0.708,0.998723,1.0,0.999,1.0,3132,2928,ko_0.001,,32.0,,4,0,en_0.999|ko_0.001,en_1.000,
140,l2_tools,telecom,filipino,tl,en,vertex_ai/qwen/qwen3-235b-a22b-instruct-2507-maas,qwen-3-235b-it,data/simulations/l2_tools/english_tool_experiments_telecom_qwen3-235b-a22b-instruct-2507-maas_qwen3-235b-a22b-instruct-2507-maas_english_tl_tools/results.json,"[""mixed_tools""]",0.301,0.167,0.105,0.349,0.999725,0.979397,1.0,0.983,3634,3883,ko_0.000,ko_0.019|si_0.001,25.0,24.0,1,53,en_1.000|ko_0.000,en_0.979|ko_0.019|si_0.001,
141,l2_tools,telecom,indonesian,id,en,openai/gpt-5-mini,gpt-5-mini,data/simulations/l2_tools/english_tool_experiments_telecom_gpt-5-mini_qwen3-235b-a22b-instruct-2507-maas_english_id_tools/results.json,"[""mixed_tools""]",0.713,0.596,0.518,0.727,0.999339,1.0,0.999,1.0,3025,2839,fr_0.000|ja_0.000,,35.0,,2,0,en_0.999|fr_0.000|ja_0.000,en_1.000,
142,l2_tools,telecom,indonesian,id,en,vertex_ai/qwen/qwen3-235b-a22b-instruct-2507-maas,qwen-3-235b-it,data/simulations/l2_tools/english_tool_experiments_telecom_qwen3-235b-a22b-instruct-2507-maas_qwen3-235b-a22b-instruct-2507-maas_english_id_tools/results.json,"[""mixed_tools""]",0.269,0.155,0.105,0.39,0.99917,0.985548,0.999,0.987,3616,3875,ko_0.001,ko_0.013|si_0.001,21.0,22.0,3,41,en_0.999|ko_0.001,en_0.986|ko_0.013|si_0.001,
143,l2_tools,telecom,thai,th,en,openai/gpt-5-mini,gpt-5-mini,data/simulations/l2_tools/english_tool_experiments_telecom_gpt-5-mini_qwen3-235b-a22b-instruct-2507-maas_english_th_tools/results.json,"[""mixed_tools""]",0.713,0.588,0.518,0.727,0.998985,1.0,0.999,1.0,2956,2769,ja_0.001|zh_0.000,,29.0,,3,0,en_0.999|ja_0.001|zh_0.000,en_1.000,
144,l2_tools,telecom,thai,th,en,vertex_ai/qwen/qwen3-235b-a22b-instruct-2507-maas,qwen-3-235b-it,data/simulations/l2_tools/english_tool_experiments_telecom_qwen3-235b-a22b-instruct-2507-maas_qwen3-235b-a22b-instruct-2507-maas_english_th_tools/results.json,"[""mixed_tools""]",0.339,0.208,0.14,0.413,0.998832,0.990445,0.999,0.993,3425,3663,ko_0.001,ko_0.010,22.0,32.0,4,24,en_0.999|ko_0.001,en_0.990|ko_0.010,
145,l2_tools,telecom,tool_mix_2,tool_mix_2,en,openai/gpt-5-mini,gpt-5-mini,data/simulations/l2_tools/english_tool_experiments_telecom_gpt-5-mini_qwen3-235b-a22b-instruct-2507-maas_english_mixed_bi/results.json,"[""mixed_tools""]",0.664,0.541,0.482,0.726,0.999673,0.999649,1.0,1.0,3054,2853,ko_0.000,ja_0.000,43.0,32.0,1,1,en_1.000|ko_0.000,en_1.000|ja_0.000,
146,l2_tools,telecom,tool_mix_2,tool_mix_2,en,vertex_ai/qwen/qwen3-235b-a22b-instruct-2507-maas,qwen-3-235b-it,data/simulations/l2_tools/english_tool_experiments_telecom_qwen3-235b-a22b-instruct-2507-maas_qwen3-235b-a22b-instruct-2507-maas_english_mixed_bi/results.json,"[""mixed_tools""]",0.298,0.155,0.088,0.295,0.999182,0.983875,0.999,0.985,3666,3907,ko_0.001,ko_0.016|si_0.001,23.0,24.0,3,49,en_0.999|ko_0.001,en_0.984|ko_0.016|si_0.001,
147,l2_tools,telecom,tool_mix_3,tool_mix_3,en,openai/gpt-5-mini,gpt-5-mini,data/simulations/l2_tools/english_tool_experiments_telecom_gpt-5-mini_qwen3-235b-a22b-instruct-2507-maas_english_mixed_tri/results.json,"[""mixed_tools""]",0.696,0.558,0.491,0.705,0.99872,1.0,0.999,1.0,3126,2965,ca_0.000|es_0.000|fr_0.000|ko_0.000,,95.0,,4,0,en_0.999|ca_0.000|es_0.000|fr_0.000|ko_0.000,en_1.000,
148,l2_tools,telecom,tool_mix_3,tool_mix_3,en,vertex_ai/qwen/qwen3-235b-a22b-instruct-2507-maas,qwen-3-235b-it,data/simulations/l2_tools/english_tool_experiments_telecom_qwen3-235b-a22b-instruct-2507-maas_qwen3-235b-a22b-instruct-2507-maas_english_mixed_tri/results.json,"[""mixed_tools""]",0.392,0.213,0.14,0.357,0.998279,0.982978,0.998,0.985,3486,3701,ko_0.002,ko_0.016|si_0.001,19.0,27.0,6,38,en_0.998|ko_0.002,en_0.983|ko_0.016|si_0.001,
149,l2_tools,telecom,tool_mix_4,tool_mix_4,en,openai/gpt-5-mini,gpt-5-mini,data/simulations/l2_tools/english_tool_experiments_telecom_gpt-5-mini_qwen3-235b-a22b-instruct-2507-maas_english_mixed_fourth/results.json,"[""mixed_tools""]",0.67,0.55,0.491,0.733,0.999358,1.0,1.0,1.0,3116,2888,es_0.000|ko_0.000,,32.0,,2,0,en_0.999|es_0.000|ko_0.000,en_1.000,
150,l2_tools,telecom,tool_mix_4,tool_mix_4,en,vertex_ai/qwen/qwen3-235b-a22b-instruct-2507-maas,qwen-3-235b-it,data/simulations/l2_tools/english_tool_experiments_telecom_qwen3-235b-a22b-instruct-2507-maas_qwen3-235b-a22b-instruct-2507-maas_english_mixed_fourth/results.json,"[""mixed_tools""]",0.365,0.181,0.105,0.288,1.0,0.985306,1.0,0.987,3471,3675,,ko_0.013|si_0.002,,24.0,0,41,en_1.000,en_0.985|ko_0.013|si_0.002,
151,l2_tools,telecom,tool_mix_5,tool_mix_5,en,openai/gpt-5-mini,gpt-5-mini,data/simulations/l2_tools/english_tool_experiments_telecom_gpt-5-mini_qwen3-235b-a22b-instruct-2507-maas_english_mixed_multi/results.json,"[""mixed_tools""]",0.652,0.52,0.465,0.713,1.0,1.0,1.0,1.0,3045,2848,,,,,0,0,en_1.000,en_1.000,
152,l2_tools,telecom,tool_mix_5,tool_mix_5,en,vertex_ai/qwen/qwen3-235b-a22b-instruct-2507-maas,qwen-3-235b-it,data/simulations/l2_tools/english_tool_experiments_telecom_qwen3-235b-a22b-instruct-2507-maas_qwen3-235b-a22b-instruct-2507-maas_english_mixed_multi/results.json,"[""mixed_tools""]",0.342,0.181,0.114,0.333,0.999441,0.984135,0.999,0.987,3577,3782,ko_0.001,ko_0.015|si_0.001,25.0,24.0,2,42,en_0.999|ko_0.001,en_0.984|ko_0.015|si_0.001,
153,l2_tools,telecom,vietnamese,vi,en,openai/gpt-5-mini,gpt-5-mini,data/simulations/l2_tools/english_tool_experiments_telecom_gpt-5-mini_qwen3-235b-a22b-instruct-2507-maas_english_vi_tools/results.json,"[""mixed_tools""]",0.664,0.55,0.482,0.726,0.998684,1.0,1.0,1.0,3040,2866,de_0.000|es_0.000|ko_0.000|ru_0.000,,34.0,,2,0,en_0.999|de_0.000|es_0.000|ko_0.000|ru_0.000,en_1.000,
154,l2_tools,telecom,vietnamese,vi,en,vertex_ai/qwen/qwen3-235b-a22b-instruct-2507-maas,qwen-3-235b-it,data/simulations/l2_tools/english_tool_experiments_telecom_qwen3-235b-a22b-instruct-2507-maas_qwen3-235b-a22b-instruct-2507-maas_english_vi_tools/results.json,"[""mixed_tools""]",0.254,0.135,0.088,0.346,0.999734,0.981872,1.0,0.985,3766,4082,ko_0.000,ko_0.017|si_0.001,21.0,30.0,1,53,en_1.000|ko_0.000,en_0.982|ko_0.017|si_0.001,
