scenario,domain,language_scenario,agent_llm,agent_family,role,experiment_count,turns_total,mean_language_correctness,drift_trial_count,mean_drift_turn,non_target_lang_proportion,detected_lang_proportion
1-english-only,airline,english,azure/kimi-k2.5,kimi-k2.5,user,1,615,0.996748,2,3.0,it_0.003,en_0.997|it_0.003
1-english-only,airline,english,openai/gpt-5-mini,gpt-5-mini,user,1,494,0.997976,1,21.0,ru_0.002,en_0.998|ru_0.002
1-english-only,retail,english,azure/kimi-k2.5,kimi-k2.5,user,1,1495,0.985284,21,5.0,fr_0.006|de_0.004|id_0.002|ja_0.001|pt_0.001|sv_0.001,en_0.985|fr_0.006|de_0.004|id_0.002|ja_0.001|pt_0.001|sv_0.001
1-english-only,retail,english,openai/gpt-5-mini,gpt-5-mini,user,1,1445,0.998616,2,8.5,fr_0.001|ta_0.001,en_0.999|fr_0.001|ta_0.001
1-english-only,retail,english,openrouter/qwen/qwen3.6-35b-a3b,qwen3.6-35b-a3b,user,1,1492,0.987265,19,7.0,fr_0.006|de_0.005|ja_0.001|uk_0.001,en_0.987|fr_0.006|de_0.005|ja_0.001|uk_0.001
1-english-only,telecom,english,azure/kimi-k2.5,kimi-k2.5,user,1,2730,1.0,0,,,en_1.000
1-english-only,telecom,english,openai/gpt-5-mini,gpt-5-mini,user,1,3287,0.998783,4,62.0,la_0.001|ja_0.000|ru_0.000,en_0.999|la_0.001|ja_0.000|ru_0.000
1-english-only,telecom,english,openrouter/qwen/qwen3.6-35b-a3b,qwen3.6-35b-a3b,user,1,3103,1.0,0,,,en_1.000
2-multilingual-tools,airline,chinese,openai/gpt-5-mini,gpt-5-mini,user,1,538,0.998141,1,7.0,fr_0.002,en_0.998|fr_0.002
2-multilingual-tools,airline,chinese,vertex_ai/qwen/qwen3-235b-a22b-instruct-2507-maas,qwen3-235b,user,1,676,0.995562,3,3.0,it_0.004,en_0.996|it_0.004
2-multilingual-tools,airline,filipino,openai/gpt-5-mini,gpt-5-mini,user,1,518,0.998069,1,5.0,fr_0.002,en_0.998|fr_0.002
2-multilingual-tools,airline,filipino,vertex_ai/qwen/qwen3-235b-a22b-instruct-2507-maas,qwen3-235b,user,1,691,0.995658,3,3.0,it_0.004,en_0.996|it_0.004
2-multilingual-tools,airline,indonesian,openai/gpt-5-mini,gpt-5-mini,user,1,527,0.998102,1,3.0,it_0.002,en_0.998|it_0.002
2-multilingual-tools,airline,indonesian,vertex_ai/qwen/qwen3-235b-a22b-instruct-2507-maas,qwen3-235b,user,1,661,0.998487,1,3.0,it_0.002,en_0.998|it_0.002
2-multilingual-tools,airline,thai,openai/gpt-5-mini,gpt-5-mini,user,1,528,0.99053,5,11.0,ru_0.004|fi_0.002|fr_0.002|pt_0.002,en_0.991|ru_0.004|fi_0.002|fr_0.002|pt_0.002
2-multilingual-tools,airline,thai,vertex_ai/qwen/qwen3-235b-a22b-instruct-2507-maas,qwen3-235b,user,1,687,0.992722,3,3.0,fr_0.004|it_0.003,en_0.993|fr_0.004|it_0.003
2-multilingual-tools,airline,tool_mix_2,openai/gpt-5-mini,gpt-5-mini,user,1,500,0.998,1,9.0,ja_0.002,en_0.998|ja_0.002
2-multilingual-tools,airline,tool_mix_2,vertex_ai/qwen/qwen3-235b-a22b-instruct-2507-maas,qwen3-235b,user,1,656,0.995427,3,3.0,it_0.005,en_0.995|it_0.005
2-multilingual-tools,airline,tool_mix_3,openai/gpt-5-mini,gpt-5-mini,user,1,533,0.996248,2,12.0,ar_0.002|zh_0.002,en_0.996|ar_0.002|zh_0.002
2-multilingual-tools,airline,tool_mix_3,vertex_ai/qwen/qwen3-235b-a22b-instruct-2507-maas,qwen3-235b,user,1,693,0.995671,3,3.0,it_0.004,en_0.996|it_0.004
2-multilingual-tools,airline,tool_mix_4,openai/gpt-5-mini,gpt-5-mini,user,1,546,0.996337,2,10.0,ca_0.002|ja_0.002,en_0.996|ca_0.002|ja_0.002
2-multilingual-tools,airline,tool_mix_4,vertex_ai/qwen/qwen3-235b-a22b-instruct-2507-maas,qwen3-235b,user,1,674,0.998516,1,3.0,it_0.001,en_0.999|it_0.001
2-multilingual-tools,airline,tool_mix_5,openai/gpt-5-mini,gpt-5-mini,user,1,509,0.994106,2,16.5,uk_0.004|it_0.002,en_0.994|uk_0.004|it_0.002
2-multilingual-tools,airline,tool_mix_5,vertex_ai/qwen/qwen3-235b-a22b-instruct-2507-maas,qwen3-235b,user,1,699,0.995708,3,3.0,it_0.004,en_0.996|it_0.004
2-multilingual-tools,airline,vietnamese,openai/gpt-5-mini,gpt-5-mini,user,1,545,0.990826,5,11.0,fa_0.002|gu_0.002|it_0.002|kn_0.002|pt_0.002,en_0.991|fa_0.002|gu_0.002|it_0.002|kn_0.002|pt_0.002
2-multilingual-tools,airline,vietnamese,vertex_ai/qwen/qwen3-235b-a22b-instruct-2507-maas,qwen3-235b,user,1,669,0.99701,2,3.0,it_0.003,en_0.997|it_0.003
2-multilingual-tools,retail,chinese,openai/gpt-5-mini,gpt-5-mini,user,1,1430,0.995804,6,5.0,de_0.001|ja_0.001|nl_0.001|ru_0.001|sv_0.001,en_0.996|de_0.001|ja_0.001|nl_0.001|ru_0.001|sv_0.001
2-multilingual-tools,retail,chinese,vertex_ai/qwen/qwen3-235b-a22b-instruct-2507-maas,qwen3-235b,user,1,1683,0.988116,20,5.0,fr_0.005|de_0.004|uk_0.002|id_0.001,en_0.988|fr_0.005|de_0.004|uk_0.002|id_0.001
2-multilingual-tools,retail,filipino,openai/gpt-5-mini,gpt-5-mini,user,1,1464,0.996585,5,15.0,de_0.003|it_0.001,en_0.997|de_0.003|it_0.001
2-multilingual-tools,retail,filipino,vertex_ai/qwen/qwen3-235b-a22b-instruct-2507-maas,qwen3-235b,user,1,1673,0.98685,22,4.0,fr_0.005|de_0.004|id_0.001|it_0.001|ru_0.001|sv_0.001|uk_0.001,en_0.987|fr_0.005|de_0.004|id_0.001|it_0.001|ru_0.001|sv_0.001|uk_0.001
2-multilingual-tools,retail,indonesian,openai/gpt-5-mini,gpt-5-mini,user,1,1412,0.995042,7,15.0,fr_0.002|hi_0.001|ru_0.001|sv_0.001|ta_0.001,en_0.995|fr_0.002|hi_0.001|ru_0.001|sv_0.001|ta_0.001
2-multilingual-tools,retail,indonesian,vertex_ai/qwen/qwen3-235b-a22b-instruct-2507-maas,qwen3-235b,user,1,1689,0.988751,19,5.0,fr_0.005|de_0.004|id_0.002|ro_0.001,en_0.989|fr_0.005|de_0.004|id_0.002|ro_0.001
2-multilingual-tools,retail,thai,openai/gpt-5-mini,gpt-5-mini,user,1,1430,0.994406,8,7.0,fr_0.002|bg_0.001|es_0.001|la_0.001|ru_0.001,en_0.994|fr_0.002|bg_0.001|es_0.001|la_0.001|ru_0.001
2-multilingual-tools,retail,thai,vertex_ai/qwen/qwen3-235b-a22b-instruct-2507-maas,qwen3-235b,user,1,1689,0.988159,20,6.0,fr_0.005|de_0.003|id_0.001|it_0.001|pl_0.001|ru_0.001|uk_0.001,en_0.988|fr_0.005|de_0.003|id_0.001|it_0.001|pl_0.001|ru_0.001|uk_0.001
2-multilingual-tools,retail,tool_mix_2,openai/gpt-5-mini,gpt-5-mini,user,1,1445,0.993772,7,7.0,es_0.001|fr_0.001|id_0.001|ja_0.001|ru_0.001|te_0.001|tr_0.001|uk_0.001,en_0.994|es_0.001|fr_0.001|id_0.001|ja_0.001|ru_0.001|te_0.001|tr_0.001|uk_0.001
2-multilingual-tools,retail,tool_mix_2,vertex_ai/qwen/qwen3-235b-a22b-instruct-2507-maas,qwen3-235b,user,1,1673,0.988045,20,5.0,fr_0.005|de_0.004|id_0.002|it_0.001|nl_0.001|sv_0.001,en_0.988|fr_0.005|de_0.004|id_0.002|it_0.001|nl_0.001|sv_0.001
2-multilingual-tools,retail,tool_mix_3,openai/gpt-5-mini,gpt-5-mini,user,1,1450,0.994483,7,17.0,uk_0.002|de_0.001|ja_0.001|ru_0.001,en_0.994|uk_0.002|de_0.001|ja_0.001|ru_0.001
2-multilingual-tools,retail,tool_mix_3,vertex_ai/qwen/qwen3-235b-a22b-instruct-2507-maas,qwen3-235b,user,1,1761,0.988643,20,5.0,fr_0.005|de_0.003|id_0.001|ja_0.001|pl_0.001|ru_0.001|uk_0.001,en_0.989|fr_0.005|de_0.003|id_0.001|ja_0.001|pl_0.001|ru_0.001|uk_0.001
2-multilingual-tools,retail,tool_mix_4,openai/gpt-5-mini,gpt-5-mini,user,1,1510,0.997351,4,10.0,de_0.001|fa_0.001|fr_0.001|uk_0.001,en_0.997|de_0.001|fa_0.001|fr_0.001|uk_0.001
2-multilingual-tools,retail,tool_mix_4,vertex_ai/qwen/qwen3-235b-a22b-instruct-2507-maas,qwen3-235b,user,1,1745,0.986246,23,3.0,fr_0.005|de_0.003|ru_0.002|id_0.001|it_0.001|pl_0.001|sv_0.001|uk_0.001,en_0.986|fr_0.005|de_0.003|ru_0.002|id_0.001|it_0.001|pl_0.001|sv_0.001|uk_0.001
2-multilingual-tools,retail,tool_mix_5,openai/gpt-5-mini,gpt-5-mini,user,1,1500,0.995333,7,7.0,fr_0.002|id_0.001|it_0.001|ja_0.001|ru_0.001,en_0.995|fr_0.002|id_0.001|it_0.001|ja_0.001|ru_0.001
2-multilingual-tools,retail,tool_mix_5,vertex_ai/qwen/qwen3-235b-a22b-instruct-2507-maas,qwen3-235b,user,1,1747,0.987407,22,5.0,fr_0.005|de_0.004|id_0.002|ca_0.001|es_0.001|ru_0.001,en_0.987|fr_0.005|de_0.004|id_0.002|ca_0.001|es_0.001|ru_0.001
2-multilingual-tools,retail,vietnamese,openai/gpt-5-mini,gpt-5-mini,user,1,1442,0.996533,5,7.0,de_0.001|fa_0.001|fr_0.001|nl_0.001|tl_0.001,en_0.997|de_0.001|fa_0.001|fr_0.001|nl_0.001|tl_0.001
2-multilingual-tools,retail,vietnamese,vertex_ai/qwen/qwen3-235b-a22b-instruct-2507-maas,qwen3-235b,user,1,1730,0.989017,19,5.0,fr_0.005|de_0.003|id_0.002|ja_0.001,en_0.989|fr_0.005|de_0.003|id_0.002|ja_0.001
2-multilingual-tools,telecom,chinese,openai/gpt-5-mini,gpt-5-mini,user,1,3199,0.99875,4,37.0,ko_0.001|es_0.000|fr_0.000,en_0.999|ko_0.001|es_0.000|fr_0.000
2-multilingual-tools,telecom,chinese,vertex_ai/qwen/qwen3-235b-a22b-instruct-2507-maas,qwen3-235b,user,1,3954,1.0,0,,,en_1.000
2-multilingual-tools,telecom,filipino,openai/gpt-5-mini,gpt-5-mini,user,1,3132,0.998723,4,32.0,ko_0.001,en_0.999|ko_0.001
2-multilingual-tools,telecom,filipino,vertex_ai/qwen/qwen3-235b-a22b-instruct-2507-maas,qwen3-235b,user,1,3634,0.999725,1,25.0,ko_0.000,en_1.000|ko_0.000
2-multilingual-tools,telecom,indonesian,openai/gpt-5-mini,gpt-5-mini,user,1,3049,0.999344,2,35.0,fr_0.000|ja_0.000,en_0.999|fr_0.000|ja_0.000
2-multilingual-tools,telecom,indonesian,vertex_ai/qwen/qwen3-235b-a22b-instruct-2507-maas,qwen3-235b,user,1,3616,0.99917,3,21.0,ko_0.001,en_0.999|ko_0.001
2-multilingual-tools,telecom,thai,openai/gpt-5-mini,gpt-5-mini,user,1,2970,0.99899,3,29.0,ja_0.001|zh_0.000,en_0.999|ja_0.001|zh_0.000
2-multilingual-tools,telecom,thai,vertex_ai/qwen/qwen3-235b-a22b-instruct-2507-maas,qwen3-235b,user,1,3425,0.998832,4,22.0,ko_0.001,en_0.999|ko_0.001
2-multilingual-tools,telecom,tool_mix_2,openai/gpt-5-mini,gpt-5-mini,user,1,3070,0.999674,1,43.0,ko_0.000,en_1.000|ko_0.000
2-multilingual-tools,telecom,tool_mix_2,vertex_ai/qwen/qwen3-235b-a22b-instruct-2507-maas,qwen3-235b,user,1,3666,0.999182,3,23.0,ko_0.001,en_0.999|ko_0.001
2-multilingual-tools,telecom,tool_mix_3,openai/gpt-5-mini,gpt-5-mini,user,1,3168,0.998737,4,95.0,ca_0.000|es_0.000|fr_0.000|ko_0.000,en_0.999|ca_0.000|es_0.000|fr_0.000|ko_0.000
2-multilingual-tools,telecom,tool_mix_3,vertex_ai/qwen/qwen3-235b-a22b-instruct-2507-maas,qwen3-235b,user,1,3486,0.998279,6,19.0,ko_0.002,en_0.998|ko_0.002
2-multilingual-tools,telecom,tool_mix_4,openai/gpt-5-mini,gpt-5-mini,user,1,3123,0.99936,2,32.0,es_0.000|ko_0.000,en_0.999|es_0.000|ko_0.000
2-multilingual-tools,telecom,tool_mix_4,vertex_ai/qwen/qwen3-235b-a22b-instruct-2507-maas,qwen3-235b,user,1,3471,1.0,0,,,en_1.000
2-multilingual-tools,telecom,tool_mix_5,openai/gpt-5-mini,gpt-5-mini,user,1,3059,1.0,0,,,en_1.000
2-multilingual-tools,telecom,tool_mix_5,vertex_ai/qwen/qwen3-235b-a22b-instruct-2507-maas,qwen3-235b,user,1,3577,0.999441,2,25.0,ko_0.001,en_0.999|ko_0.001
2-multilingual-tools,telecom,vietnamese,openai/gpt-5-mini,gpt-5-mini,user,1,3090,0.998706,2,34.0,de_0.000|es_0.000|ko_0.000|ru_0.000,en_0.999|de_0.000|es_0.000|ko_0.000|ru_0.000
2-multilingual-tools,telecom,vietnamese,vertex_ai/qwen/qwen3-235b-a22b-instruct-2507-maas,qwen3-235b,user,1,3787,0.999736,1,21.0,ko_0.000,en_1.000|ko_0.000
3-crosslingual,airline,chinese,azure/kimi-k2.5,kimi-k2.5,user,1,643,0.998445,1,20.0,en_0.002,zh_0.998|en_0.002
3-crosslingual,airline,chinese,openrouter/openai/gpt-5-mini,gpt-5-mini,user,1,574,0.912892,36,12.0,en_0.064|fr_0.009|ja_0.007|ca_0.002|fa_0.002|wuu_0.002|yue_0.002,zh_0.913|en_0.064|fr_0.009|ja_0.007|ca_0.002|fa_0.002|wuu_0.002|yue_0.002
3-crosslingual,airline,chinese,openrouter/qwen/qwen3.6-35b-a3b,qwen3.6-35b-a3b,user,1,556,1.0,0,,,zh_1.000
3-crosslingual,airline,chinese,together_ai/Qwen/Qwen3-235B-A22B-Instruct-2507-tput,qwen3-235b,user,1,644,0.992236,4,17.0,fr_0.003|en_0.002|it_0.002|wuu_0.002,zh_0.992|fr_0.003|en_0.002|it_0.002|wuu_0.002
3-crosslingual,airline,filipino,azure/kimi-k2.5,kimi-k2.5,user,1,681,0.936858,33,3.0,en_0.034|it_0.007|ca_0.004|io_0.004|pt_0.004|sh_0.004|ja_0.003|eo_0.001,tl_0.937|en_0.034|it_0.007|ca_0.004|io_0.004|pt_0.004|sh_0.004|ja_0.003|eo_0.001
3-crosslingual,airline,filipino,openrouter/openai/gpt-5-mini,gpt-5-mini,user,1,654,0.825688,65,9.0,en_0.153|it_0.005|es_0.003|fa_0.003|fr_0.003|de_0.002|hr_0.002|io_0.002|ja_0.002|pt_0.002,tl_0.826|en_0.153|it_0.005|es_0.003|fa_0.003|fr_0.003|de_0.002|hr_0.002|io_0.002|ja_0.002|pt_0.002
3-crosslingual,airline,filipino,openrouter/qwen/qwen3.6-35b-a3b,qwen3.6-35b-a3b,user,1,639,0.949922,27,3.0,en_0.041|it_0.006|ca_0.002|pt_0.002,tl_0.950|en_0.041|it_0.006|ca_0.002|pt_0.002
3-crosslingual,airline,filipino,together_ai/Qwen/Qwen3-235B-A22B-Instruct-2507-tput,qwen3-235b,user,1,668,0.937126,28,6.0,en_0.046|it_0.010|sh_0.003|io_0.001|lt_0.001,tl_0.937|en_0.046|it_0.010|sh_0.003|io_0.001|lt_0.001
3-crosslingual,airline,indonesian,azure/kimi-k2.5,kimi-k2.5,user,1,683,0.995608,3,23.0,ms_0.004,id_0.996|ms_0.004
3-crosslingual,airline,indonesian,openrouter/openai/gpt-5-mini,gpt-5-mini,user,1,644,0.89441,43,10.0,en_0.079|ms_0.008|it_0.005|tr_0.005|ca_0.002|eo_0.002|fr_0.002|jv_0.002|pt_0.002|ro_0.002,id_0.894|en_0.079|ms_0.008|it_0.005|tr_0.005|ca_0.002|eo_0.002|fr_0.002|jv_0.002|pt_0.002|ro_0.002
3-crosslingual,airline,indonesian,openrouter/qwen/qwen3.6-35b-a3b,qwen3.6-35b-a3b,user,1,609,1.0,0,,,id_1.000
3-crosslingual,airline,indonesian,together_ai/Qwen/Qwen3-235B-A22B-Instruct-2507-tput,qwen3-235b,user,1,745,0.994631,4,12.0,ms_0.003|en_0.001|it_0.001,id_0.995|ms_0.003|en_0.001|it_0.001
3-crosslingual,airline,thai,azure/kimi-k2.5,kimi-k2.5,user,1,596,0.993289,3,3.0,it_0.003|ca_0.002|ja_0.002,th_0.993|it_0.003|ca_0.002|ja_0.002
3-crosslingual,airline,thai,openrouter/openai/gpt-5-mini,gpt-5-mini,user,1,584,0.909247,31,14.0,en_0.079|de_0.007|it_0.002|pt_0.002|ru_0.002,th_0.909|en_0.079|de_0.007|it_0.002|pt_0.002|ru_0.002
3-crosslingual,airline,thai,openrouter/qwen/qwen3.6-35b-a3b,qwen3.6-35b-a3b,user,1,582,0.984536,6,3.0,en_0.005|ca_0.003|es_0.003|it_0.003,th_0.985|en_0.005|ca_0.003|es_0.003|it_0.003
3-crosslingual,airline,thai,together_ai/Qwen/Qwen3-235B-A22B-Instruct-2507-tput,qwen3-235b,user,1,660,0.986364,9,3.0,it_0.011|ca_0.002|en_0.002,th_0.986|it_0.011|ca_0.002|en_0.002
3-crosslingual,airline,vietnamese,azure/kimi-k2.5,kimi-k2.5,user,1,615,0.995122,3,3.0,pt_0.003|it_0.002,vi_0.995|pt_0.003|it_0.002
3-crosslingual,airline,vietnamese,openrouter/openai/gpt-5-mini,gpt-5-mini,user,1,586,0.909556,35,13.0,en_0.068|it_0.005|es_0.003|fa_0.003|ca_0.002|id_0.002|ja_0.002|ro_0.002|th_0.002|zh_0.002,vi_0.910|en_0.068|it_0.005|es_0.003|fa_0.003|ca_0.002|id_0.002|ja_0.002|ro_0.002|th_0.002|zh_0.002
3-crosslingual,airline,vietnamese,openrouter/qwen/qwen3.6-35b-a3b,qwen3.6-35b-a3b,user,1,571,0.978984,10,3.0,it_0.009|pt_0.005|ca_0.004|ja_0.004,vi_0.979|it_0.009|pt_0.005|ca_0.004|ja_0.004
3-crosslingual,airline,vietnamese,together_ai/Qwen/Qwen3-235B-A22B-Instruct-2507-tput,qwen3-235b,user,1,708,0.997175,2,3.0,ca_0.003,vi_0.997|ca_0.003
3-crosslingual,retail,chinese,azure/kimi-k2.5,kimi-k2.5,user,1,1763,0.982416,22,3.0,en_0.009|de_0.003|fr_0.003|it_0.001|wuu_0.001,zh_0.982|en_0.009|de_0.003|fr_0.003|it_0.001|wuu_0.001
3-crosslingual,retail,chinese,openai//project/lt200394-thllmV/jab/seacrowd/models/Qwen/Qwen3-235B-A22B-Instruct-2507-FP8,qwen3-235b,user,1,1686,0.984579,16,3.0,en_0.007|de_0.004|fr_0.004|als_0.001|wuu_0.001,zh_0.985|en_0.007|de_0.004|fr_0.004|als_0.001|wuu_0.001
3-crosslingual,retail,chinese,openrouter/openai/gpt-5-mini,gpt-5-mini,user,1,1714,0.946908,70,18.5,en_0.041|de_0.005|es_0.002|ja_0.002|fr_0.001|wuu_0.001,zh_0.947|en_0.041|de_0.005|es_0.002|ja_0.002|fr_0.001|wuu_0.001
3-crosslingual,retail,chinese,openrouter/qwen/qwen3.6-35b-a3b,qwen3.6-35b-a3b,user,1,1546,0.982536,18,3.0,en_0.006|fr_0.005|de_0.004|ja_0.001|wuu_0.001,zh_0.983|en_0.006|fr_0.005|de_0.004|ja_0.001|wuu_0.001
3-crosslingual,retail,filipino,azure/kimi-k2.5,kimi-k2.5,user,1,1967,0.747839,204,3.0,en_0.209|de_0.007|io_0.007|fr_0.004|pt_0.004|es_0.003|lt_0.003|sh_0.003|it_0.002|la_0.002|br_0.001|cy_0.001|hr_0.001|hu_0.001|id_0.001|ms_0.001|nl_0.001|qu_0.001|ro_0.001|ru_0.001|sco_0.001|si_0.001|sq_0.001,tl_0.748|en_0.209|de_0.007|io_0.007|fr_0.004|pt_0.004|es_0.003|lt_0.003|sh_0.003|it_0.002|la_0.002|br_0.001|cy_0.001|hr_0.001|hu_0.001|id_0.001|ms_0.001|nl_0.001|qu_0.001|ro_0.001|ru_0.001|sco_0.001|si_0.001|sq_0.001
3-crosslingual,retail,filipino,openai//project/lt200394-thllmV/jab/seacrowd/models/Qwen/Qwen3-235B-A22B-Instruct-2507-FP8,qwen3-235b,user,1,1814,0.772326,182,3.0,en_0.188|de_0.006|io_0.006|es_0.003|hu_0.003|id_0.003|eo_0.002|it_0.002|la_0.002|lt_0.002|pt_0.002|ar_0.001|br_0.001|bs_0.001|ca_0.001|fr_0.001|gl_0.001|hr_0.001|ilo_0.001|nl_0.001|pl_0.001|ro_0.001|ru_0.001|sh_0.001|war_0.001,tl_0.772|en_0.188|de_0.006|io_0.006|es_0.003|hu_0.003|id_0.003|eo_0.002|it_0.002|la_0.002|lt_0.002|pt_0.002|ar_0.001|br_0.001|bs_0.001|ca_0.001|fr_0.001|gl_0.001|hr_0.001|ilo_0.001|nl_0.001|pl_0.001|ro_0.001|ru_0.001|sh_0.001|war_0.001
3-crosslingual,retail,filipino,openrouter/openai/gpt-5-mini,gpt-5-mini,user,1,1894,0.778247,209,3.0,en_0.194|io_0.004|de_0.003|it_0.003|sh_0.002|uk_0.002|br_0.001|da_0.001|eo_0.001|es_0.001|et_0.001|fr_0.001|hr_0.001|ilo_0.001|jv_0.001|lt_0.001|nl_0.001|no_0.001|oc_0.001|pl_0.001|ro_0.001|ru_0.001|sco_0.001|sq_0.001|ta_0.001|tg_0.001|tr_0.001|vi_0.001,tl_0.778|en_0.194|io_0.004|de_0.003|it_0.003|sh_0.002|uk_0.002|br_0.001|da_0.001|eo_0.001|es_0.001|et_0.001|fr_0.001|hr_0.001|ilo_0.001|jv_0.001|lt_0.001|nl_0.001|no_0.001|oc_0.001|pl_0.001|ro_0.001|ru_0.001|sco_0.001|sq_0.001|ta_0.001|tg_0.001|tr_0.001|vi_0.001
3-crosslingual,retail,filipino,openrouter/qwen/qwen3.6-35b-a3b,qwen3.6-35b-a3b,user,1,1784,0.744395,203,3.0,en_0.219|de_0.008|fr_0.005|io_0.004|es_0.003|id_0.003|it_0.002|ru_0.002|sh_0.002|uk_0.002|br_0.001|eo_0.001|ja_0.001|jv_0.001|lt_0.001|ro_0.001|tg_0.001|vi_0.001,tl_0.744|en_0.219|de_0.008|fr_0.005|io_0.004|es_0.003|id_0.003|it_0.002|ru_0.002|sh_0.002|uk_0.002|br_0.001|eo_0.001|ja_0.001|jv_0.001|lt_0.001|ro_0.001|tg_0.001|vi_0.001
3-crosslingual,retail,indonesian,azure/kimi-k2.5,kimi-k2.5,user,1,1813,0.972973,38,5.0,en_0.014|ms_0.008|de_0.003|fr_0.001|it_0.001|ja_0.001,id_0.973|en_0.014|ms_0.008|de_0.003|fr_0.001|it_0.001|ja_0.001
3-crosslingual,retail,indonesian,openai//project/lt200394-thllmV/jab/seacrowd/models/Qwen/Qwen3-235B-A22B-Instruct-2507-FP8,qwen3-235b,user,1,1718,0.970896,39,3.0,en_0.016|ms_0.006|de_0.005|fr_0.001|ja_0.001|nl_0.001|ru_0.001,id_0.971|en_0.016|ms_0.006|de_0.005|fr_0.001|ja_0.001|nl_0.001|ru_0.001
3-crosslingual,retail,indonesian,openrouter/openai/gpt-5-mini,gpt-5-mini,user,1,1666,0.932173,84,17.0,en_0.050|ms_0.007|es_0.002|it_0.002|ru_0.002|ar_0.001|br_0.001|ca_0.001|de_0.001|eo_0.001|jv_0.001|sw_0.001,id_0.932|en_0.050|ms_0.007|es_0.002|it_0.002|ru_0.002|ar_0.001|br_0.001|ca_0.001|de_0.001|eo_0.001|jv_0.001|sw_0.001
3-crosslingual,retail,indonesian,openrouter/qwen/qwen3.6-35b-a3b,qwen3.6-35b-a3b,user,1,1672,0.962321,44,3.0,en_0.019|de_0.005|fr_0.005|ms_0.005|ja_0.002|it_0.001|nl_0.001|ru_0.001|sv_0.001,id_0.962|en_0.019|de_0.005|fr_0.005|ms_0.005|ja_0.002|it_0.001|nl_0.001|ru_0.001|sv_0.001
3-crosslingual,retail,thai,azure/kimi-k2.5,kimi-k2.5,user,1,1570,0.983439,18,3.0,en_0.008|de_0.004|fr_0.003|ru_0.002,th_0.983|en_0.008|de_0.004|fr_0.003|ru_0.002
3-crosslingual,retail,thai,openai//project/lt200394-thllmV/jab/seacrowd/models/Qwen/Qwen3-235B-A22B-Instruct-2507-FP8,qwen3-235b,user,1,1604,0.991895,12,3.0,de_0.004|en_0.004|fr_0.001,th_0.992|de_0.004|en_0.004|fr_0.001
3-crosslingual,retail,thai,openrouter/openai/gpt-5-mini,gpt-5-mini,user,1,1635,0.954128,55,16.0,en_0.038|de_0.001|es_0.001|fa_0.001|fr_0.001|it_0.001|ru_0.001|ta_0.001|uk_0.001|zh_0.001,th_0.954|en_0.038|de_0.001|es_0.001|fa_0.001|fr_0.001|it_0.001|ru_0.001|ta_0.001|uk_0.001|zh_0.001
3-crosslingual,retail,vietnamese,azure/kimi-k2.5,kimi-k2.5,user,1,1736,0.961982,37,3.0,en_0.022|de_0.006|fr_0.005|no_0.002|ja_0.001|pt_0.001|ru_0.001,vi_0.962|en_0.022|de_0.006|fr_0.005|no_0.002|ja_0.001|pt_0.001|ru_0.001
3-crosslingual,retail,vietnamese,openai//project/lt200394-thllmV/jab/seacrowd/models/Qwen/Qwen3-235B-A22B-Instruct-2507-FP8,qwen3-235b,user,1,1629,0.978514,24,3.0,en_0.012|de_0.005|ca_0.002|fr_0.002|ht_0.001,vi_0.979|en_0.012|de_0.005|ca_0.002|fr_0.002|ht_0.001
3-crosslingual,retail,vietnamese,openrouter/openai/gpt-5-mini,gpt-5-mini,user,1,1682,0.942925,75,15.0,en_0.044|es_0.004|de_0.002|it_0.002|ru_0.002|ca_0.001|et_0.001|no_0.001|pt_0.001|te_0.001|uk_0.001,vi_0.943|en_0.044|es_0.004|de_0.002|it_0.002|ru_0.002|ca_0.001|et_0.001|no_0.001|pt_0.001|te_0.001|uk_0.001
3-crosslingual,retail,vietnamese,openrouter/qwen/qwen3.6-35b-a3b,qwen3.6-35b-a3b,user,1,1547,0.954105,54,3.0,en_0.027|de_0.010|fr_0.006|ja_0.001|ru_0.001|sv_0.001,vi_0.954|en_0.027|de_0.010|fr_0.006|ja_0.001|ru_0.001|sv_0.001
3-crosslingual,telecom,chinese,azure/kimi-k2.5,kimi-k2.5,user,1,2258,1.0,0,,,zh_1.000
3-crosslingual,telecom,chinese,openai//project/lt200394-thllmV/jab/seacrowd/models/Qwen/Qwen3-235B-A22B-Instruct-2507-FP8,qwen3-235b,user,1,1472,1.0,0,,,zh_1.000
3-crosslingual,telecom,chinese,openrouter/openai/gpt-5-mini,gpt-5-mini,user,1,2388,0.995812,9,45.0,en_0.002|ja_0.001|be_0.000|fr_0.000|la_0.000,zh_0.996|en_0.002|ja_0.001|be_0.000|fr_0.000|la_0.000
3-crosslingual,telecom,chinese,openrouter/qwen/qwen3.6-35b-a3b,qwen3.6-35b-a3b,user,1,3019,1.0,0,,,zh_1.000
3-crosslingual,telecom,filipino,azure/kimi-k2.5,kimi-k2.5,user,1,3179,0.995596,14,30.5,en_0.004|io_0.000|ro_0.000,tl_0.996|en_0.004|io_0.000|ro_0.000
3-crosslingual,telecom,filipino,openai//project/lt200394-thllmV/jab/seacrowd/models/Qwen/Qwen3-235B-A22B-Instruct-2507-FP8,qwen3-235b,user,1,1616,0.990099,8,3.0,en_0.006|hr_0.002|br_0.001|fr_0.001,tl_0.990|en_0.006|hr_0.002|br_0.001|fr_0.001
3-crosslingual,telecom,filipino,openrouter/openai/gpt-5-mini,gpt-5-mini,user,1,2791,0.967037,58,26.0,en_0.021|es_0.001|id_0.001|ilo_0.001|io_0.001|it_0.001|la_0.001|ms_0.001|ro_0.001|ceb_0.000|de_0.000|fr_0.000|ja_0.000|ko_0.000|lt_0.000|pl_0.000|pt_0.000|qu_0.000|ru_0.000|sv_0.000|tr_0.000,tl_0.967|en_0.021|es_0.001|id_0.001|ilo_0.001|io_0.001|it_0.001|la_0.001|ms_0.001|ro_0.001|ceb_0.000|de_0.000|fr_0.000|ja_0.000|ko_0.000|lt_0.000|pl_0.000|pt_0.000|qu_0.000|ru_0.000|sv_0.000|tr_0.000
3-crosslingual,telecom,filipino,openrouter/qwen/qwen3.6-35b-a3b,qwen3.6-35b-a3b,user,1,3240,0.991358,25,27.0,en_0.006|fr_0.001|ro_0.001|eo_0.000,tl_0.991|en_0.006|fr_0.001|ro_0.001|eo_0.000
3-crosslingual,telecom,indonesian,openai//project/lt200394-thllmV/jab/seacrowd/models/Qwen/Qwen3-235B-A22B-Instruct-2507-FP8,qwen3-235b,user,1,3242,0.994448,15,23.0,ms_0.006,id_0.994|ms_0.006
3-crosslingual,telecom,indonesian,openrouter/openai/gpt-5-mini,gpt-5-mini,user,1,4299,0.986043,44,34.0,ms_0.007|en_0.005|bn_0.000|fi_0.000|it_0.000|ja_0.000|sr_0.000|sw_0.000|tl_0.000|tr_0.000,id_0.986|ms_0.007|en_0.005|bn_0.000|fi_0.000|it_0.000|ja_0.000|sr_0.000|sw_0.000|tl_0.000|tr_0.000
3-crosslingual,telecom,indonesian,openrouter/qwen/qwen3.6-35b-a3b,qwen3.6-35b-a3b,user,1,3567,0.996636,8,29.0,ms_0.003,id_0.997|ms_0.003
3-crosslingual,telecom,thai,azure/kimi-k2.5,kimi-k2.5,user,1,2636,1.0,0,,,th_1.000
3-crosslingual,telecom,thai,openai//project/lt200394-thllmV/jab/seacrowd/models/Qwen/Qwen3-235B-A22B-Instruct-2507-FP8,qwen3-235b,user,1,1903,1.0,0,,,th_1.000
3-crosslingual,telecom,thai,openrouter/openai/gpt-5-mini,gpt-5-mini,user,1,3260,0.997853,5,57.0,en_0.001|ko_0.001|la_0.000,th_0.998|en_0.001|ko_0.001|la_0.000
3-crosslingual,telecom,vietnamese,azure/kimi-k2.5,kimi-k2.5,user,1,3287,1.0,0,,,vi_1.000
3-crosslingual,telecom,vietnamese,openai//project/lt200394-thllmV/jab/seacrowd/models/Qwen/Qwen3-235B-A22B-Instruct-2507-FP8,qwen3-235b,user,1,2446,1.0,0,,,vi_1.000
3-crosslingual,telecom,vietnamese,openrouter/openai/gpt-5-mini,gpt-5-mini,user,1,4321,0.994677,6,26.0,ja_0.002|en_0.001|zh_0.001|fa_0.000|id_0.000|ko_0.000|la_0.000|sv_0.000,vi_0.995|ja_0.002|en_0.001|zh_0.001|fa_0.000|id_0.000|ko_0.000|la_0.000|sv_0.000
4-translated,airline,chinese,azure/gpt-5-mini,gpt-5-mini,user,1,557,0.994614,3,10.0,de_0.002|ko_0.002|sr_0.002,zh_0.995|de_0.002|ko_0.002|sr_0.002
4-translated,airline,chinese,nebius/moonshotai/Kimi-K2.5,kimi-k2.5,user,1,631,1.0,0,,,zh_1.000
4-translated,airline,chinese,openrouter/qwen/qwen3.6-35b-a3b,qwen3.6-35b-a3b,user,1,399,1.0,0,,,zh_1.000
4-translated,airline,chinese,vertex_ai/qwen/qwen3-235b-a22b-instruct-2507-maas,qwen3-235b,user,1,617,1.0,0,,,zh_1.000
4-translated,airline,filipino,azure/gpt-5-mini,gpt-5-mini,user,1,526,0.931559,27,9.0,en_0.040|it_0.006|es_0.004|la_0.004|ceb_0.002|et_0.002|id_0.002|no_0.002|pl_0.002|ru_0.002|sah_0.002|si_0.002,tl_0.932|en_0.040|it_0.006|es_0.004|la_0.004|ceb_0.002|et_0.002|id_0.002|no_0.002|pl_0.002|ru_0.002|sah_0.002|si_0.002
4-translated,airline,filipino,openrouter/qwen/qwen3.6-35b-a3b,qwen3.6-35b-a3b,user,1,530,0.979245,8,3.0,ca_0.008|it_0.006|ja_0.004|en_0.002|hr_0.002,tl_0.979|ca_0.008|it_0.006|ja_0.004|en_0.002|hr_0.002
4-translated,airline,filipino,vertex_ai/qwen/qwen3-235b-a22b-instruct-2507-maas,qwen3-235b,user,1,648,0.973765,15,3.0,en_0.009|it_0.006|ca_0.005|lt_0.003|hu_0.002|io_0.002,tl_0.974|en_0.009|it_0.006|ca_0.005|lt_0.003|hu_0.002|io_0.002
4-translated,airline,indonesian,azure/gpt-5-mini,gpt-5-mini,user,1,492,0.955285,17,11.0,en_0.018|sw_0.014|ms_0.004|eo_0.002|es_0.002|fr_0.002|jv_0.002,id_0.955|en_0.018|sw_0.014|ms_0.004|eo_0.002|es_0.002|fr_0.002|jv_0.002
4-translated,airline,indonesian,openrouter/qwen/qwen3.6-35b-a3b,qwen3.6-35b-a3b,user,1,579,0.989637,3,3.0,ca_0.005|ja_0.005,id_0.990|ca_0.005|ja_0.005
4-translated,airline,indonesian,vertex_ai/qwen/qwen3-235b-a22b-instruct-2507-maas,qwen3-235b,user,1,674,0.991098,4,10.0,ca_0.003|ja_0.003|ms_0.003,id_0.991|ca_0.003|ja_0.003|ms_0.003
4-translated,airline,thai,azure/gpt-5-mini,gpt-5-mini,user,1,631,0.995246,3,8.0,en_0.005,th_0.995|en_0.005
4-translated,airline,thai,nebius/moonshotai/Kimi-K2.5,kimi-k2.5,user,1,573,1.0,0,,,th_1.000
4-translated,airline,thai,openrouter/qwen/qwen3.6-35b-a3b,qwen3.6-35b-a3b,user,1,433,0.997691,1,3.0,it_0.002,th_0.998|it_0.002
4-translated,airline,thai,vertex_ai/qwen/qwen3-235b-a22b-instruct-2507-maas,qwen3-235b,user,1,579,1.0,0,,,th_1.000
4-translated,airline,vietnamese,azure/gpt-5-mini,gpt-5-mini,user,1,590,0.986441,6,16.5,en_0.005|es_0.005|ca_0.003,vi_0.986|en_0.005|es_0.005|ca_0.003
4-translated,airline,vietnamese,azure/kimi-k2.5,kimi-k2.5,user,1,597,1.0,0,,,vi_1.000
4-translated,airline,vietnamese,openrouter/qwen/qwen3.6-35b-a3b,qwen3.6-35b-a3b,user,1,553,0.998192,1,3.0,it_0.002,vi_0.998|it_0.002
4-translated,airline,vietnamese,vertex_ai/qwen/qwen3-235b-a22b-instruct-2507-maas,qwen3-235b,user,1,607,1.0,0,,,vi_1.000
4-translated,retail,chinese,azure/gpt-5-mini,gpt-5-mini,user,1,1949,0.978964,30,16.5,en_0.009|ja_0.004|yue_0.002|de_0.001|es_0.001|fr_0.001|hu_0.001|kn_0.001|ru_0.001|uk_0.001|wuu_0.001,zh_0.979|en_0.009|ja_0.004|yue_0.002|de_0.001|es_0.001|fr_0.001|hu_0.001|kn_0.001|ru_0.001|uk_0.001|wuu_0.001
4-translated,retail,chinese,azure/kimi-k2.5,kimi-k2.5,user,1,1631,0.988964,16,3.0,de_0.004|ja_0.003|fr_0.002|en_0.001|hu_0.001|sr_0.001,zh_0.989|de_0.004|ja_0.003|fr_0.002|en_0.001|hu_0.001|sr_0.001
4-translated,retail,chinese,vertex_ai/qwen/qwen3-235b-a22b-instruct-2507-maas,qwen3-235b,user,1,1569,0.982792,22,3.0,en_0.006|de_0.005|fr_0.003|hu_0.002|es_0.001|uk_0.001,zh_0.983|en_0.006|de_0.005|fr_0.003|hu_0.002|es_0.001|uk_0.001
4-translated,retail,filipino,azure/gpt-5-mini,gpt-5-mini,user,1,1786,0.953527,64,13.0,en_0.024|ceb_0.004|id_0.003|es_0.002|ja_0.002|war_0.002|bn_0.001|ca_0.001|de_0.001|fr_0.001|hr_0.001|io_0.001|it_0.001|lt_0.001|ms_0.001|nl_0.001|ro_0.001|ru_0.001|sco_0.001|sh_0.001|so_0.001|ug_0.001,tl_0.954|en_0.024|ceb_0.004|id_0.003|es_0.002|ja_0.002|war_0.002|bn_0.001|ca_0.001|de_0.001|fr_0.001|hr_0.001|io_0.001|it_0.001|lt_0.001|ms_0.001|nl_0.001|ro_0.001|ru_0.001|sco_0.001|sh_0.001|so_0.001|ug_0.001
4-translated,retail,filipino,nebius/moonshotai/Kimi-K2.5,kimi-k2.5,user,1,1647,0.935641,70,5.0,en_0.035|lt_0.007|fr_0.005|de_0.004|id_0.002|ro_0.002|als_0.001|ceb_0.001|gl_0.001|hr_0.001|io_0.001|it_0.001|kk_0.001|la_0.001|ru_0.001|sh_0.001|tr_0.001,tl_0.936|en_0.035|lt_0.007|fr_0.005|de_0.004|id_0.002|ro_0.002|als_0.001|ceb_0.001|gl_0.001|hr_0.001|io_0.001|it_0.001|kk_0.001|la_0.001|ru_0.001|sh_0.001|tr_0.001
4-translated,retail,filipino,vertex_ai/qwen/qwen3-235b-a22b-instruct-2507-maas,qwen3-235b,user,1,1684,0.932898,84,5.0,en_0.035|lt_0.010|de_0.004|ceb_0.003|id_0.003|es_0.001|fr_0.001|gl_0.001|hu_0.001|io_0.001|it_0.001|ja_0.001|la_0.001|lv_0.001|ms_0.001|nl_0.001|ro_0.001|ru_0.001|sh_0.001|sq_0.001|war_0.001,tl_0.933|en_0.035|lt_0.010|de_0.004|ceb_0.003|id_0.003|es_0.001|fr_0.001|gl_0.001|hu_0.001|io_0.001|it_0.001|ja_0.001|la_0.001|lv_0.001|ms_0.001|nl_0.001|ro_0.001|ru_0.001|sh_0.001|sq_0.001|war_0.001
4-translated,retail,indonesian,azure/gpt-5-mini,gpt-5-mini,user,1,1557,0.961464,53,17.0,en_0.017|ms_0.006|sw_0.006|es_0.002|sk_0.002|az_0.001|de_0.001|eo_0.001|it_0.001|tr_0.001,id_0.961|en_0.017|ms_0.006|sw_0.006|es_0.002|sk_0.002|az_0.001|de_0.001|eo_0.001|it_0.001|tr_0.001
4-translated,retail,indonesian,nebius/moonshotai/Kimi-K2.5,kimi-k2.5,user,1,1579,0.975934,28,3.0,en_0.008|ms_0.007|de_0.004|fr_0.003|gu_0.001|it_0.001|sw_0.001,id_0.976|en_0.008|ms_0.007|de_0.004|fr_0.003|gu_0.001|it_0.001|sw_0.001
4-translated,retail,indonesian,openrouter/qwen/qwen3.6-35b-a3b,qwen3.6-35b-a3b,user,1,1584,0.975379,33,3.0,en_0.009|de_0.005|ms_0.005|fr_0.004|ru_0.001,id_0.975|en_0.009|de_0.005|ms_0.005|fr_0.004|ru_0.001
4-translated,retail,indonesian,vertex_ai/qwen/qwen3-235b-a22b-instruct-2507-maas,qwen3-235b,user,1,1680,0.971429,41,3.0,en_0.017|ms_0.005|de_0.004|es_0.001|nl_0.001|sw_0.001|tr_0.001,id_0.971|en_0.017|ms_0.005|de_0.004|es_0.001|nl_0.001|sw_0.001|tr_0.001
4-translated,retail,thai,azure/gpt-5-mini,gpt-5-mini,user,1,1873,0.996263,4,19.0,en_0.002|de_0.001|ru_0.001,th_0.996|en_0.002|de_0.001|ru_0.001
4-translated,retail,thai,nebius/moonshotai/Kimi-K2.5,kimi-k2.5,user,1,1467,0.995228,6,3.0,de_0.003|en_0.001|ru_0.001,th_0.995|de_0.003|en_0.001|ru_0.001
4-translated,retail,thai,vertex_ai/qwen/qwen3-235b-a22b-instruct-2507-maas,qwen3-235b,user,1,1449,0.992409,11,3.0,de_0.003|en_0.003|it_0.001,th_0.992|de_0.003|en_0.003|it_0.001
4-translated,retail,vietnamese,azure/gpt-5-mini,gpt-5-mini,user,1,1630,0.991411,12,15.0,es_0.002|ca_0.001|de_0.001|en_0.001|fr_0.001|ru_0.001|uk_0.001|war_0.001,vi_0.991|es_0.002|ca_0.001|de_0.001|en_0.001|fr_0.001|ru_0.001|uk_0.001|war_0.001
4-translated,retail,vietnamese,azure/kimi-k2.5,kimi-k2.5,user,1,1527,0.992141,10,3.0,de_0.003|en_0.002|ru_0.002|fr_0.001,vi_0.992|de_0.003|en_0.002|ru_0.002|fr_0.001
4-translated,retail,vietnamese,vertex_ai/qwen/qwen3-235b-a22b-instruct-2507-maas,qwen3-235b,user,1,1545,0.98123,20,3.0,en_0.005|de_0.003|fr_0.003|ru_0.002|ca_0.001|eu_0.001|hu_0.001|it_0.001|pl_0.001|uk_0.001,vi_0.981|en_0.005|de_0.003|fr_0.003|ru_0.002|ca_0.001|eu_0.001|hu_0.001|it_0.001|pl_0.001|uk_0.001
4-translated,telecom,chinese,azure/gpt-5-mini,gpt-5-mini,user,1,1948,1.0,0,,,zh_1.000
4-translated,telecom,chinese,openrouter/moonshotai/kimi-k2.5,kimi-k2.5,user,1,2487,0.998794,3,23.0,en_0.001,zh_0.999|en_0.001
4-translated,telecom,chinese,vertex_ai/qwen/qwen3-235b-a22b-instruct-2507-maas,qwen3-235b,user,1,2657,0.994355,6,14.0,en_0.006,zh_0.994|en_0.006
4-translated,telecom,filipino,azure/gpt-5-mini,gpt-5-mini,user,1,3545,0.975176,58,55.0,en_0.015|fr_0.002|ceb_0.001|es_0.001|id_0.001|io_0.001|kw_0.001|cs_0.000|de_0.000|hr_0.000|ie_0.000|it_0.000|ja_0.000|lo_0.000|lt_0.000|pt_0.000|ro_0.000|ru_0.000|sh_0.000|ta_0.000|zh_0.000,tl_0.975|en_0.015|fr_0.002|ceb_0.001|es_0.001|id_0.001|io_0.001|kw_0.001|cs_0.000|de_0.000|hr_0.000|ie_0.000|it_0.000|ja_0.000|lo_0.000|lt_0.000|pt_0.000|ro_0.000|ru_0.000|sh_0.000|ta_0.000|zh_0.000
4-translated,telecom,filipino,openrouter/moonshotai/kimi-k2.5,kimi-k2.5,user,1,3006,0.998004,6,53.0,en_0.001|ceb_0.000|ro_0.000,tl_0.998|en_0.001|ceb_0.000|ro_0.000
4-translated,telecom,filipino,vertex_ai/qwen/qwen3-235b-a22b-instruct-2507-maas,qwen3-235b,user,1,2876,0.995828,11,13.0,en_0.003|de_0.000|ro_0.000,tl_0.996|en_0.003|de_0.000|ro_0.000
4-translated,telecom,indonesian,azure/gpt-5-mini,gpt-5-mini,user,1,3318,0.990958,23,38.0,ms_0.007|en_0.001|it_0.001|fr_0.000|jv_0.000|pl_0.000,id_0.991|ms_0.007|en_0.001|it_0.001|fr_0.000|jv_0.000|pl_0.000
4-translated,telecom,indonesian,openrouter/moonshotai/kimi-k2.5,kimi-k2.5,user,1,3442,0.995642,15,23.0,ms_0.004,id_0.996|ms_0.004
4-translated,telecom,indonesian,vertex_ai/qwen/qwen3-235b-a22b-instruct-2507-maas,qwen3-235b,user,1,3478,0.993387,20,17.0,ms_0.006|en_0.000,id_0.993|ms_0.006|en_0.000
4-translated,telecom,thai,azure/gpt-5-mini,gpt-5-mini,user,1,3925,0.99949,2,43.0,fr_0.000|zh_0.000,th_0.999|fr_0.000|zh_0.000
4-translated,telecom,thai,openrouter/moonshotai/kimi-k2.5,kimi-k2.5,user,1,3224,0.99938,2,28.0,ko_0.000|zh_0.000,th_0.999|ko_0.000|zh_0.000
4-translated,telecom,thai,vertex_ai/qwen/qwen3-235b-a22b-instruct-2507-maas,qwen3-235b,user,1,2985,0.997655,5,33.0,en_0.002|sv_0.000,th_0.998|en_0.002|sv_0.000
4-translated,telecom,vietnamese,azure/gpt-5-mini,gpt-5-mini,user,1,4587,0.999564,2,74.0,en_0.000,vi_1.000|en_0.000
4-translated,telecom,vietnamese,vertex_ai/qwen/qwen3-235b-a22b-instruct-2507-maas,qwen3-235b,user,1,3441,0.999128,2,62.0,en_0.001,vi_0.999|en_0.001
1-english-only,airline,english,azure/kimi-k2.5,kimi-k2.5,agent,1,897,1.0,0,,,en_1.000
1-english-only,airline,english,openai/gpt-5-mini,gpt-5-mini,agent,1,652,1.0,0,,,en_1.000
1-english-only,retail,english,azure/kimi-k2.5,kimi-k2.5,agent,1,2177,1.0,0,,,en_1.000
1-english-only,retail,english,openai/gpt-5-mini,gpt-5-mini,agent,1,1750,1.0,0,,,en_1.000
1-english-only,retail,english,openrouter/qwen/qwen3.6-35b-a3b,qwen3.6-35b-a3b,agent,1,1738,1.0,0,,,en_1.000
1-english-only,telecom,english,azure/kimi-k2.5,kimi-k2.5,agent,1,3227,1.0,0,,,en_1.000
1-english-only,telecom,english,openai/gpt-5-mini,gpt-5-mini,agent,1,3103,0.999678,1,26.0,pa_0.000,en_1.000|pa_0.000
1-english-only,telecom,english,openrouter/qwen/qwen3.6-35b-a3b,qwen3.6-35b-a3b,agent,1,2990,1.0,0,,,en_1.000
2-multilingual-tools,airline,chinese,openai/gpt-5-mini,gpt-5-mini,agent,1,697,1.0,0,,,en_1.000
2-multilingual-tools,airline,chinese,vertex_ai/qwen/qwen3-235b-a22b-instruct-2507-maas,qwen3-235b,agent,1,826,1.0,0,,,en_1.000
2-multilingual-tools,airline,filipino,openai/gpt-5-mini,gpt-5-mini,agent,1,675,1.0,0,,,en_1.000
2-multilingual-tools,airline,filipino,vertex_ai/qwen/qwen3-235b-a22b-instruct-2507-maas,qwen3-235b,agent,1,833,1.0,0,,,en_1.000
2-multilingual-tools,airline,indonesian,openai/gpt-5-mini,gpt-5-mini,agent,1,678,1.0,0,,,en_1.000
2-multilingual-tools,airline,indonesian,vertex_ai/qwen/qwen3-235b-a22b-instruct-2507-maas,qwen3-235b,agent,1,803,1.0,0,,,en_1.000
2-multilingual-tools,airline,thai,openai/gpt-5-mini,gpt-5-mini,agent,1,684,1.0,0,,,en_1.000
2-multilingual-tools,airline,thai,vertex_ai/qwen/qwen3-235b-a22b-instruct-2507-maas,qwen3-235b,agent,1,856,1.0,0,,,en_1.000
2-multilingual-tools,airline,tool_mix_2,openai/gpt-5-mini,gpt-5-mini,agent,1,665,0.998496,1,43.0,el_0.002,en_0.998|el_0.002
2-multilingual-tools,airline,tool_mix_2,vertex_ai/qwen/qwen3-235b-a22b-instruct-2507-maas,qwen3-235b,agent,1,779,1.0,0,,,en_1.000
2-multilingual-tools,airline,tool_mix_3,openai/gpt-5-mini,gpt-5-mini,agent,1,699,1.0,0,,,en_1.000
2-multilingual-tools,airline,tool_mix_3,vertex_ai/qwen/qwen3-235b-a22b-instruct-2507-maas,qwen3-235b,agent,1,838,1.0,0,,,en_1.000
2-multilingual-tools,airline,tool_mix_4,openai/gpt-5-mini,gpt-5-mini,agent,1,714,1.0,0,,,en_1.000
2-multilingual-tools,airline,tool_mix_4,vertex_ai/qwen/qwen3-235b-a22b-instruct-2507-maas,qwen3-235b,agent,1,795,1.0,0,,,en_1.000
2-multilingual-tools,airline,tool_mix_5,openai/gpt-5-mini,gpt-5-mini,agent,1,666,1.0,0,,,en_1.000
2-multilingual-tools,airline,tool_mix_5,vertex_ai/qwen/qwen3-235b-a22b-instruct-2507-maas,qwen3-235b,agent,1,821,1.0,0,,,en_1.000
2-multilingual-tools,airline,vietnamese,openai/gpt-5-mini,gpt-5-mini,agent,1,697,1.0,0,,,en_1.000
2-multilingual-tools,airline,vietnamese,vertex_ai/qwen/qwen3-235b-a22b-instruct-2507-maas,qwen3-235b,agent,1,790,1.0,0,,,en_1.000
2-multilingual-tools,retail,chinese,openai/gpt-5-mini,gpt-5-mini,agent,1,1704,1.0,0,,,en_1.000
2-multilingual-tools,retail,chinese,vertex_ai/qwen/qwen3-235b-a22b-instruct-2507-maas,qwen3-235b,agent,1,1907,1.0,0,,,en_1.000
2-multilingual-tools,retail,filipino,openai/gpt-5-mini,gpt-5-mini,agent,1,1730,1.0,0,,,en_1.000
2-multilingual-tools,retail,filipino,vertex_ai/qwen/qwen3-235b-a22b-instruct-2507-maas,qwen3-235b,agent,1,1924,1.0,0,,,en_1.000
2-multilingual-tools,retail,indonesian,openai/gpt-5-mini,gpt-5-mini,agent,1,1735,1.0,0,,,en_1.000
2-multilingual-tools,retail,indonesian,vertex_ai/qwen/qwen3-235b-a22b-instruct-2507-maas,qwen3-235b,agent,1,1911,1.0,0,,,en_1.000
2-multilingual-tools,retail,thai,openai/gpt-5-mini,gpt-5-mini,agent,1,1740,1.0,0,,,en_1.000
2-multilingual-tools,retail,thai,vertex_ai/qwen/qwen3-235b-a22b-instruct-2507-maas,qwen3-235b,agent,1,1905,1.0,0,,,en_1.000
2-multilingual-tools,retail,tool_mix_2,openai/gpt-5-mini,gpt-5-mini,agent,1,1751,1.0,0,,,en_1.000
2-multilingual-tools,retail,tool_mix_2,vertex_ai/qwen/qwen3-235b-a22b-instruct-2507-maas,qwen3-235b,agent,1,1879,1.0,0,,,en_1.000
2-multilingual-tools,retail,tool_mix_3,openai/gpt-5-mini,gpt-5-mini,agent,1,1746,1.0,0,,,en_1.000
2-multilingual-tools,retail,tool_mix_3,vertex_ai/qwen/qwen3-235b-a22b-instruct-2507-maas,qwen3-235b,agent,1,1972,1.0,0,,,en_1.000
2-multilingual-tools,retail,tool_mix_4,openai/gpt-5-mini,gpt-5-mini,agent,1,1812,1.0,0,,,en_1.000
2-multilingual-tools,retail,tool_mix_4,vertex_ai/qwen/qwen3-235b-a22b-instruct-2507-maas,qwen3-235b,agent,1,1975,1.0,0,,,en_1.000
2-multilingual-tools,retail,tool_mix_5,openai/gpt-5-mini,gpt-5-mini,agent,1,1790,1.0,0,,,en_1.000
2-multilingual-tools,retail,tool_mix_5,vertex_ai/qwen/qwen3-235b-a22b-instruct-2507-maas,qwen3-235b,agent,1,1946,1.0,0,,,en_1.000
2-multilingual-tools,retail,vietnamese,openai/gpt-5-mini,gpt-5-mini,agent,1,1743,1.0,0,,,en_1.000
2-multilingual-tools,retail,vietnamese,vertex_ai/qwen/qwen3-235b-a22b-instruct-2507-maas,qwen3-235b,agent,1,1948,1.0,0,,,en_1.000
2-multilingual-tools,telecom,chinese,openai/gpt-5-mini,gpt-5-mini,agent,1,2987,0.999665,1,18.0,pa_0.000,en_1.000|pa_0.000
2-multilingual-tools,telecom,chinese,vertex_ai/qwen/qwen3-235b-a22b-instruct-2507-maas,qwen3-235b,agent,1,4202,0.979534,69,30.0,ko_0.019|si_0.001|la_0.000,en_0.980|ko_0.019|si_0.001|la_0.000
2-multilingual-tools,telecom,filipino,openai/gpt-5-mini,gpt-5-mini,agent,1,2928,1.0,0,,,en_1.000
2-multilingual-tools,telecom,filipino,vertex_ai/qwen/qwen3-235b-a22b-instruct-2507-maas,qwen3-235b,agent,1,3883,0.979397,53,24.0,ko_0.019|si_0.001,en_0.979|ko_0.019|si_0.001
2-multilingual-tools,telecom,indonesian,openai/gpt-5-mini,gpt-5-mini,agent,1,2864,1.0,0,,,en_1.000
2-multilingual-tools,telecom,indonesian,vertex_ai/qwen/qwen3-235b-a22b-instruct-2507-maas,qwen3-235b,agent,1,3875,0.985548,41,22.0,ko_0.013|si_0.001,en_0.986|ko_0.013|si_0.001
2-multilingual-tools,telecom,thai,openai/gpt-5-mini,gpt-5-mini,agent,1,2784,1.0,0,,,en_1.000
2-multilingual-tools,telecom,thai,vertex_ai/qwen/qwen3-235b-a22b-instruct-2507-maas,qwen3-235b,agent,1,3663,0.990445,24,32.0,ko_0.010,en_0.990|ko_0.010
2-multilingual-tools,telecom,tool_mix_2,openai/gpt-5-mini,gpt-5-mini,agent,1,2869,0.999651,1,32.0,ja_0.000,en_1.000|ja_0.000
2-multilingual-tools,telecom,tool_mix_2,vertex_ai/qwen/qwen3-235b-a22b-instruct-2507-maas,qwen3-235b,agent,1,3907,0.983875,49,24.0,ko_0.016|si_0.001,en_0.984|ko_0.016|si_0.001
2-multilingual-tools,telecom,tool_mix_3,openai/gpt-5-mini,gpt-5-mini,agent,1,2989,1.0,0,,,en_1.000
2-multilingual-tools,telecom,tool_mix_3,vertex_ai/qwen/qwen3-235b-a22b-instruct-2507-maas,qwen3-235b,agent,1,3701,0.982978,38,27.0,ko_0.016|si_0.001,en_0.983|ko_0.016|si_0.001
2-multilingual-tools,telecom,tool_mix_4,openai/gpt-5-mini,gpt-5-mini,agent,1,2896,1.0,0,,,en_1.000
2-multilingual-tools,telecom,tool_mix_4,vertex_ai/qwen/qwen3-235b-a22b-instruct-2507-maas,qwen3-235b,agent,1,3675,0.985306,41,24.0,ko_0.013|si_0.002,en_0.985|ko_0.013|si_0.002
2-multilingual-tools,telecom,tool_mix_5,openai/gpt-5-mini,gpt-5-mini,agent,1,2863,1.0,0,,,en_1.000
2-multilingual-tools,telecom,tool_mix_5,vertex_ai/qwen/qwen3-235b-a22b-instruct-2507-maas,qwen3-235b,agent,1,3782,0.984135,42,24.0,ko_0.015|si_0.001,en_0.984|ko_0.015|si_0.001
2-multilingual-tools,telecom,vietnamese,openai/gpt-5-mini,gpt-5-mini,agent,1,2913,1.0,0,,,en_1.000
2-multilingual-tools,telecom,vietnamese,vertex_ai/qwen/qwen3-235b-a22b-instruct-2507-maas,qwen3-235b,agent,1,4103,0.981964,53,30.0,ko_0.017|si_0.001,en_0.982|ko_0.017|si_0.001
3-crosslingual,airline,chinese,azure/kimi-k2.5,kimi-k2.5,agent,1,1012,0.823123,150,0.0,en_0.177,zh_0.823|en_0.177
3-crosslingual,airline,chinese,openrouter/openai/gpt-5-mini,gpt-5-mini,agent,1,776,0.596649,150,0.0,en_0.402|ja_0.001,zh_0.597|en_0.402|ja_0.001
3-crosslingual,airline,chinese,openrouter/qwen/qwen3.6-35b-a3b,qwen3.6-35b-a3b,agent,1,689,0.702467,150,0.0,en_0.298,zh_0.702|en_0.298
3-crosslingual,airline,chinese,together_ai/Qwen/Qwen3-235B-A22B-Instruct-2507-tput,qwen3-235b,agent,1,786,0.770992,150,0.0,en_0.229,zh_0.771|en_0.229
3-crosslingual,airline,filipino,azure/kimi-k2.5,kimi-k2.5,agent,1,1091,0.699358,150,0.0,en_0.301,tl_0.699|en_0.301
3-crosslingual,airline,filipino,openrouter/openai/gpt-5-mini,gpt-5-mini,agent,1,827,0.654172,150,0.0,en_0.345|es_0.001,tl_0.654|en_0.345|es_0.001
3-crosslingual,airline,filipino,openrouter/qwen/qwen3.6-35b-a3b,qwen3.6-35b-a3b,agent,1,750,0.521333,150,0.0,en_0.479,tl_0.521|en_0.479
3-crosslingual,airline,filipino,together_ai/Qwen/Qwen3-235B-A22B-Instruct-2507-tput,qwen3-235b,agent,1,772,0.716321,150,0.0,en_0.284,tl_0.716|en_0.284
3-crosslingual,airline,indonesian,azure/kimi-k2.5,kimi-k2.5,agent,1,1064,0.836466,150,0.0,en_0.159|ja_0.003|es_0.002,id_0.836|en_0.159|ja_0.003|es_0.002
3-crosslingual,airline,indonesian,openrouter/openai/gpt-5-mini,gpt-5-mini,agent,1,802,0.65586,150,0.0,en_0.343|lv_0.001,id_0.656|en_0.343|lv_0.001
3-crosslingual,airline,indonesian,openrouter/qwen/qwen3.6-35b-a3b,qwen3.6-35b-a3b,agent,1,741,0.730094,150,0.0,en_0.270,id_0.730|en_0.270
3-crosslingual,airline,indonesian,together_ai/Qwen/Qwen3-235B-A22B-Instruct-2507-tput,qwen3-235b,agent,1,880,0.801136,150,0.0,en_0.190|zh_0.008|ms_0.001,id_0.801|en_0.190|zh_0.008|ms_0.001
3-crosslingual,airline,thai,azure/kimi-k2.5,kimi-k2.5,agent,1,1021,0.804114,150,0.0,en_0.196,th_0.804|en_0.196
3-crosslingual,airline,thai,openrouter/openai/gpt-5-mini,gpt-5-mini,agent,1,754,0.690981,150,0.0,en_0.309,th_0.691|en_0.309
3-crosslingual,airline,thai,openrouter/qwen/qwen3.6-35b-a3b,qwen3.6-35b-a3b,agent,1,687,0.723435,150,0.0,en_0.277,th_0.723|en_0.277
3-crosslingual,airline,thai,together_ai/Qwen/Qwen3-235B-A22B-Instruct-2507-tput,qwen3-235b,agent,1,756,0.77381,150,0.0,en_0.226,th_0.774|en_0.226
3-crosslingual,airline,vietnamese,azure/kimi-k2.5,kimi-k2.5,agent,1,1058,0.827977,150,0.0,en_0.172,vi_0.828|en_0.172
3-crosslingual,airline,vietnamese,openrouter/openai/gpt-5-mini,gpt-5-mini,agent,1,780,0.702564,150,0.0,en_0.297,vi_0.703|en_0.297
3-crosslingual,airline,vietnamese,openrouter/qwen/qwen3.6-35b-a3b,qwen3.6-35b-a3b,agent,1,721,0.718447,150,0.0,en_0.282,vi_0.718|en_0.282
3-crosslingual,airline,vietnamese,together_ai/Qwen/Qwen3-235B-A22B-Instruct-2507-tput,qwen3-235b,agent,1,880,0.801136,150,0.0,en_0.199,vi_0.801|en_0.199
3-crosslingual,retail,chinese,azure/kimi-k2.5,kimi-k2.5,agent,1,2454,0.855338,342,0.0,en_0.145,zh_0.855|en_0.145
3-crosslingual,retail,chinese,openai//project/lt200394-thllmV/jab/seacrowd/models/Qwen/Qwen3-235B-A22B-Instruct-2507-FP8,qwen3-235b,agent,1,1922,0.810614,342,0.0,en_0.189,zh_0.811|en_0.189
3-crosslingual,retail,chinese,openrouter/openai/gpt-5-mini,gpt-5-mini,agent,1,2194,0.712397,342,0.0,en_0.286|ko_0.001|hu_0.000,zh_0.712|en_0.286|ko_0.001|hu_0.000
3-crosslingual,retail,chinese,openrouter/qwen/qwen3.6-35b-a3b,qwen3.6-35b-a3b,agent,1,1837,0.804573,342,0.0,en_0.195,zh_0.805|en_0.195
3-crosslingual,retail,filipino,azure/kimi-k2.5,kimi-k2.5,agent,1,2734,0.685443,342,0.0,en_0.314|sco_0.000,tl_0.685|en_0.314|sco_0.000
3-crosslingual,retail,filipino,openai//project/lt200394-thllmV/jab/seacrowd/models/Qwen/Qwen3-235B-A22B-Instruct-2507-FP8,qwen3-235b,agent,1,2006,0.748754,342,0.0,en_0.251,tl_0.749|en_0.251
3-crosslingual,retail,filipino,openrouter/openai/gpt-5-mini,gpt-5-mini,agent,1,2300,0.802174,342,0.0,en_0.198,tl_0.802|en_0.198
3-crosslingual,retail,filipino,openrouter/qwen/qwen3.6-35b-a3b,qwen3.6-35b-a3b,agent,1,1992,0.483936,342,0.0,en_0.516,en_0.516|tl_0.484
3-crosslingual,retail,indonesian,azure/kimi-k2.5,kimi-k2.5,agent,1,2563,0.85993,342,0.0,en_0.139|ja_0.001|ms_0.000,id_0.860|en_0.139|ja_0.001|ms_0.000
3-crosslingual,retail,indonesian,openai//project/lt200394-thllmV/jab/seacrowd/models/Qwen/Qwen3-235B-A22B-Instruct-2507-FP8,qwen3-235b,agent,1,1925,0.816104,342,0.0,en_0.182|ms_0.002,id_0.816|en_0.182|ms_0.002
3-crosslingual,retail,indonesian,openrouter/openai/gpt-5-mini,gpt-5-mini,agent,1,2041,0.78148,342,0.0,en_0.217|ms_0.001|jv_0.000,id_0.781|en_0.217|ms_0.001|jv_0.000
3-crosslingual,retail,indonesian,openrouter/qwen/qwen3.6-35b-a3b,qwen3.6-35b-a3b,agent,1,1945,0.816967,342,0.0,en_0.183,id_0.817|en_0.183
3-crosslingual,retail,thai,azure/kimi-k2.5,kimi-k2.5,agent,1,2394,0.848789,342,0.0,en_0.151,th_0.849|en_0.151
3-crosslingual,retail,thai,openai//project/lt200394-thllmV/jab/seacrowd/models/Qwen/Qwen3-235B-A22B-Instruct-2507-FP8,qwen3-235b,agent,1,1765,0.794334,342,0.0,en_0.206,th_0.794|en_0.206
3-crosslingual,retail,thai,openrouter/openai/gpt-5-mini,gpt-5-mini,agent,1,1968,0.807927,342,0.0,en_0.192,th_0.808|en_0.192
3-crosslingual,retail,vietnamese,azure/kimi-k2.5,kimi-k2.5,agent,1,2743,0.869851,342,0.0,en_0.130,vi_0.870|en_0.130
3-crosslingual,retail,vietnamese,openai//project/lt200394-thllmV/jab/seacrowd/models/Qwen/Qwen3-235B-A22B-Instruct-2507-FP8,qwen3-235b,agent,1,1916,0.809499,342,0.0,en_0.191,vi_0.809|en_0.191
3-crosslingual,retail,vietnamese,openrouter/openai/gpt-5-mini,gpt-5-mini,agent,1,2078,0.816169,342,0.0,en_0.184,vi_0.816|en_0.184
3-crosslingual,retail,vietnamese,openrouter/qwen/qwen3.6-35b-a3b,qwen3.6-35b-a3b,agent,1,1898,0.8098,342,0.0,en_0.190,vi_0.810|en_0.190
3-crosslingual,telecom,chinese,azure/kimi-k2.5,kimi-k2.5,agent,1,2921,0.878809,342,0.0,en_0.121|ja_0.000,zh_0.879|en_0.121|ja_0.000
3-crosslingual,telecom,chinese,openai//project/lt200394-thllmV/jab/seacrowd/models/Qwen/Qwen3-235B-A22B-Instruct-2507-FP8,qwen3-235b,agent,1,1631,0.74065,342,0.0,en_0.259,zh_0.741|en_0.259
3-crosslingual,telecom,chinese,openrouter/openai/gpt-5-mini,gpt-5-mini,agent,1,2432,0.799342,342,0.0,en_0.201,zh_0.799|en_0.201
3-crosslingual,telecom,chinese,openrouter/qwen/qwen3.6-35b-a3b,qwen3.6-35b-a3b,agent,1,3189,0.87551,342,0.0,en_0.124,zh_0.876|en_0.124
3-crosslingual,telecom,filipino,azure/kimi-k2.5,kimi-k2.5,agent,1,4079,0.896298,342,0.0,en_0.104,tl_0.896|en_0.104
3-crosslingual,telecom,filipino,openai//project/lt200394-thllmV/jab/seacrowd/models/Qwen/Qwen3-235B-A22B-Instruct-2507-FP8,qwen3-235b,agent,1,1771,0.73179,342,0.0,en_0.268,tl_0.732|en_0.268
3-crosslingual,telecom,filipino,openrouter/openai/gpt-5-mini,gpt-5-mini,agent,1,2780,0.822302,342,0.0,en_0.177|ja_0.000,tl_0.822|en_0.177|ja_0.000
3-crosslingual,telecom,filipino,openrouter/qwen/qwen3.6-35b-a3b,qwen3.6-35b-a3b,agent,1,3332,0.861945,342,0.0,en_0.138,tl_0.862|en_0.138
3-crosslingual,telecom,indonesian,openai//project/lt200394-thllmV/jab/seacrowd/models/Qwen/Qwen3-235B-A22B-Instruct-2507-FP8,qwen3-235b,agent,1,3314,0.852746,342,0.0,en_0.139|zh_0.005|es_0.002|ja_0.000,id_0.853|en_0.139|zh_0.005|es_0.002|ja_0.000
3-crosslingual,telecom,indonesian,openrouter/openai/gpt-5-mini,gpt-5-mini,agent,1,3491,0.850473,342,0.0,en_0.149|ms_0.001,id_0.850|en_0.149|ms_0.001
3-crosslingual,telecom,indonesian,openrouter/qwen/qwen3.6-35b-a3b,qwen3.6-35b-a3b,agent,1,3564,0.887486,342,0.0,en_0.112|ms_0.001,id_0.887|en_0.112|ms_0.001
3-crosslingual,telecom,thai,azure/kimi-k2.5,kimi-k2.5,agent,1,3413,0.875183,342,0.0,en_0.125,th_0.875|en_0.125
3-crosslingual,telecom,thai,openai//project/lt200394-thllmV/jab/seacrowd/models/Qwen/Qwen3-235B-A22B-Instruct-2507-FP8,qwen3-235b,agent,1,1991,0.74887,342,0.0,en_0.251,th_0.749|en_0.251
3-crosslingual,telecom,thai,openrouter/openai/gpt-5-mini,gpt-5-mini,agent,1,2917,0.828591,342,0.0,en_0.171,th_0.829|en_0.171
3-crosslingual,telecom,vietnamese,azure/kimi-k2.5,kimi-k2.5,agent,1,4016,0.910359,342,0.0,en_0.090,vi_0.910|en_0.090
3-crosslingual,telecom,vietnamese,openai//project/lt200394-thllmV/jab/seacrowd/models/Qwen/Qwen3-235B-A22B-Instruct-2507-FP8,qwen3-235b,agent,1,2635,0.80797,342,0.0,en_0.192,vi_0.808|en_0.192
3-crosslingual,telecom,vietnamese,openrouter/openai/gpt-5-mini,gpt-5-mini,agent,1,3598,0.85353,342,0.0,en_0.146,vi_0.854|en_0.146
4-translated,airline,chinese,azure/gpt-5-mini,gpt-5-mini,agent,1,729,0.954733,21,19.0,en_0.041|ko_0.004,zh_0.955|en_0.041|ko_0.004
4-translated,airline,chinese,nebius/moonshotai/Kimi-K2.5,kimi-k2.5,agent,1,1110,1.0,0,,,zh_1.000
4-translated,airline,chinese,openrouter/qwen/qwen3.6-35b-a3b,qwen3.6-35b-a3b,agent,1,489,1.0,0,,,zh_1.000
4-translated,airline,chinese,vertex_ai/qwen/qwen3-235b-a22b-instruct-2507-maas,qwen3-235b,agent,1,717,1.0,0,,,zh_1.000
4-translated,airline,filipino,azure/gpt-5-mini,gpt-5-mini,agent,1,678,0.877581,83,13.0,en_0.122,tl_0.878|en_0.122
4-translated,airline,filipino,openrouter/qwen/qwen3.6-35b-a3b,qwen3.6-35b-a3b,agent,1,625,0.912,51,16.0,en_0.088,tl_0.912|en_0.088
4-translated,airline,filipino,vertex_ai/qwen/qwen3-235b-a22b-instruct-2507-maas,qwen3-235b,agent,1,741,0.950067,37,16.0,en_0.050,tl_0.950|en_0.050
4-translated,airline,indonesian,azure/gpt-5-mini,gpt-5-mini,agent,1,614,0.846906,91,12.0,en_0.151|it_0.002,id_0.847|en_0.151|it_0.002
4-translated,airline,indonesian,openrouter/qwen/qwen3.6-35b-a3b,qwen3.6-35b-a3b,agent,1,724,0.930939,49,16.0,en_0.068|de_0.001,id_0.931|en_0.068|de_0.001
4-translated,airline,indonesian,vertex_ai/qwen/qwen3-235b-a22b-instruct-2507-maas,qwen3-235b,agent,1,783,0.962963,29,16.0,en_0.037,id_0.963|en_0.037
4-translated,airline,thai,azure/gpt-5-mini,gpt-5-mini,agent,1,709,0.994358,4,16.0,en_0.006,th_0.994|en_0.006
4-translated,airline,thai,nebius/moonshotai/Kimi-K2.5,kimi-k2.5,agent,1,1031,1.0,0,,,th_1.000
4-translated,airline,thai,openrouter/qwen/qwen3.6-35b-a3b,qwen3.6-35b-a3b,agent,1,511,1.0,0,,,th_1.000
4-translated,airline,thai,vertex_ai/qwen/qwen3-235b-a22b-instruct-2507-maas,qwen3-235b,agent,1,646,1.0,0,,,th_1.000
4-translated,airline,vietnamese,azure/gpt-5-mini,gpt-5-mini,agent,1,731,0.998632,1,4.0,en_0.001,vi_0.999|en_0.001
4-translated,airline,vietnamese,azure/kimi-k2.5,kimi-k2.5,agent,1,1032,1.0,0,,,vi_1.000
4-translated,airline,vietnamese,openrouter/qwen/qwen3.6-35b-a3b,qwen3.6-35b-a3b,agent,1,660,1.0,0,,,vi_1.000
4-translated,airline,vietnamese,vertex_ai/qwen/qwen3-235b-a22b-instruct-2507-maas,qwen3-235b,agent,1,731,0.998632,1,18.0,en_0.001,vi_0.999|en_0.001
4-translated,retail,chinese,azure/gpt-5-mini,gpt-5-mini,agent,1,2385,0.973166,48,19.0,en_0.026|ko_0.001,zh_0.973|en_0.026|ko_0.001
4-translated,retail,chinese,azure/kimi-k2.5,kimi-k2.5,agent,1,2825,0.999646,1,32.0,ko_0.000,zh_1.000|ko_0.000
4-translated,retail,chinese,vertex_ai/qwen/qwen3-235b-a22b-instruct-2507-maas,qwen3-235b,agent,1,1780,1.0,0,,,zh_1.000
4-translated,retail,filipino,azure/gpt-5-mini,gpt-5-mini,agent,1,1966,0.966938,63,30.0,en_0.033,tl_0.967|en_0.033
4-translated,retail,filipino,nebius/moonshotai/Kimi-K2.5,kimi-k2.5,agent,1,2528,0.958861,81,19.0,en_0.039|ms_0.002|su_0.000,tl_0.959|en_0.039|ms_0.002|su_0.000
4-translated,retail,filipino,vertex_ai/qwen/qwen3-235b-a22b-instruct-2507-maas,qwen3-235b,agent,1,1925,0.951688,90,26.0,en_0.048,tl_0.952|en_0.048
4-translated,retail,indonesian,azure/gpt-5-mini,gpt-5-mini,agent,1,1850,0.95027,91,28.0,en_0.050,id_0.950|en_0.050
4-translated,retail,indonesian,nebius/moonshotai/Kimi-K2.5,kimi-k2.5,agent,1,2225,0.978876,47,26.0,en_0.020|ms_0.001,id_0.979|en_0.020|ms_0.001
4-translated,retail,indonesian,openrouter/qwen/qwen3.6-35b-a3b,qwen3.6-35b-a3b,agent,1,1983,0.977811,44,28.0,en_0.021|ms_0.001,id_0.978|en_0.021|ms_0.001
4-translated,retail,indonesian,vertex_ai/qwen/qwen3-235b-a22b-instruct-2507-maas,qwen3-235b,agent,1,1959,0.963247,72,28.0,en_0.035|ms_0.002,id_0.963|en_0.035|ms_0.002
4-translated,retail,thai,azure/gpt-5-mini,gpt-5-mini,agent,1,2092,0.997132,6,7.0,en_0.003,th_0.997|en_0.003
4-translated,retail,thai,nebius/moonshotai/Kimi-K2.5,kimi-k2.5,agent,1,2623,1.0,0,,,th_1.000
4-translated,retail,thai,vertex_ai/qwen/qwen3-235b-a22b-instruct-2507-maas,qwen3-235b,agent,1,1691,0.999409,1,8.0,en_0.001,th_0.999|en_0.001
4-translated,retail,vietnamese,azure/gpt-5-mini,gpt-5-mini,agent,1,1876,0.997868,4,23.0,en_0.002|tr_0.001,vi_0.998|en_0.002|tr_0.001
4-translated,retail,vietnamese,azure/kimi-k2.5,kimi-k2.5,agent,1,2443,0.999591,1,18.0,en_0.000,vi_1.000|en_0.000
4-translated,retail,vietnamese,vertex_ai/qwen/qwen3-235b-a22b-instruct-2507-maas,qwen3-235b,agent,1,1885,0.999469,1,18.0,en_0.001,vi_0.999|en_0.001
4-translated,telecom,chinese,azure/gpt-5-mini,gpt-5-mini,agent,1,2034,0.987217,25,38.0,en_0.013,zh_0.987|en_0.013
4-translated,telecom,chinese,openrouter/moonshotai/kimi-k2.5,kimi-k2.5,agent,1,3393,1.0,0,,,zh_1.000
4-translated,telecom,chinese,vertex_ai/qwen/qwen3-235b-a22b-instruct-2507-maas,qwen3-235b,agent,1,2946,0.61609,250,10.0,en_0.373|ko_0.011,zh_0.616|en_0.373|ko_0.011
4-translated,telecom,filipino,azure/gpt-5-mini,gpt-5-mini,agent,1,3017,0.94763,155,62.0,en_0.052,tl_0.948|en_0.052
4-translated,telecom,filipino,openrouter/moonshotai/kimi-k2.5,kimi-k2.5,agent,1,3792,0.984441,59,34.0,en_0.015|id_0.001,tl_0.984|en_0.015|id_0.001
4-translated,telecom,filipino,vertex_ai/qwen/qwen3-235b-a22b-instruct-2507-maas,qwen3-235b,agent,1,3127,0.702271,286,28.0,en_0.290|ko_0.008|si_0.000,tl_0.702|en_0.290|ko_0.008|si_0.000
4-translated,telecom,indonesian,azure/gpt-5-mini,gpt-5-mini,agent,1,2175,0.994943,11,16.0,en_0.004|ms_0.001,id_0.995|en_0.004|ms_0.001
4-translated,telecom,indonesian,openrouter/moonshotai/kimi-k2.5,kimi-k2.5,agent,1,4038,0.993314,27,44.0,es_0.006|ms_0.000,id_0.993|es_0.006|ms_0.000
4-translated,telecom,indonesian,vertex_ai/qwen/qwen3-235b-a22b-instruct-2507-maas,qwen3-235b,agent,1,3678,0.988037,16,28.0,en_0.012|ms_0.000,id_0.988|en_0.012|ms_0.000
4-translated,telecom,thai,azure/gpt-5-mini,gpt-5-mini,agent,1,2613,0.996556,9,34.0,en_0.003|mk_0.000|zh_0.000,th_0.997|en_0.003|mk_0.000|zh_0.000
4-translated,telecom,thai,openrouter/moonshotai/kimi-k2.5,kimi-k2.5,agent,1,4095,1.0,0,,,th_1.000
4-translated,telecom,thai,vertex_ai/qwen/qwen3-235b-a22b-instruct-2507-maas,qwen3-235b,agent,1,3023,0.810453,132,22.0,en_0.184|ko_0.004|zh_0.001|si_0.000,th_0.810|en_0.184|ko_0.004|zh_0.001|si_0.000
4-translated,telecom,vietnamese,azure/gpt-5-mini,gpt-5-mini,agent,1,2970,0.936364,187,50.0,en_0.064,vi_0.936|en_0.064
4-translated,telecom,vietnamese,vertex_ai/qwen/qwen3-235b-a22b-instruct-2507-maas,qwen3-235b,agent,1,3557,0.888389,221,48.0,en_0.111|ko_0.001|la_0.000,vi_0.888|en_0.111|ko_0.001|la_0.000
