summary_level,language_metric,outcome_metric,n,pearson_r,r_squared,scenario,domain
overall,user_language_correctness,pass_hat_1,166,-0.063058,0.003976,,
overall,user_language_correctness,pass_hat_2,166,-0.045354,0.002057,,
overall,user_language_correctness,pass_hat_3,166,-0.035292,0.001246,,
overall,user_language_correctness,rho_3,166,-0.070607,0.004985,,
overall,agent_language_correctness,pass_hat_1,166,-0.083627,0.006993,,
overall,agent_language_correctness,pass_hat_2,166,-0.092271,0.008514,,
overall,agent_language_correctness,pass_hat_3,166,-0.095841,0.009185,,
overall,agent_language_correctness,rho_3,166,-0.058021,0.003366,,
scenario,user_language_correctness,pass_hat_1,8,0.614636,0.377777,1-english-only,
scenario,user_language_correctness,pass_hat_2,8,0.580059,0.336468,1-english-only,
scenario,user_language_correctness,pass_hat_3,8,0.548175,0.300496,1-english-only,
scenario,user_language_correctness,rho_3,8,0.476044,0.226618,1-english-only,
scenario,agent_language_correctness,pass_hat_1,8,0.181328,0.03288,1-english-only,
scenario,agent_language_correctness,pass_hat_2,8,0.199412,0.039765,1-english-only,
scenario,agent_language_correctness,pass_hat_3,8,0.1826,0.033343,1-english-only,
scenario,agent_language_correctness,rho_3,8,0.159006,0.025283,1-english-only,
scenario,user_language_correctness,pass_hat_1,54,-0.170854,0.029191,2-multilingual-tools,
scenario,user_language_correctness,pass_hat_2,54,-0.131133,0.017196,2-multilingual-tools,
scenario,user_language_correctness,pass_hat_3,54,-0.112013,0.012547,2-multilingual-tools,
scenario,user_language_correctness,rho_3,54,-0.180278,0.0325,2-multilingual-tools,
scenario,agent_language_correctness,pass_hat_1,54,0.752531,0.566303,2-multilingual-tools,
scenario,agent_language_correctness,pass_hat_2,54,0.731246,0.534721,2-multilingual-tools,
scenario,agent_language_correctness,pass_hat_3,54,0.72527,0.526017,2-multilingual-tools,
scenario,agent_language_correctness,rho_3,54,0.771533,0.595263,2-multilingual-tools,
scenario,user_language_correctness,pass_hat_1,56,0.003879,1.5e-05,3-crosslingual,
scenario,user_language_correctness,pass_hat_2,56,0.046799,0.00219,3-crosslingual,
scenario,user_language_correctness,pass_hat_3,56,0.06822,0.004654,3-crosslingual,
scenario,user_language_correctness,rho_3,56,-0.009342,8.7e-05,3-crosslingual,
scenario,agent_language_correctness,pass_hat_1,56,0.211544,0.044751,3-crosslingual,
scenario,agent_language_correctness,pass_hat_2,56,0.22219,0.049368,3-crosslingual,
scenario,agent_language_correctness,pass_hat_3,56,0.224812,0.05054,3-crosslingual,
scenario,agent_language_correctness,rho_3,56,0.133102,0.017716,3-crosslingual,
scenario,user_language_correctness,pass_hat_1,48,0.200693,0.040278,4-translated,
scenario,user_language_correctness,pass_hat_2,48,0.196646,0.03867,4-translated,
scenario,user_language_correctness,pass_hat_3,48,0.175479,0.030793,4-translated,
scenario,user_language_correctness,rho_3,48,0.049319,0.002432,4-translated,
scenario,agent_language_correctness,pass_hat_1,48,0.254764,0.064905,4-translated,
scenario,agent_language_correctness,pass_hat_2,48,0.258944,0.067052,4-translated,
scenario,agent_language_correctness,pass_hat_3,48,0.23917,0.057202,4-translated,
scenario,agent_language_correctness,rho_3,48,0.225013,0.050631,4-translated,
domain,user_language_correctness,pass_hat_1,58,-0.096333,0.00928,,airline
domain,user_language_correctness,pass_hat_2,58,-0.063583,0.004043,,airline
domain,user_language_correctness,pass_hat_3,58,-0.054656,0.002987,,airline
domain,user_language_correctness,rho_3,58,-0.026853,0.000721,,airline
domain,agent_language_correctness,pass_hat_1,58,-0.365372,0.133497,,airline
domain,agent_language_correctness,pass_hat_2,58,-0.332498,0.110555,,airline
domain,agent_language_correctness,pass_hat_3,58,-0.31354,0.098307,,airline
domain,agent_language_correctness,rho_3,58,-0.151995,0.023102,,airline
domain,user_language_correctness,pass_hat_1,56,-0.140387,0.019709,,retail
domain,user_language_correctness,pass_hat_2,56,-0.173399,0.030067,,retail
domain,user_language_correctness,pass_hat_3,56,-0.198971,0.039589,,retail
domain,user_language_correctness,rho_3,56,-0.22432,0.050319,,retail
domain,agent_language_correctness,pass_hat_1,56,-0.343669,0.118108,,retail
domain,agent_language_correctness,pass_hat_2,56,-0.378302,0.143112,,retail
domain,agent_language_correctness,pass_hat_3,56,-0.397501,0.158007,,retail
domain,agent_language_correctness,rho_3,56,-0.337139,0.113663,,retail
domain,user_language_correctness,pass_hat_1,52,-0.053878,0.002903,,telecom
domain,user_language_correctness,pass_hat_2,52,-0.042996,0.001849,,telecom
domain,user_language_correctness,pass_hat_3,52,-0.03436,0.001181,,telecom
domain,user_language_correctness,rho_3,52,-0.083314,0.006941,,telecom
domain,agent_language_correctness,pass_hat_1,52,0.284067,0.080694,,telecom
domain,agent_language_correctness,pass_hat_2,52,0.235691,0.05555,,telecom
domain,agent_language_correctness,pass_hat_3,52,0.212364,0.045098,,telecom
domain,agent_language_correctness,rho_3,52,0.209834,0.04403,,telecom
scenario_domain,user_language_correctness,pass_hat_1,2,,,1-english-only,airline
scenario_domain,user_language_correctness,pass_hat_2,2,,,1-english-only,airline
scenario_domain,user_language_correctness,pass_hat_3,2,,,1-english-only,airline
scenario_domain,user_language_correctness,rho_3,2,,,1-english-only,airline
scenario_domain,agent_language_correctness,pass_hat_1,2,,,1-english-only,airline
scenario_domain,agent_language_correctness,pass_hat_2,2,,,1-english-only,airline
scenario_domain,agent_language_correctness,pass_hat_3,2,,,1-english-only,airline
scenario_domain,agent_language_correctness,rho_3,2,,,1-english-only,airline
scenario_domain,user_language_correctness,pass_hat_1,3,0.568503,0.323196,1-english-only,retail
scenario_domain,user_language_correctness,pass_hat_2,3,0.658643,0.433811,1-english-only,retail
scenario_domain,user_language_correctness,pass_hat_3,3,0.72088,0.519668,1-english-only,retail
scenario_domain,user_language_correctness,rho_3,3,-0.070248,0.004935,1-english-only,retail
scenario_domain,agent_language_correctness,pass_hat_1,3,,,1-english-only,retail
scenario_domain,agent_language_correctness,pass_hat_2,3,,,1-english-only,retail
scenario_domain,agent_language_correctness,pass_hat_3,3,,,1-english-only,retail
scenario_domain,agent_language_correctness,rho_3,3,,,1-english-only,retail
scenario_domain,user_language_correctness,pass_hat_1,3,0.999761,0.999522,1-english-only,telecom
scenario_domain,user_language_correctness,pass_hat_2,3,0.999344,0.998688,1-english-only,telecom
scenario_domain,user_language_correctness,pass_hat_3,3,0.99885,0.997701,1-english-only,telecom
scenario_domain,user_language_correctness,rho_3,3,0.997797,0.995599,1-english-only,telecom
scenario_domain,agent_language_correctness,pass_hat_1,3,0.999761,0.999522,1-english-only,telecom
scenario_domain,agent_language_correctness,pass_hat_2,3,0.999344,0.998688,1-english-only,telecom
scenario_domain,agent_language_correctness,pass_hat_3,3,0.99885,0.997701,1-english-only,telecom
scenario_domain,agent_language_correctness,rho_3,3,0.997797,0.995599,1-english-only,telecom
scenario_domain,user_language_correctness,pass_hat_1,18,-0.004073,1.7e-05,2-multilingual-tools,airline
scenario_domain,user_language_correctness,pass_hat_2,18,0.036869,0.001359,2-multilingual-tools,airline
scenario_domain,user_language_correctness,pass_hat_3,18,0.044886,0.002015,2-multilingual-tools,airline
scenario_domain,user_language_correctness,rho_3,18,0.049007,0.002402,2-multilingual-tools,airline
scenario_domain,agent_language_correctness,pass_hat_1,18,-0.278552,0.077591,2-multilingual-tools,airline
scenario_domain,agent_language_correctness,pass_hat_2,18,-0.264868,0.070155,2-multilingual-tools,airline
scenario_domain,agent_language_correctness,pass_hat_3,18,-0.24345,0.059268,2-multilingual-tools,airline
scenario_domain,agent_language_correctness,rho_3,18,-0.186732,0.034869,2-multilingual-tools,airline
scenario_domain,user_language_correctness,pass_hat_1,18,0.88192,0.777783,2-multilingual-tools,retail
scenario_domain,user_language_correctness,pass_hat_2,18,0.84661,0.716748,2-multilingual-tools,retail
scenario_domain,user_language_correctness,pass_hat_3,18,0.772276,0.59641,2-multilingual-tools,retail
scenario_domain,user_language_correctness,rho_3,18,0.334004,0.111559,2-multilingual-tools,retail
scenario_domain,agent_language_correctness,pass_hat_1,18,,,2-multilingual-tools,retail
scenario_domain,agent_language_correctness,pass_hat_2,18,,,2-multilingual-tools,retail
scenario_domain,agent_language_correctness,pass_hat_3,18,,,2-multilingual-tools,retail
scenario_domain,agent_language_correctness,rho_3,18,,,2-multilingual-tools,retail
scenario_domain,user_language_correctness,pass_hat_1,18,-0.331954,0.110193,2-multilingual-tools,telecom
scenario_domain,user_language_correctness,pass_hat_2,18,-0.306812,0.094134,2-multilingual-tools,telecom
scenario_domain,user_language_correctness,pass_hat_3,18,-0.281295,0.079127,2-multilingual-tools,telecom
scenario_domain,user_language_correctness,rho_3,18,-0.233107,0.054339,2-multilingual-tools,telecom
scenario_domain,agent_language_correctness,pass_hat_1,18,0.964873,0.93098,2-multilingual-tools,telecom
scenario_domain,agent_language_correctness,pass_hat_2,18,0.970076,0.941047,2-multilingual-tools,telecom
scenario_domain,agent_language_correctness,pass_hat_3,18,0.969215,0.939378,2-multilingual-tools,telecom
scenario_domain,agent_language_correctness,rho_3,18,0.949474,0.901501,2-multilingual-tools,telecom
scenario_domain,user_language_correctness,pass_hat_1,20,0.143144,0.02049,3-crosslingual,airline
scenario_domain,user_language_correctness,pass_hat_2,20,0.177485,0.031501,3-crosslingual,airline
scenario_domain,user_language_correctness,pass_hat_3,20,0.181824,0.03306,3-crosslingual,airline
scenario_domain,user_language_correctness,rho_3,20,0.129824,0.016854,3-crosslingual,airline
scenario_domain,agent_language_correctness,pass_hat_1,20,-0.140083,0.019623,3-crosslingual,airline
scenario_domain,agent_language_correctness,pass_hat_2,20,-0.092281,0.008516,3-crosslingual,airline
scenario_domain,agent_language_correctness,pass_hat_3,20,-0.075256,0.005663,3-crosslingual,airline
scenario_domain,agent_language_correctness,rho_3,20,-0.036799,0.001354,3-crosslingual,airline
scenario_domain,user_language_correctness,pass_hat_1,19,-0.072122,0.005202,3-crosslingual,retail
scenario_domain,user_language_correctness,pass_hat_2,19,-0.118118,0.013952,3-crosslingual,retail
scenario_domain,user_language_correctness,pass_hat_3,19,-0.148887,0.022167,3-crosslingual,retail
scenario_domain,user_language_correctness,rho_3,19,-0.253692,0.06436,3-crosslingual,retail
scenario_domain,agent_language_correctness,pass_hat_1,19,-0.077817,0.006055,3-crosslingual,retail
scenario_domain,agent_language_correctness,pass_hat_2,19,-0.088013,0.007746,3-crosslingual,retail
scenario_domain,agent_language_correctness,pass_hat_3,19,-0.08318,0.006919,3-crosslingual,retail
scenario_domain,agent_language_correctness,rho_3,19,-0.092572,0.00857,3-crosslingual,retail
scenario_domain,user_language_correctness,pass_hat_1,17,-0.017904,0.000321,3-crosslingual,telecom
scenario_domain,user_language_correctness,pass_hat_2,17,0.006377,4.1e-05,3-crosslingual,telecom
scenario_domain,user_language_correctness,pass_hat_3,17,0.019372,0.000375,3-crosslingual,telecom
scenario_domain,user_language_correctness,rho_3,17,-0.065777,0.004327,3-crosslingual,telecom
scenario_domain,agent_language_correctness,pass_hat_1,17,0.834611,0.696576,3-crosslingual,telecom
scenario_domain,agent_language_correctness,pass_hat_2,17,0.801917,0.643071,3-crosslingual,telecom
scenario_domain,agent_language_correctness,pass_hat_3,17,0.784622,0.615632,3-crosslingual,telecom
scenario_domain,agent_language_correctness,rho_3,17,0.738913,0.545992,3-crosslingual,telecom
scenario_domain,user_language_correctness,pass_hat_1,18,-0.039851,0.001588,4-translated,airline
scenario_domain,user_language_correctness,pass_hat_2,18,-0.042713,0.001824,4-translated,airline
scenario_domain,user_language_correctness,pass_hat_3,18,-0.062965,0.003965,4-translated,airline
scenario_domain,user_language_correctness,rho_3,18,-0.034259,0.001174,4-translated,airline
scenario_domain,agent_language_correctness,pass_hat_1,18,-0.250898,0.06295,4-translated,airline
scenario_domain,agent_language_correctness,pass_hat_2,18,-0.344957,0.118995,4-translated,airline
scenario_domain,agent_language_correctness,pass_hat_3,18,-0.336376,0.113149,4-translated,airline
scenario_domain,agent_language_correctness,rho_3,18,-0.193232,0.037339,4-translated,airline
scenario_domain,user_language_correctness,pass_hat_1,16,0.040636,0.001651,4-translated,retail
scenario_domain,user_language_correctness,pass_hat_2,16,0.025507,0.000651,4-translated,retail
scenario_domain,user_language_correctness,pass_hat_3,16,-0.031223,0.000975,4-translated,retail
scenario_domain,user_language_correctness,rho_3,16,-0.184112,0.033897,4-translated,retail
scenario_domain,agent_language_correctness,pass_hat_1,16,-0.077409,0.005992,4-translated,retail
scenario_domain,agent_language_correctness,pass_hat_2,16,-0.097079,0.009424,4-translated,retail
scenario_domain,agent_language_correctness,pass_hat_3,16,-0.166373,0.02768,4-translated,retail
scenario_domain,agent_language_correctness,rho_3,16,-0.220598,0.048663,4-translated,retail
scenario_domain,user_language_correctness,pass_hat_1,14,0.006992,4.9e-05,4-translated,telecom
scenario_domain,user_language_correctness,pass_hat_2,14,0.00363,1.3e-05,4-translated,telecom
scenario_domain,user_language_correctness,pass_hat_3,14,-0.001753,3e-06,4-translated,telecom
scenario_domain,user_language_correctness,rho_3,14,-0.068864,0.004742,4-translated,telecom
scenario_domain,agent_language_correctness,pass_hat_1,14,0.717585,0.514928,4-translated,telecom
scenario_domain,agent_language_correctness,pass_hat_2,14,0.665668,0.443114,4-translated,telecom
scenario_domain,agent_language_correctness,pass_hat_3,14,0.636137,0.40467,4-translated,telecom
scenario_domain,agent_language_correctness,rho_3,14,0.550287,0.302816,4-translated,telecom
