group,group_value,domain,primary_failure_mode,count,pct_all,pct_agent_failures,total_simulations,agent_failure_count,lang,agent_llm,run
by_domain,airline,airline,success,31,20.7,,150,119,,,
by_domain,airline,airline,tool_error_loop,4,2.7,3.4,150,119,,,
by_domain,airline,airline,missing_required_write,80,53.3,67.2,150,119,,,
by_domain,airline,airline,dialogue_or_action_loop,20,13.3,16.8,150,119,,,
by_domain,airline,airline,language_drift,11,7.3,9.2,150,119,,,
by_domain,airline,airline,unclassified_failure,4,2.7,3.4,150,119,,,
by_domain,retail,retail,success,948,25.2,,3762,2764,,,
by_domain,retail,retail,non_agent_infrastructure,50,1.3,,3762,2764,,,
by_domain,retail,retail,credential_or_identifier_hallucination,562,14.9,20.3,3762,2764,,,
by_domain,retail,retail,tool_error_loop,543,14.4,19.6,3762,2764,,,
by_domain,retail,retail,missing_required_write,1088,28.9,39.4,3762,2764,,,
by_domain,retail,retail,wrong_write_arguments_or_state,203,5.4,7.3,3762,2764,,,
by_domain,retail,retail,premature_refusal_or_policy_misread,178,4.7,6.4,3762,2764,,,
by_domain,retail,retail,translated_identifier_lookup_failure,70,1.9,2.5,3762,2764,,,
by_domain,retail,retail,non_action_assertion_failure,30,0.8,1.1,3762,2764,,,
by_domain,retail,retail,dialogue_or_action_loop,59,1.6,2.1,3762,2764,,,
by_domain,retail,retail,wrong_read_arguments,7,0.2,0.3,3762,2764,,,
by_domain,retail,retail,max_steps_or_dialogue_loop,13,0.3,0.5,3762,2764,,,
by_domain,retail,retail,language_drift,7,0.2,0.3,3762,2764,,,
by_domain,retail,retail,unclassified_failure,4,0.1,0.1,3762,2764,,,
by_domain,telecom,telecom,success,170,49.7,,342,172,,,
by_domain,telecom,telecom,credential_or_identifier_hallucination,50,14.6,29.1,342,172,,,
by_domain,telecom,telecom,tool_error_loop,8,2.3,4.7,342,172,,,
by_domain,telecom,telecom,missing_required_write,17,5.0,9.9,342,172,,,
by_domain,telecom,telecom,wrong_write_arguments_or_state,5,1.5,2.9,342,172,,,
by_domain,telecom,telecom,missing_user_device_instruction,91,26.6,52.9,342,172,,,
by_domain,telecom,telecom,non_action_assertion_failure,1,0.3,0.6,342,172,,,
by_language,id,,success,403,29.5,,1368,965,id,,
by_language,id,,credential_or_identifier_hallucination,154,11.3,16.0,1368,965,id,,
by_language,id,,tool_error_loop,270,19.7,28.0,1368,965,id,,
by_language,id,,missing_required_write,347,25.4,36.0,1368,965,id,,
by_language,id,,wrong_write_arguments_or_state,47,3.4,4.9,1368,965,id,,
by_language,id,,missing_user_device_instruction,91,6.7,9.4,1368,965,id,,
by_language,id,,premature_refusal_or_policy_misread,26,1.9,2.7,1368,965,id,,
by_language,id,,non_action_assertion_failure,3,0.2,0.3,1368,965,id,,
by_language,id,,dialogue_or_action_loop,12,0.9,1.2,1368,965,id,,
by_language,id,,wrong_read_arguments,3,0.2,0.3,1368,965,id,,
by_language,id,,max_steps_or_dialogue_loop,12,0.9,1.2,1368,965,id,,
by_language,th,,success,235,34.4,,684,449,th,,
by_language,th,,credential_or_identifier_hallucination,2,0.3,0.4,684,449,th,,
by_language,th,,tool_error_loop,28,4.1,6.2,684,449,th,,
by_language,th,,missing_required_write,175,25.6,39.0,684,449,th,,
by_language,th,,wrong_write_arguments_or_state,59,8.6,13.1,684,449,th,,
by_language,th,,premature_refusal_or_policy_misread,101,14.8,22.5,684,449,th,,
by_language,th,,translated_identifier_lookup_failure,70,10.2,15.6,684,449,th,,
by_language,th,,non_action_assertion_failure,10,1.5,2.2,684,449,th,,
by_language,th,,dialogue_or_action_loop,3,0.4,0.7,684,449,th,,
by_language,th,,wrong_read_arguments,1,0.1,0.2,684,449,th,,
by_language,tl,,success,210,17.9,,1176,960,tl,,
by_language,tl,,non_agent_infrastructure,6,0.5,,1176,960,tl,,
by_language,tl,,credential_or_identifier_hallucination,233,19.8,24.3,1176,960,tl,,
by_language,tl,,tool_error_loop,107,9.1,11.1,1176,960,tl,,
by_language,tl,,missing_required_write,475,40.4,49.5,1176,960,tl,,
by_language,tl,,wrong_write_arguments_or_state,57,4.8,5.9,1176,960,tl,,
by_language,tl,,premature_refusal_or_policy_misread,7,0.6,0.7,1176,960,tl,,
by_language,tl,,non_action_assertion_failure,11,0.9,1.1,1176,960,tl,,
by_language,tl,,dialogue_or_action_loop,43,3.7,4.5,1176,960,tl,,
by_language,tl,,wrong_read_arguments,1,0.1,0.1,1176,960,tl,,
by_language,tl,,language_drift,18,1.5,1.9,1176,960,tl,,
by_language,tl,,unclassified_failure,8,0.7,0.8,1176,960,tl,,
by_language,vi,,success,172,25.1,,684,468,vi,,
by_language,vi,,non_agent_infrastructure,44,6.4,,684,468,vi,,
by_language,vi,,credential_or_identifier_hallucination,139,20.3,29.7,684,468,vi,,
by_language,vi,,tool_error_loop,120,17.5,25.6,684,468,vi,,
by_language,vi,,missing_required_write,131,19.2,28.0,684,468,vi,,
by_language,vi,,wrong_write_arguments_or_state,26,3.8,5.6,684,468,vi,,
by_language,vi,,premature_refusal_or_policy_misread,31,4.5,6.6,684,468,vi,,
by_language,vi,,non_action_assertion_failure,3,0.4,0.6,684,468,vi,,
by_language,vi,,dialogue_or_action_loop,17,2.5,3.6,684,468,vi,,
by_language,vi,,max_steps_or_dialogue_loop,1,0.1,0.2,684,468,vi,,
by_language,zh,,success,129,37.7,,342,213,zh,,
by_language,zh,,credential_or_identifier_hallucination,84,24.6,39.4,342,213,zh,,
by_language,zh,,tool_error_loop,30,8.8,14.1,342,213,zh,,
by_language,zh,,missing_required_write,57,16.7,26.8,342,213,zh,,
by_language,zh,,wrong_write_arguments_or_state,19,5.6,8.9,342,213,zh,,
by_language,zh,,premature_refusal_or_policy_misread,13,3.8,6.1,342,213,zh,,
by_language,zh,,non_action_assertion_failure,4,1.2,1.9,342,213,zh,,
by_language,zh,,dialogue_or_action_loop,4,1.2,1.9,342,213,zh,,
by_language,zh,,wrong_read_arguments,2,0.6,0.9,342,213,zh,,
by_agent,Qwen3-235B-A22B-Instruct-2507-FP8,,success,6,1.8,,342,336,,Qwen3-235B-A22B-Instruct-2507-FP8,
by_agent,Qwen3-235B-A22B-Instruct-2507-FP8,,credential_or_identifier_hallucination,38,11.1,11.3,342,336,,Qwen3-235B-A22B-Instruct-2507-FP8,
by_agent,Qwen3-235B-A22B-Instruct-2507-FP8,,tool_error_loop,186,54.4,55.4,342,336,,Qwen3-235B-A22B-Instruct-2507-FP8,
by_agent,Qwen3-235B-A22B-Instruct-2507-FP8,,missing_required_write,94,27.5,28.0,342,336,,Qwen3-235B-A22B-Instruct-2507-FP8,
by_agent,Qwen3-235B-A22B-Instruct-2507-FP8,,wrong_write_arguments_or_state,3,0.9,0.9,342,336,,Qwen3-235B-A22B-Instruct-2507-FP8,
by_agent,Qwen3-235B-A22B-Instruct-2507-FP8,,non_action_assertion_failure,1,0.3,0.3,342,336,,Qwen3-235B-A22B-Instruct-2507-FP8,
by_agent,Qwen3-235B-A22B-Instruct-2507-FP8,,dialogue_or_action_loop,3,0.9,0.9,342,336,,Qwen3-235B-A22B-Instruct-2507-FP8,
by_agent,Qwen3-235B-A22B-Instruct-2507-FP8,,max_steps_or_dialogue_loop,11,3.2,3.3,342,336,,Qwen3-235B-A22B-Instruct-2507-FP8,
by_agent,azure/gpt-5-mini,,success,448,43.7,,1026,578,,azure/gpt-5-mini,
by_agent,azure/gpt-5-mini,,credential_or_identifier_hallucination,50,4.9,8.7,1026,578,,azure/gpt-5-mini,
by_agent,azure/gpt-5-mini,,tool_error_loop,62,6.0,10.7,1026,578,,azure/gpt-5-mini,
by_agent,azure/gpt-5-mini,,missing_required_write,138,13.5,23.9,1026,578,,azure/gpt-5-mini,
by_agent,azure/gpt-5-mini,,wrong_write_arguments_or_state,102,9.9,17.6,1026,578,,azure/gpt-5-mini,
by_agent,azure/gpt-5-mini,,missing_user_device_instruction,91,8.9,15.7,1026,578,,azure/gpt-5-mini,
by_agent,azure/gpt-5-mini,,premature_refusal_or_policy_misread,68,6.6,11.8,1026,578,,azure/gpt-5-mini,
by_agent,azure/gpt-5-mini,,translated_identifier_lookup_failure,49,4.8,8.5,1026,578,,azure/gpt-5-mini,
by_agent,azure/gpt-5-mini,,non_action_assertion_failure,17,1.7,2.9,1026,578,,azure/gpt-5-mini,
by_agent,azure/gpt-5-mini,,wrong_read_arguments,1,0.1,0.2,1026,578,,azure/gpt-5-mini,
by_agent,azure/kimi-k2.5,,success,377,24.8,,1518,1109,,azure/kimi-k2.5,
by_agent,azure/kimi-k2.5,,non_agent_infrastructure,32,2.1,,1518,1109,,azure/kimi-k2.5,
by_agent,azure/kimi-k2.5,,credential_or_identifier_hallucination,88,5.8,7.9,1518,1109,,azure/kimi-k2.5,
by_agent,azure/kimi-k2.5,,tool_error_loop,88,5.8,7.9,1518,1109,,azure/kimi-k2.5,
by_agent,azure/kimi-k2.5,,missing_required_write,711,46.8,64.1,1518,1109,,azure/kimi-k2.5,
by_agent,azure/kimi-k2.5,,wrong_write_arguments_or_state,50,3.3,4.5,1518,1109,,azure/kimi-k2.5,
by_agent,azure/kimi-k2.5,,premature_refusal_or_policy_misread,76,5.0,6.9,1518,1109,,azure/kimi-k2.5,
by_agent,azure/kimi-k2.5,,translated_identifier_lookup_failure,21,1.4,1.9,1518,1109,,azure/kimi-k2.5,
by_agent,azure/kimi-k2.5,,non_action_assertion_failure,8,0.5,0.7,1518,1109,,azure/kimi-k2.5,
by_agent,azure/kimi-k2.5,,dialogue_or_action_loop,38,2.5,3.4,1518,1109,,azure/kimi-k2.5,
by_agent,azure/kimi-k2.5,,wrong_read_arguments,2,0.1,0.2,1518,1109,,azure/kimi-k2.5,
by_agent,azure/kimi-k2.5,,max_steps_or_dialogue_loop,1,0.1,0.1,1518,1109,,azure/kimi-k2.5,
by_agent,azure/kimi-k2.5,,language_drift,18,1.2,1.6,1518,1109,,azure/kimi-k2.5,
by_agent,azure/kimi-k2.5,,unclassified_failure,8,0.5,0.7,1518,1109,,azure/kimi-k2.5,
by_agent,openrouter/qwen/qwen3.6-35b-a3b,,success,318,23.2,,1368,1032,,openrouter/qwen/qwen3.6-35b-a3b,
by_agent,openrouter/qwen/qwen3.6-35b-a3b,,non_agent_infrastructure,18,1.3,,1368,1032,,openrouter/qwen/qwen3.6-35b-a3b,
by_agent,openrouter/qwen/qwen3.6-35b-a3b,,credential_or_identifier_hallucination,436,31.9,42.2,1368,1032,,openrouter/qwen/qwen3.6-35b-a3b,
by_agent,openrouter/qwen/qwen3.6-35b-a3b,,tool_error_loop,219,16.0,21.2,1368,1032,,openrouter/qwen/qwen3.6-35b-a3b,
by_agent,openrouter/qwen/qwen3.6-35b-a3b,,missing_required_write,242,17.7,23.4,1368,1032,,openrouter/qwen/qwen3.6-35b-a3b,
by_agent,openrouter/qwen/qwen3.6-35b-a3b,,wrong_write_arguments_or_state,53,3.9,5.1,1368,1032,,openrouter/qwen/qwen3.6-35b-a3b,
by_agent,openrouter/qwen/qwen3.6-35b-a3b,,premature_refusal_or_policy_misread,34,2.5,3.3,1368,1032,,openrouter/qwen/qwen3.6-35b-a3b,
by_agent,openrouter/qwen/qwen3.6-35b-a3b,,non_action_assertion_failure,5,0.4,0.5,1368,1032,,openrouter/qwen/qwen3.6-35b-a3b,
by_agent,openrouter/qwen/qwen3.6-35b-a3b,,dialogue_or_action_loop,38,2.8,3.7,1368,1032,,openrouter/qwen/qwen3.6-35b-a3b,
by_agent,openrouter/qwen/qwen3.6-35b-a3b,,wrong_read_arguments,4,0.3,0.4,1368,1032,,openrouter/qwen/qwen3.6-35b-a3b,
by_agent,openrouter/qwen/qwen3.6-35b-a3b,,max_steps_or_dialogue_loop,1,0.1,0.1,1368,1032,,openrouter/qwen/qwen3.6-35b-a3b,
by_domain_language,airline / tl,airline,success,31,20.7,,150,119,tl,,
by_domain_language,airline / tl,airline,tool_error_loop,4,2.7,3.4,150,119,tl,,
by_domain_language,airline / tl,airline,missing_required_write,80,53.3,67.2,150,119,tl,,
by_domain_language,airline / tl,airline,dialogue_or_action_loop,20,13.3,16.8,150,119,tl,,
by_domain_language,airline / tl,airline,language_drift,11,7.3,9.2,150,119,tl,,
by_domain_language,airline / tl,airline,unclassified_failure,4,2.7,3.4,150,119,tl,,
by_domain_language,retail / id,retail,success,233,22.7,,1026,793,id,,
by_domain_language,retail / id,retail,credential_or_identifier_hallucination,104,10.1,13.1,1026,793,id,,
by_domain_language,retail / id,retail,tool_error_loop,262,25.5,33.0,1026,793,id,,
by_domain_language,retail / id,retail,missing_required_write,330,32.2,41.6,1026,793,id,,
by_domain_language,retail / id,retail,wrong_write_arguments_or_state,42,4.1,5.3,1026,793,id,,
by_domain_language,retail / id,retail,premature_refusal_or_policy_misread,26,2.5,3.3,1026,793,id,,
by_domain_language,retail / id,retail,non_action_assertion_failure,2,0.2,0.3,1026,793,id,,
by_domain_language,retail / id,retail,dialogue_or_action_loop,12,1.2,1.5,1026,793,id,,
by_domain_language,retail / id,retail,wrong_read_arguments,3,0.3,0.4,1026,793,id,,
by_domain_language,retail / id,retail,max_steps_or_dialogue_loop,12,1.2,1.5,1026,793,id,,
by_domain_language,retail / th,retail,success,235,34.4,,684,449,th,,
by_domain_language,retail / th,retail,credential_or_identifier_hallucination,2,0.3,0.4,684,449,th,,
by_domain_language,retail / th,retail,tool_error_loop,28,4.1,6.2,684,449,th,,
by_domain_language,retail / th,retail,missing_required_write,175,25.6,39.0,684,449,th,,
by_domain_language,retail / th,retail,wrong_write_arguments_or_state,59,8.6,13.1,684,449,th,,
by_domain_language,retail / th,retail,premature_refusal_or_policy_misread,101,14.8,22.5,684,449,th,,
by_domain_language,retail / th,retail,translated_identifier_lookup_failure,70,10.2,15.6,684,449,th,,
by_domain_language,retail / th,retail,non_action_assertion_failure,10,1.5,2.2,684,449,th,,
by_domain_language,retail / th,retail,dialogue_or_action_loop,3,0.4,0.7,684,449,th,,
by_domain_language,retail / th,retail,wrong_read_arguments,1,0.1,0.2,684,449,th,,
by_domain_language,retail / tl,retail,success,179,17.4,,1026,841,tl,,
by_domain_language,retail / tl,retail,non_agent_infrastructure,6,0.6,,1026,841,tl,,
by_domain_language,retail / tl,retail,credential_or_identifier_hallucination,233,22.7,27.7,1026,841,tl,,
by_domain_language,retail / tl,retail,tool_error_loop,103,10.0,12.2,1026,841,tl,,
by_domain_language,retail / tl,retail,missing_required_write,395,38.5,47.0,1026,841,tl,,
by_domain_language,retail / tl,retail,wrong_write_arguments_or_state,57,5.6,6.8,1026,841,tl,,
by_domain_language,retail / tl,retail,premature_refusal_or_policy_misread,7,0.7,0.8,1026,841,tl,,
by_domain_language,retail / tl,retail,non_action_assertion_failure,11,1.1,1.3,1026,841,tl,,
by_domain_language,retail / tl,retail,dialogue_or_action_loop,23,2.2,2.7,1026,841,tl,,
by_domain_language,retail / tl,retail,wrong_read_arguments,1,0.1,0.1,1026,841,tl,,
by_domain_language,retail / tl,retail,language_drift,7,0.7,0.8,1026,841,tl,,
by_domain_language,retail / tl,retail,unclassified_failure,4,0.4,0.5,1026,841,tl,,
by_domain_language,retail / vi,retail,success,172,25.1,,684,468,vi,,
by_domain_language,retail / vi,retail,non_agent_infrastructure,44,6.4,,684,468,vi,,
by_domain_language,retail / vi,retail,credential_or_identifier_hallucination,139,20.3,29.7,684,468,vi,,
by_domain_language,retail / vi,retail,tool_error_loop,120,17.5,25.6,684,468,vi,,
by_domain_language,retail / vi,retail,missing_required_write,131,19.2,28.0,684,468,vi,,
by_domain_language,retail / vi,retail,wrong_write_arguments_or_state,26,3.8,5.6,684,468,vi,,
by_domain_language,retail / vi,retail,premature_refusal_or_policy_misread,31,4.5,6.6,684,468,vi,,
by_domain_language,retail / vi,retail,non_action_assertion_failure,3,0.4,0.6,684,468,vi,,
by_domain_language,retail / vi,retail,dialogue_or_action_loop,17,2.5,3.6,684,468,vi,,
by_domain_language,retail / vi,retail,max_steps_or_dialogue_loop,1,0.1,0.2,684,468,vi,,
by_domain_language,retail / zh,retail,success,129,37.7,,342,213,zh,,
by_domain_language,retail / zh,retail,credential_or_identifier_hallucination,84,24.6,39.4,342,213,zh,,
by_domain_language,retail / zh,retail,tool_error_loop,30,8.8,14.1,342,213,zh,,
by_domain_language,retail / zh,retail,missing_required_write,57,16.7,26.8,342,213,zh,,
by_domain_language,retail / zh,retail,wrong_write_arguments_or_state,19,5.6,8.9,342,213,zh,,
by_domain_language,retail / zh,retail,premature_refusal_or_policy_misread,13,3.8,6.1,342,213,zh,,
by_domain_language,retail / zh,retail,non_action_assertion_failure,4,1.2,1.9,342,213,zh,,
by_domain_language,retail / zh,retail,dialogue_or_action_loop,4,1.2,1.9,342,213,zh,,
by_domain_language,retail / zh,retail,wrong_read_arguments,2,0.6,0.9,342,213,zh,,
by_domain_language,telecom / id,telecom,success,170,49.7,,342,172,id,,
by_domain_language,telecom / id,telecom,credential_or_identifier_hallucination,50,14.6,29.1,342,172,id,,
by_domain_language,telecom / id,telecom,tool_error_loop,8,2.3,4.7,342,172,id,,
by_domain_language,telecom / id,telecom,missing_required_write,17,5.0,9.9,342,172,id,,
by_domain_language,telecom / id,telecom,wrong_write_arguments_or_state,5,1.5,2.9,342,172,id,,
by_domain_language,telecom / id,telecom,missing_user_device_instruction,91,26.6,52.9,342,172,id,,
by_domain_language,telecom / id,telecom,non_action_assertion_failure,1,0.3,0.6,342,172,id,,
by_domain_agent,airline / azure/kimi-k2.5,airline,success,31,20.7,,150,119,,azure/kimi-k2.5,
by_domain_agent,airline / azure/kimi-k2.5,airline,tool_error_loop,4,2.7,3.4,150,119,,azure/kimi-k2.5,
by_domain_agent,airline / azure/kimi-k2.5,airline,missing_required_write,80,53.3,67.2,150,119,,azure/kimi-k2.5,
by_domain_agent,airline / azure/kimi-k2.5,airline,dialogue_or_action_loop,20,13.3,16.8,150,119,,azure/kimi-k2.5,
by_domain_agent,airline / azure/kimi-k2.5,airline,language_drift,11,7.3,9.2,150,119,,azure/kimi-k2.5,
by_domain_agent,airline / azure/kimi-k2.5,airline,unclassified_failure,4,2.7,3.4,150,119,,azure/kimi-k2.5,
by_domain_agent,retail / Qwen3-235B-A22B-Instruct-2507-FP8,retail,success,6,1.8,,342,336,,Qwen3-235B-A22B-Instruct-2507-FP8,
by_domain_agent,retail / Qwen3-235B-A22B-Instruct-2507-FP8,retail,credential_or_identifier_hallucination,38,11.1,11.3,342,336,,Qwen3-235B-A22B-Instruct-2507-FP8,
by_domain_agent,retail / Qwen3-235B-A22B-Instruct-2507-FP8,retail,tool_error_loop,186,54.4,55.4,342,336,,Qwen3-235B-A22B-Instruct-2507-FP8,
by_domain_agent,retail / Qwen3-235B-A22B-Instruct-2507-FP8,retail,missing_required_write,94,27.5,28.0,342,336,,Qwen3-235B-A22B-Instruct-2507-FP8,
by_domain_agent,retail / Qwen3-235B-A22B-Instruct-2507-FP8,retail,wrong_write_arguments_or_state,3,0.9,0.9,342,336,,Qwen3-235B-A22B-Instruct-2507-FP8,
by_domain_agent,retail / Qwen3-235B-A22B-Instruct-2507-FP8,retail,non_action_assertion_failure,1,0.3,0.3,342,336,,Qwen3-235B-A22B-Instruct-2507-FP8,
by_domain_agent,retail / Qwen3-235B-A22B-Instruct-2507-FP8,retail,dialogue_or_action_loop,3,0.9,0.9,342,336,,Qwen3-235B-A22B-Instruct-2507-FP8,
by_domain_agent,retail / Qwen3-235B-A22B-Instruct-2507-FP8,retail,max_steps_or_dialogue_loop,11,3.2,3.3,342,336,,Qwen3-235B-A22B-Instruct-2507-FP8,
by_domain_agent,retail / azure/gpt-5-mini,retail,success,278,40.6,,684,406,,azure/gpt-5-mini,
by_domain_agent,retail / azure/gpt-5-mini,retail,tool_error_loop,54,7.9,13.3,684,406,,azure/gpt-5-mini,
by_domain_agent,retail / azure/gpt-5-mini,retail,missing_required_write,121,17.7,29.8,684,406,,azure/gpt-5-mini,
by_domain_agent,retail / azure/gpt-5-mini,retail,wrong_write_arguments_or_state,97,14.2,23.9,684,406,,azure/gpt-5-mini,
by_domain_agent,retail / azure/gpt-5-mini,retail,premature_refusal_or_policy_misread,68,9.9,16.7,684,406,,azure/gpt-5-mini,
by_domain_agent,retail / azure/gpt-5-mini,retail,translated_identifier_lookup_failure,49,7.2,12.1,684,406,,azure/gpt-5-mini,
by_domain_agent,retail / azure/gpt-5-mini,retail,non_action_assertion_failure,16,2.3,3.9,684,406,,azure/gpt-5-mini,
by_domain_agent,retail / azure/gpt-5-mini,retail,wrong_read_arguments,1,0.1,0.2,684,406,,azure/gpt-5-mini,
by_domain_agent,retail / azure/kimi-k2.5,retail,success,346,25.3,,1368,990,,azure/kimi-k2.5,
by_domain_agent,retail / azure/kimi-k2.5,retail,non_agent_infrastructure,32,2.3,,1368,990,,azure/kimi-k2.5,
by_domain_agent,retail / azure/kimi-k2.5,retail,credential_or_identifier_hallucination,88,6.4,8.9,1368,990,,azure/kimi-k2.5,
by_domain_agent,retail / azure/kimi-k2.5,retail,tool_error_loop,84,6.1,8.5,1368,990,,azure/kimi-k2.5,
by_domain_agent,retail / azure/kimi-k2.5,retail,missing_required_write,631,46.1,63.7,1368,990,,azure/kimi-k2.5,
by_domain_agent,retail / azure/kimi-k2.5,retail,wrong_write_arguments_or_state,50,3.7,5.1,1368,990,,azure/kimi-k2.5,
by_domain_agent,retail / azure/kimi-k2.5,retail,premature_refusal_or_policy_misread,76,5.6,7.7,1368,990,,azure/kimi-k2.5,
by_domain_agent,retail / azure/kimi-k2.5,retail,translated_identifier_lookup_failure,21,1.5,2.1,1368,990,,azure/kimi-k2.5,
by_domain_agent,retail / azure/kimi-k2.5,retail,non_action_assertion_failure,8,0.6,0.8,1368,990,,azure/kimi-k2.5,
by_domain_agent,retail / azure/kimi-k2.5,retail,dialogue_or_action_loop,18,1.3,1.8,1368,990,,azure/kimi-k2.5,
by_domain_agent,retail / azure/kimi-k2.5,retail,wrong_read_arguments,2,0.1,0.2,1368,990,,azure/kimi-k2.5,
by_domain_agent,retail / azure/kimi-k2.5,retail,max_steps_or_dialogue_loop,1,0.1,0.1,1368,990,,azure/kimi-k2.5,
by_domain_agent,retail / azure/kimi-k2.5,retail,language_drift,7,0.5,0.7,1368,990,,azure/kimi-k2.5,
by_domain_agent,retail / azure/kimi-k2.5,retail,unclassified_failure,4,0.3,0.4,1368,990,,azure/kimi-k2.5,
by_domain_agent,retail / openrouter/qwen/qwen3.6-35b-a3b,retail,success,318,23.2,,1368,1032,,openrouter/qwen/qwen3.6-35b-a3b,
by_domain_agent,retail / openrouter/qwen/qwen3.6-35b-a3b,retail,non_agent_infrastructure,18,1.3,,1368,1032,,openrouter/qwen/qwen3.6-35b-a3b,
by_domain_agent,retail / openrouter/qwen/qwen3.6-35b-a3b,retail,credential_or_identifier_hallucination,436,31.9,42.2,1368,1032,,openrouter/qwen/qwen3.6-35b-a3b,
by_domain_agent,retail / openrouter/qwen/qwen3.6-35b-a3b,retail,tool_error_loop,219,16.0,21.2,1368,1032,,openrouter/qwen/qwen3.6-35b-a3b,
by_domain_agent,retail / openrouter/qwen/qwen3.6-35b-a3b,retail,missing_required_write,242,17.7,23.4,1368,1032,,openrouter/qwen/qwen3.6-35b-a3b,
by_domain_agent,retail / openrouter/qwen/qwen3.6-35b-a3b,retail,wrong_write_arguments_or_state,53,3.9,5.1,1368,1032,,openrouter/qwen/qwen3.6-35b-a3b,
by_domain_agent,retail / openrouter/qwen/qwen3.6-35b-a3b,retail,premature_refusal_or_policy_misread,34,2.5,3.3,1368,1032,,openrouter/qwen/qwen3.6-35b-a3b,
by_domain_agent,retail / openrouter/qwen/qwen3.6-35b-a3b,retail,non_action_assertion_failure,5,0.4,0.5,1368,1032,,openrouter/qwen/qwen3.6-35b-a3b,
by_domain_agent,retail / openrouter/qwen/qwen3.6-35b-a3b,retail,dialogue_or_action_loop,38,2.8,3.7,1368,1032,,openrouter/qwen/qwen3.6-35b-a3b,
by_domain_agent,retail / openrouter/qwen/qwen3.6-35b-a3b,retail,wrong_read_arguments,4,0.3,0.4,1368,1032,,openrouter/qwen/qwen3.6-35b-a3b,
by_domain_agent,retail / openrouter/qwen/qwen3.6-35b-a3b,retail,max_steps_or_dialogue_loop,1,0.1,0.1,1368,1032,,openrouter/qwen/qwen3.6-35b-a3b,
by_domain_agent,telecom / azure/gpt-5-mini,telecom,success,170,49.7,,342,172,,azure/gpt-5-mini,
by_domain_agent,telecom / azure/gpt-5-mini,telecom,credential_or_identifier_hallucination,50,14.6,29.1,342,172,,azure/gpt-5-mini,
by_domain_agent,telecom / azure/gpt-5-mini,telecom,tool_error_loop,8,2.3,4.7,342,172,,azure/gpt-5-mini,
by_domain_agent,telecom / azure/gpt-5-mini,telecom,missing_required_write,17,5.0,9.9,342,172,,azure/gpt-5-mini,
by_domain_agent,telecom / azure/gpt-5-mini,telecom,wrong_write_arguments_or_state,5,1.5,2.9,342,172,,azure/gpt-5-mini,
by_domain_agent,telecom / azure/gpt-5-mini,telecom,missing_user_device_instruction,91,26.6,52.9,342,172,,azure/gpt-5-mini,
by_domain_agent,telecom / azure/gpt-5-mini,telecom,non_action_assertion_failure,1,0.3,0.6,342,172,,azure/gpt-5-mini,
by_language_agent,id / Qwen3-235B-A22B-Instruct-2507-FP8,,success,6,1.8,,342,336,id,Qwen3-235B-A22B-Instruct-2507-FP8,
by_language_agent,id / Qwen3-235B-A22B-Instruct-2507-FP8,,credential_or_identifier_hallucination,38,11.1,11.3,342,336,id,Qwen3-235B-A22B-Instruct-2507-FP8,
by_language_agent,id / Qwen3-235B-A22B-Instruct-2507-FP8,,tool_error_loop,186,54.4,55.4,342,336,id,Qwen3-235B-A22B-Instruct-2507-FP8,
by_language_agent,id / Qwen3-235B-A22B-Instruct-2507-FP8,,missing_required_write,94,27.5,28.0,342,336,id,Qwen3-235B-A22B-Instruct-2507-FP8,
by_language_agent,id / Qwen3-235B-A22B-Instruct-2507-FP8,,wrong_write_arguments_or_state,3,0.9,0.9,342,336,id,Qwen3-235B-A22B-Instruct-2507-FP8,
by_language_agent,id / Qwen3-235B-A22B-Instruct-2507-FP8,,non_action_assertion_failure,1,0.3,0.3,342,336,id,Qwen3-235B-A22B-Instruct-2507-FP8,
by_language_agent,id / Qwen3-235B-A22B-Instruct-2507-FP8,,dialogue_or_action_loop,3,0.9,0.9,342,336,id,Qwen3-235B-A22B-Instruct-2507-FP8,
by_language_agent,id / Qwen3-235B-A22B-Instruct-2507-FP8,,max_steps_or_dialogue_loop,11,3.2,3.3,342,336,id,Qwen3-235B-A22B-Instruct-2507-FP8,
by_language_agent,id / azure/gpt-5-mini,,success,170,49.7,,342,172,id,azure/gpt-5-mini,
by_language_agent,id / azure/gpt-5-mini,,credential_or_identifier_hallucination,50,14.6,29.1,342,172,id,azure/gpt-5-mini,
by_language_agent,id / azure/gpt-5-mini,,tool_error_loop,8,2.3,4.7,342,172,id,azure/gpt-5-mini,
by_language_agent,id / azure/gpt-5-mini,,missing_required_write,17,5.0,9.9,342,172,id,azure/gpt-5-mini,
by_language_agent,id / azure/gpt-5-mini,,wrong_write_arguments_or_state,5,1.5,2.9,342,172,id,azure/gpt-5-mini,
by_language_agent,id / azure/gpt-5-mini,,missing_user_device_instruction,91,26.6,52.9,342,172,id,azure/gpt-5-mini,
by_language_agent,id / azure/gpt-5-mini,,non_action_assertion_failure,1,0.3,0.6,342,172,id,azure/gpt-5-mini,
by_language_agent,id / azure/kimi-k2.5,,success,38,11.1,,342,304,id,azure/kimi-k2.5,
by_language_agent,id / azure/kimi-k2.5,,credential_or_identifier_hallucination,66,19.3,21.7,342,304,id,azure/kimi-k2.5,
by_language_agent,id / azure/kimi-k2.5,,tool_error_loop,42,12.3,13.8,342,304,id,azure/kimi-k2.5,
by_language_agent,id / azure/kimi-k2.5,,missing_required_write,175,51.2,57.6,342,304,id,azure/kimi-k2.5,
by_language_agent,id / azure/kimi-k2.5,,wrong_write_arguments_or_state,5,1.5,1.6,342,304,id,azure/kimi-k2.5,
by_language_agent,id / azure/kimi-k2.5,,premature_refusal_or_policy_misread,5,1.5,1.6,342,304,id,azure/kimi-k2.5,
by_language_agent,id / azure/kimi-k2.5,,dialogue_or_action_loop,9,2.6,3.0,342,304,id,azure/kimi-k2.5,
by_language_agent,id / azure/kimi-k2.5,,wrong_read_arguments,1,0.3,0.3,342,304,id,azure/kimi-k2.5,
by_language_agent,id / azure/kimi-k2.5,,max_steps_or_dialogue_loop,1,0.3,0.3,342,304,id,azure/kimi-k2.5,
by_language_agent,id / openrouter/qwen/qwen3.6-35b-a3b,,success,189,55.3,,342,153,id,openrouter/qwen/qwen3.6-35b-a3b,
by_language_agent,id / openrouter/qwen/qwen3.6-35b-a3b,,tool_error_loop,34,9.9,22.2,342,153,id,openrouter/qwen/qwen3.6-35b-a3b,
by_language_agent,id / openrouter/qwen/qwen3.6-35b-a3b,,missing_required_write,61,17.8,39.9,342,153,id,openrouter/qwen/qwen3.6-35b-a3b,
by_language_agent,id / openrouter/qwen/qwen3.6-35b-a3b,,wrong_write_arguments_or_state,34,9.9,22.2,342,153,id,openrouter/qwen/qwen3.6-35b-a3b,
by_language_agent,id / openrouter/qwen/qwen3.6-35b-a3b,,premature_refusal_or_policy_misread,21,6.1,13.7,342,153,id,openrouter/qwen/qwen3.6-35b-a3b,
by_language_agent,id / openrouter/qwen/qwen3.6-35b-a3b,,non_action_assertion_failure,1,0.3,0.7,342,153,id,openrouter/qwen/qwen3.6-35b-a3b,
by_language_agent,id / openrouter/qwen/qwen3.6-35b-a3b,,wrong_read_arguments,2,0.6,1.3,342,153,id,openrouter/qwen/qwen3.6-35b-a3b,
by_language_agent,th / azure/gpt-5-mini,,success,111,32.5,,342,231,th,azure/gpt-5-mini,
by_language_agent,th / azure/gpt-5-mini,,tool_error_loop,21,6.1,9.1,342,231,th,azure/gpt-5-mini,
by_language_agent,th / azure/gpt-5-mini,,missing_required_write,55,16.1,23.8,342,231,th,azure/gpt-5-mini,
by_language_agent,th / azure/gpt-5-mini,,wrong_write_arguments_or_state,40,11.7,17.3,342,231,th,azure/gpt-5-mini,
by_language_agent,th / azure/gpt-5-mini,,premature_refusal_or_policy_misread,61,17.8,26.4,342,231,th,azure/gpt-5-mini,
by_language_agent,th / azure/gpt-5-mini,,translated_identifier_lookup_failure,49,14.3,21.2,342,231,th,azure/gpt-5-mini,
by_language_agent,th / azure/gpt-5-mini,,non_action_assertion_failure,5,1.5,2.2,342,231,th,azure/gpt-5-mini,
by_language_agent,th / azure/kimi-k2.5,,success,124,36.3,,342,218,th,azure/kimi-k2.5,
by_language_agent,th / azure/kimi-k2.5,,credential_or_identifier_hallucination,2,0.6,0.9,342,218,th,azure/kimi-k2.5,
by_language_agent,th / azure/kimi-k2.5,,tool_error_loop,7,2.0,3.2,342,218,th,azure/kimi-k2.5,
by_language_agent,th / azure/kimi-k2.5,,missing_required_write,120,35.1,55.0,342,218,th,azure/kimi-k2.5,
by_language_agent,th / azure/kimi-k2.5,,wrong_write_arguments_or_state,19,5.6,8.7,342,218,th,azure/kimi-k2.5,
by_language_agent,th / azure/kimi-k2.5,,premature_refusal_or_policy_misread,40,11.7,18.3,342,218,th,azure/kimi-k2.5,
by_language_agent,th / azure/kimi-k2.5,,translated_identifier_lookup_failure,21,6.1,9.6,342,218,th,azure/kimi-k2.5,
by_language_agent,th / azure/kimi-k2.5,,non_action_assertion_failure,5,1.5,2.3,342,218,th,azure/kimi-k2.5,
by_language_agent,th / azure/kimi-k2.5,,dialogue_or_action_loop,3,0.9,1.4,342,218,th,azure/kimi-k2.5,
by_language_agent,th / azure/kimi-k2.5,,wrong_read_arguments,1,0.3,0.5,342,218,th,azure/kimi-k2.5,
by_language_agent,tl / azure/gpt-5-mini,,success,167,48.8,,342,175,tl,azure/gpt-5-mini,
by_language_agent,tl / azure/gpt-5-mini,,tool_error_loop,33,9.6,18.9,342,175,tl,azure/gpt-5-mini,
by_language_agent,tl / azure/gpt-5-mini,,missing_required_write,66,19.3,37.7,342,175,tl,azure/gpt-5-mini,
by_language_agent,tl / azure/gpt-5-mini,,wrong_write_arguments_or_state,57,16.7,32.6,342,175,tl,azure/gpt-5-mini,
by_language_agent,tl / azure/gpt-5-mini,,premature_refusal_or_policy_misread,7,2.0,4.0,342,175,tl,azure/gpt-5-mini,
by_language_agent,tl / azure/gpt-5-mini,,non_action_assertion_failure,11,3.2,6.3,342,175,tl,azure/gpt-5-mini,
by_language_agent,tl / azure/gpt-5-mini,,wrong_read_arguments,1,0.3,0.6,342,175,tl,azure/gpt-5-mini,
by_language_agent,tl / azure/kimi-k2.5,,success,43,8.7,,492,449,tl,azure/kimi-k2.5,
by_language_agent,tl / azure/kimi-k2.5,,credential_or_identifier_hallucination,20,4.1,4.5,492,449,tl,azure/kimi-k2.5,
by_language_agent,tl / azure/kimi-k2.5,,tool_error_loop,25,5.1,5.6,492,449,tl,azure/kimi-k2.5,
by_language_agent,tl / azure/kimi-k2.5,,missing_required_write,352,71.5,78.4,492,449,tl,azure/kimi-k2.5,
by_language_agent,tl / azure/kimi-k2.5,,dialogue_or_action_loop,26,5.3,5.8,492,449,tl,azure/kimi-k2.5,
by_language_agent,tl / azure/kimi-k2.5,,language_drift,18,3.7,4.0,492,449,tl,azure/kimi-k2.5,
by_language_agent,tl / azure/kimi-k2.5,,unclassified_failure,8,1.6,1.8,492,449,tl,azure/kimi-k2.5,
by_language_agent,tl / openrouter/qwen/qwen3.6-35b-a3b,,non_agent_infrastructure,6,1.8,,342,336,tl,openrouter/qwen/qwen3.6-35b-a3b,
by_language_agent,tl / openrouter/qwen/qwen3.6-35b-a3b,,credential_or_identifier_hallucination,213,62.3,63.4,342,336,tl,openrouter/qwen/qwen3.6-35b-a3b,
by_language_agent,tl / openrouter/qwen/qwen3.6-35b-a3b,,tool_error_loop,49,14.3,14.6,342,336,tl,openrouter/qwen/qwen3.6-35b-a3b,
by_language_agent,tl / openrouter/qwen/qwen3.6-35b-a3b,,missing_required_write,57,16.7,17.0,342,336,tl,openrouter/qwen/qwen3.6-35b-a3b,
by_language_agent,tl / openrouter/qwen/qwen3.6-35b-a3b,,dialogue_or_action_loop,17,5.0,5.1,342,336,tl,openrouter/qwen/qwen3.6-35b-a3b,
by_language_agent,vi / azure/kimi-k2.5,,success,172,50.3,,342,138,vi,azure/kimi-k2.5,
by_language_agent,vi / azure/kimi-k2.5,,non_agent_infrastructure,32,9.4,,342,138,vi,azure/kimi-k2.5,
by_language_agent,vi / azure/kimi-k2.5,,tool_error_loop,14,4.1,10.1,342,138,vi,azure/kimi-k2.5,
by_language_agent,vi / azure/kimi-k2.5,,missing_required_write,64,18.7,46.4,342,138,vi,azure/kimi-k2.5,
by_language_agent,vi / azure/kimi-k2.5,,wrong_write_arguments_or_state,26,7.6,18.8,342,138,vi,azure/kimi-k2.5,
by_language_agent,vi / azure/kimi-k2.5,,premature_refusal_or_policy_misread,31,9.1,22.5,342,138,vi,azure/kimi-k2.5,
by_language_agent,vi / azure/kimi-k2.5,,non_action_assertion_failure,3,0.9,2.2,342,138,vi,azure/kimi-k2.5,
by_language_agent,vi / openrouter/qwen/qwen3.6-35b-a3b,,non_agent_infrastructure,12,3.5,,342,330,vi,openrouter/qwen/qwen3.6-35b-a3b,
by_language_agent,vi / openrouter/qwen/qwen3.6-35b-a3b,,credential_or_identifier_hallucination,139,40.6,42.1,342,330,vi,openrouter/qwen/qwen3.6-35b-a3b,
by_language_agent,vi / openrouter/qwen/qwen3.6-35b-a3b,,tool_error_loop,106,31.0,32.1,342,330,vi,openrouter/qwen/qwen3.6-35b-a3b,
by_language_agent,vi / openrouter/qwen/qwen3.6-35b-a3b,,missing_required_write,67,19.6,20.3,342,330,vi,openrouter/qwen/qwen3.6-35b-a3b,
by_language_agent,vi / openrouter/qwen/qwen3.6-35b-a3b,,dialogue_or_action_loop,17,5.0,5.2,342,330,vi,openrouter/qwen/qwen3.6-35b-a3b,
by_language_agent,vi / openrouter/qwen/qwen3.6-35b-a3b,,max_steps_or_dialogue_loop,1,0.3,0.3,342,330,vi,openrouter/qwen/qwen3.6-35b-a3b,
by_language_agent,zh / openrouter/qwen/qwen3.6-35b-a3b,,success,129,37.7,,342,213,zh,openrouter/qwen/qwen3.6-35b-a3b,
by_language_agent,zh / openrouter/qwen/qwen3.6-35b-a3b,,credential_or_identifier_hallucination,84,24.6,39.4,342,213,zh,openrouter/qwen/qwen3.6-35b-a3b,
by_language_agent,zh / openrouter/qwen/qwen3.6-35b-a3b,,tool_error_loop,30,8.8,14.1,342,213,zh,openrouter/qwen/qwen3.6-35b-a3b,
by_language_agent,zh / openrouter/qwen/qwen3.6-35b-a3b,,missing_required_write,57,16.7,26.8,342,213,zh,openrouter/qwen/qwen3.6-35b-a3b,
by_language_agent,zh / openrouter/qwen/qwen3.6-35b-a3b,,wrong_write_arguments_or_state,19,5.6,8.9,342,213,zh,openrouter/qwen/qwen3.6-35b-a3b,
by_language_agent,zh / openrouter/qwen/qwen3.6-35b-a3b,,premature_refusal_or_policy_misread,13,3.8,6.1,342,213,zh,openrouter/qwen/qwen3.6-35b-a3b,
by_language_agent,zh / openrouter/qwen/qwen3.6-35b-a3b,,non_action_assertion_failure,4,1.2,1.9,342,213,zh,openrouter/qwen/qwen3.6-35b-a3b,
by_language_agent,zh / openrouter/qwen/qwen3.6-35b-a3b,,dialogue_or_action_loop,4,1.2,1.9,342,213,zh,openrouter/qwen/qwen3.6-35b-a3b,
by_language_agent,zh / openrouter/qwen/qwen3.6-35b-a3b,,wrong_read_arguments,2,0.6,0.9,342,213,zh,openrouter/qwen/qwen3.6-35b-a3b,
by_domain_language_agent,airline / tl / azure/kimi-k2.5,airline,success,31,20.7,,150,119,tl,azure/kimi-k2.5,
by_domain_language_agent,airline / tl / azure/kimi-k2.5,airline,tool_error_loop,4,2.7,3.4,150,119,tl,azure/kimi-k2.5,
by_domain_language_agent,airline / tl / azure/kimi-k2.5,airline,missing_required_write,80,53.3,67.2,150,119,tl,azure/kimi-k2.5,
by_domain_language_agent,airline / tl / azure/kimi-k2.5,airline,dialogue_or_action_loop,20,13.3,16.8,150,119,tl,azure/kimi-k2.5,
by_domain_language_agent,airline / tl / azure/kimi-k2.5,airline,language_drift,11,7.3,9.2,150,119,tl,azure/kimi-k2.5,
by_domain_language_agent,airline / tl / azure/kimi-k2.5,airline,unclassified_failure,4,2.7,3.4,150,119,tl,azure/kimi-k2.5,
by_domain_language_agent,retail / id / Qwen3-235B-A22B-Instruct-2507-FP8,retail,success,6,1.8,,342,336,id,Qwen3-235B-A22B-Instruct-2507-FP8,
by_domain_language_agent,retail / id / Qwen3-235B-A22B-Instruct-2507-FP8,retail,credential_or_identifier_hallucination,38,11.1,11.3,342,336,id,Qwen3-235B-A22B-Instruct-2507-FP8,
by_domain_language_agent,retail / id / Qwen3-235B-A22B-Instruct-2507-FP8,retail,tool_error_loop,186,54.4,55.4,342,336,id,Qwen3-235B-A22B-Instruct-2507-FP8,
by_domain_language_agent,retail / id / Qwen3-235B-A22B-Instruct-2507-FP8,retail,missing_required_write,94,27.5,28.0,342,336,id,Qwen3-235B-A22B-Instruct-2507-FP8,
by_domain_language_agent,retail / id / Qwen3-235B-A22B-Instruct-2507-FP8,retail,wrong_write_arguments_or_state,3,0.9,0.9,342,336,id,Qwen3-235B-A22B-Instruct-2507-FP8,
by_domain_language_agent,retail / id / Qwen3-235B-A22B-Instruct-2507-FP8,retail,non_action_assertion_failure,1,0.3,0.3,342,336,id,Qwen3-235B-A22B-Instruct-2507-FP8,
by_domain_language_agent,retail / id / Qwen3-235B-A22B-Instruct-2507-FP8,retail,dialogue_or_action_loop,3,0.9,0.9,342,336,id,Qwen3-235B-A22B-Instruct-2507-FP8,
by_domain_language_agent,retail / id / Qwen3-235B-A22B-Instruct-2507-FP8,retail,max_steps_or_dialogue_loop,11,3.2,3.3,342,336,id,Qwen3-235B-A22B-Instruct-2507-FP8,
by_domain_language_agent,retail / id / azure/kimi-k2.5,retail,success,38,11.1,,342,304,id,azure/kimi-k2.5,
by_domain_language_agent,retail / id / azure/kimi-k2.5,retail,credential_or_identifier_hallucination,66,19.3,21.7,342,304,id,azure/kimi-k2.5,
by_domain_language_agent,retail / id / azure/kimi-k2.5,retail,tool_error_loop,42,12.3,13.8,342,304,id,azure/kimi-k2.5,
by_domain_language_agent,retail / id / azure/kimi-k2.5,retail,missing_required_write,175,51.2,57.6,342,304,id,azure/kimi-k2.5,
by_domain_language_agent,retail / id / azure/kimi-k2.5,retail,wrong_write_arguments_or_state,5,1.5,1.6,342,304,id,azure/kimi-k2.5,
by_domain_language_agent,retail / id / azure/kimi-k2.5,retail,premature_refusal_or_policy_misread,5,1.5,1.6,342,304,id,azure/kimi-k2.5,
by_domain_language_agent,retail / id / azure/kimi-k2.5,retail,dialogue_or_action_loop,9,2.6,3.0,342,304,id,azure/kimi-k2.5,
by_domain_language_agent,retail / id / azure/kimi-k2.5,retail,wrong_read_arguments,1,0.3,0.3,342,304,id,azure/kimi-k2.5,
by_domain_language_agent,retail / id / azure/kimi-k2.5,retail,max_steps_or_dialogue_loop,1,0.3,0.3,342,304,id,azure/kimi-k2.5,
by_domain_language_agent,retail / id / openrouter/qwen/qwen3.6-35b-a3b,retail,success,189,55.3,,342,153,id,openrouter/qwen/qwen3.6-35b-a3b,
by_domain_language_agent,retail / id / openrouter/qwen/qwen3.6-35b-a3b,retail,tool_error_loop,34,9.9,22.2,342,153,id,openrouter/qwen/qwen3.6-35b-a3b,
by_domain_language_agent,retail / id / openrouter/qwen/qwen3.6-35b-a3b,retail,missing_required_write,61,17.8,39.9,342,153,id,openrouter/qwen/qwen3.6-35b-a3b,
by_domain_language_agent,retail / id / openrouter/qwen/qwen3.6-35b-a3b,retail,wrong_write_arguments_or_state,34,9.9,22.2,342,153,id,openrouter/qwen/qwen3.6-35b-a3b,
by_domain_language_agent,retail / id / openrouter/qwen/qwen3.6-35b-a3b,retail,premature_refusal_or_policy_misread,21,6.1,13.7,342,153,id,openrouter/qwen/qwen3.6-35b-a3b,
by_domain_language_agent,retail / id / openrouter/qwen/qwen3.6-35b-a3b,retail,non_action_assertion_failure,1,0.3,0.7,342,153,id,openrouter/qwen/qwen3.6-35b-a3b,
by_domain_language_agent,retail / id / openrouter/qwen/qwen3.6-35b-a3b,retail,wrong_read_arguments,2,0.6,1.3,342,153,id,openrouter/qwen/qwen3.6-35b-a3b,
by_domain_language_agent,retail / th / azure/gpt-5-mini,retail,success,111,32.5,,342,231,th,azure/gpt-5-mini,
by_domain_language_agent,retail / th / azure/gpt-5-mini,retail,tool_error_loop,21,6.1,9.1,342,231,th,azure/gpt-5-mini,
by_domain_language_agent,retail / th / azure/gpt-5-mini,retail,missing_required_write,55,16.1,23.8,342,231,th,azure/gpt-5-mini,
by_domain_language_agent,retail / th / azure/gpt-5-mini,retail,wrong_write_arguments_or_state,40,11.7,17.3,342,231,th,azure/gpt-5-mini,
by_domain_language_agent,retail / th / azure/gpt-5-mini,retail,premature_refusal_or_policy_misread,61,17.8,26.4,342,231,th,azure/gpt-5-mini,
by_domain_language_agent,retail / th / azure/gpt-5-mini,retail,translated_identifier_lookup_failure,49,14.3,21.2,342,231,th,azure/gpt-5-mini,
by_domain_language_agent,retail / th / azure/gpt-5-mini,retail,non_action_assertion_failure,5,1.5,2.2,342,231,th,azure/gpt-5-mini,
by_domain_language_agent,retail / th / azure/kimi-k2.5,retail,success,124,36.3,,342,218,th,azure/kimi-k2.5,
by_domain_language_agent,retail / th / azure/kimi-k2.5,retail,credential_or_identifier_hallucination,2,0.6,0.9,342,218,th,azure/kimi-k2.5,
by_domain_language_agent,retail / th / azure/kimi-k2.5,retail,tool_error_loop,7,2.0,3.2,342,218,th,azure/kimi-k2.5,
by_domain_language_agent,retail / th / azure/kimi-k2.5,retail,missing_required_write,120,35.1,55.0,342,218,th,azure/kimi-k2.5,
by_domain_language_agent,retail / th / azure/kimi-k2.5,retail,wrong_write_arguments_or_state,19,5.6,8.7,342,218,th,azure/kimi-k2.5,
by_domain_language_agent,retail / th / azure/kimi-k2.5,retail,premature_refusal_or_policy_misread,40,11.7,18.3,342,218,th,azure/kimi-k2.5,
by_domain_language_agent,retail / th / azure/kimi-k2.5,retail,translated_identifier_lookup_failure,21,6.1,9.6,342,218,th,azure/kimi-k2.5,
by_domain_language_agent,retail / th / azure/kimi-k2.5,retail,non_action_assertion_failure,5,1.5,2.3,342,218,th,azure/kimi-k2.5,
by_domain_language_agent,retail / th / azure/kimi-k2.5,retail,dialogue_or_action_loop,3,0.9,1.4,342,218,th,azure/kimi-k2.5,
by_domain_language_agent,retail / th / azure/kimi-k2.5,retail,wrong_read_arguments,1,0.3,0.5,342,218,th,azure/kimi-k2.5,
by_domain_language_agent,retail / tl / azure/gpt-5-mini,retail,success,167,48.8,,342,175,tl,azure/gpt-5-mini,
by_domain_language_agent,retail / tl / azure/gpt-5-mini,retail,tool_error_loop,33,9.6,18.9,342,175,tl,azure/gpt-5-mini,
by_domain_language_agent,retail / tl / azure/gpt-5-mini,retail,missing_required_write,66,19.3,37.7,342,175,tl,azure/gpt-5-mini,
by_domain_language_agent,retail / tl / azure/gpt-5-mini,retail,wrong_write_arguments_or_state,57,16.7,32.6,342,175,tl,azure/gpt-5-mini,
by_domain_language_agent,retail / tl / azure/gpt-5-mini,retail,premature_refusal_or_policy_misread,7,2.0,4.0,342,175,tl,azure/gpt-5-mini,
by_domain_language_agent,retail / tl / azure/gpt-5-mini,retail,non_action_assertion_failure,11,3.2,6.3,342,175,tl,azure/gpt-5-mini,
by_domain_language_agent,retail / tl / azure/gpt-5-mini,retail,wrong_read_arguments,1,0.3,0.6,342,175,tl,azure/gpt-5-mini,
by_domain_language_agent,retail / tl / azure/kimi-k2.5,retail,success,12,3.5,,342,330,tl,azure/kimi-k2.5,
by_domain_language_agent,retail / tl / azure/kimi-k2.5,retail,credential_or_identifier_hallucination,20,5.8,6.1,342,330,tl,azure/kimi-k2.5,
by_domain_language_agent,retail / tl / azure/kimi-k2.5,retail,tool_error_loop,21,6.1,6.4,342,330,tl,azure/kimi-k2.5,
by_domain_language_agent,retail / tl / azure/kimi-k2.5,retail,missing_required_write,272,79.5,82.4,342,330,tl,azure/kimi-k2.5,
by_domain_language_agent,retail / tl / azure/kimi-k2.5,retail,dialogue_or_action_loop,6,1.8,1.8,342,330,tl,azure/kimi-k2.5,
by_domain_language_agent,retail / tl / azure/kimi-k2.5,retail,language_drift,7,2.0,2.1,342,330,tl,azure/kimi-k2.5,
by_domain_language_agent,retail / tl / azure/kimi-k2.5,retail,unclassified_failure,4,1.2,1.2,342,330,tl,azure/kimi-k2.5,
by_domain_language_agent,retail / tl / openrouter/qwen/qwen3.6-35b-a3b,retail,non_agent_infrastructure,6,1.8,,342,336,tl,openrouter/qwen/qwen3.6-35b-a3b,
by_domain_language_agent,retail / tl / openrouter/qwen/qwen3.6-35b-a3b,retail,credential_or_identifier_hallucination,213,62.3,63.4,342,336,tl,openrouter/qwen/qwen3.6-35b-a3b,
by_domain_language_agent,retail / tl / openrouter/qwen/qwen3.6-35b-a3b,retail,tool_error_loop,49,14.3,14.6,342,336,tl,openrouter/qwen/qwen3.6-35b-a3b,
by_domain_language_agent,retail / tl / openrouter/qwen/qwen3.6-35b-a3b,retail,missing_required_write,57,16.7,17.0,342,336,tl,openrouter/qwen/qwen3.6-35b-a3b,
by_domain_language_agent,retail / tl / openrouter/qwen/qwen3.6-35b-a3b,retail,dialogue_or_action_loop,17,5.0,5.1,342,336,tl,openrouter/qwen/qwen3.6-35b-a3b,
by_domain_language_agent,retail / vi / azure/kimi-k2.5,retail,success,172,50.3,,342,138,vi,azure/kimi-k2.5,
by_domain_language_agent,retail / vi / azure/kimi-k2.5,retail,non_agent_infrastructure,32,9.4,,342,138,vi,azure/kimi-k2.5,
by_domain_language_agent,retail / vi / azure/kimi-k2.5,retail,tool_error_loop,14,4.1,10.1,342,138,vi,azure/kimi-k2.5,
by_domain_language_agent,retail / vi / azure/kimi-k2.5,retail,missing_required_write,64,18.7,46.4,342,138,vi,azure/kimi-k2.5,
by_domain_language_agent,retail / vi / azure/kimi-k2.5,retail,wrong_write_arguments_or_state,26,7.6,18.8,342,138,vi,azure/kimi-k2.5,
by_domain_language_agent,retail / vi / azure/kimi-k2.5,retail,premature_refusal_or_policy_misread,31,9.1,22.5,342,138,vi,azure/kimi-k2.5,
by_domain_language_agent,retail / vi / azure/kimi-k2.5,retail,non_action_assertion_failure,3,0.9,2.2,342,138,vi,azure/kimi-k2.5,
by_domain_language_agent,retail / vi / openrouter/qwen/qwen3.6-35b-a3b,retail,non_agent_infrastructure,12,3.5,,342,330,vi,openrouter/qwen/qwen3.6-35b-a3b,
by_domain_language_agent,retail / vi / openrouter/qwen/qwen3.6-35b-a3b,retail,credential_or_identifier_hallucination,139,40.6,42.1,342,330,vi,openrouter/qwen/qwen3.6-35b-a3b,
by_domain_language_agent,retail / vi / openrouter/qwen/qwen3.6-35b-a3b,retail,tool_error_loop,106,31.0,32.1,342,330,vi,openrouter/qwen/qwen3.6-35b-a3b,
by_domain_language_agent,retail / vi / openrouter/qwen/qwen3.6-35b-a3b,retail,missing_required_write,67,19.6,20.3,342,330,vi,openrouter/qwen/qwen3.6-35b-a3b,
by_domain_language_agent,retail / vi / openrouter/qwen/qwen3.6-35b-a3b,retail,dialogue_or_action_loop,17,5.0,5.2,342,330,vi,openrouter/qwen/qwen3.6-35b-a3b,
by_domain_language_agent,retail / vi / openrouter/qwen/qwen3.6-35b-a3b,retail,max_steps_or_dialogue_loop,1,0.3,0.3,342,330,vi,openrouter/qwen/qwen3.6-35b-a3b,
by_domain_language_agent,retail / zh / openrouter/qwen/qwen3.6-35b-a3b,retail,success,129,37.7,,342,213,zh,openrouter/qwen/qwen3.6-35b-a3b,
by_domain_language_agent,retail / zh / openrouter/qwen/qwen3.6-35b-a3b,retail,credential_or_identifier_hallucination,84,24.6,39.4,342,213,zh,openrouter/qwen/qwen3.6-35b-a3b,
by_domain_language_agent,retail / zh / openrouter/qwen/qwen3.6-35b-a3b,retail,tool_error_loop,30,8.8,14.1,342,213,zh,openrouter/qwen/qwen3.6-35b-a3b,
by_domain_language_agent,retail / zh / openrouter/qwen/qwen3.6-35b-a3b,retail,missing_required_write,57,16.7,26.8,342,213,zh,openrouter/qwen/qwen3.6-35b-a3b,
by_domain_language_agent,retail / zh / openrouter/qwen/qwen3.6-35b-a3b,retail,wrong_write_arguments_or_state,19,5.6,8.9,342,213,zh,openrouter/qwen/qwen3.6-35b-a3b,
by_domain_language_agent,retail / zh / openrouter/qwen/qwen3.6-35b-a3b,retail,premature_refusal_or_policy_misread,13,3.8,6.1,342,213,zh,openrouter/qwen/qwen3.6-35b-a3b,
by_domain_language_agent,retail / zh / openrouter/qwen/qwen3.6-35b-a3b,retail,non_action_assertion_failure,4,1.2,1.9,342,213,zh,openrouter/qwen/qwen3.6-35b-a3b,
by_domain_language_agent,retail / zh / openrouter/qwen/qwen3.6-35b-a3b,retail,dialogue_or_action_loop,4,1.2,1.9,342,213,zh,openrouter/qwen/qwen3.6-35b-a3b,
by_domain_language_agent,retail / zh / openrouter/qwen/qwen3.6-35b-a3b,retail,wrong_read_arguments,2,0.6,0.9,342,213,zh,openrouter/qwen/qwen3.6-35b-a3b,
by_domain_language_agent,telecom / id / azure/gpt-5-mini,telecom,success,170,49.7,,342,172,id,azure/gpt-5-mini,
by_domain_language_agent,telecom / id / azure/gpt-5-mini,telecom,credential_or_identifier_hallucination,50,14.6,29.1,342,172,id,azure/gpt-5-mini,
by_domain_language_agent,telecom / id / azure/gpt-5-mini,telecom,tool_error_loop,8,2.3,4.7,342,172,id,azure/gpt-5-mini,
by_domain_language_agent,telecom / id / azure/gpt-5-mini,telecom,missing_required_write,17,5.0,9.9,342,172,id,azure/gpt-5-mini,
by_domain_language_agent,telecom / id / azure/gpt-5-mini,telecom,wrong_write_arguments_or_state,5,1.5,2.9,342,172,id,azure/gpt-5-mini,
by_domain_language_agent,telecom / id / azure/gpt-5-mini,telecom,missing_user_device_instruction,91,26.6,52.9,342,172,id,azure/gpt-5-mini,
by_domain_language_agent,telecom / id / azure/gpt-5-mini,telecom,non_action_assertion_failure,1,0.3,0.6,342,172,id,azure/gpt-5-mini,
by_run,2026-05-16-14-01-15_retail_id_kimi-k2.5_Qwen3-235B-A22B-Instruct-2507-FP8,,success,38,11.1,,342,304,,,2026-05-16-14-01-15_retail_id_kimi-k2.5_Qwen3-235B-A22B-Instruct-2507-FP8
by_run,2026-05-16-14-01-15_retail_id_kimi-k2.5_Qwen3-235B-A22B-Instruct-2507-FP8,,credential_or_identifier_hallucination,66,19.3,21.7,342,304,,,2026-05-16-14-01-15_retail_id_kimi-k2.5_Qwen3-235B-A22B-Instruct-2507-FP8
by_run,2026-05-16-14-01-15_retail_id_kimi-k2.5_Qwen3-235B-A22B-Instruct-2507-FP8,,tool_error_loop,42,12.3,13.8,342,304,,,2026-05-16-14-01-15_retail_id_kimi-k2.5_Qwen3-235B-A22B-Instruct-2507-FP8
by_run,2026-05-16-14-01-15_retail_id_kimi-k2.5_Qwen3-235B-A22B-Instruct-2507-FP8,,missing_required_write,175,51.2,57.6,342,304,,,2026-05-16-14-01-15_retail_id_kimi-k2.5_Qwen3-235B-A22B-Instruct-2507-FP8
by_run,2026-05-16-14-01-15_retail_id_kimi-k2.5_Qwen3-235B-A22B-Instruct-2507-FP8,,wrong_write_arguments_or_state,5,1.5,1.6,342,304,,,2026-05-16-14-01-15_retail_id_kimi-k2.5_Qwen3-235B-A22B-Instruct-2507-FP8
by_run,2026-05-16-14-01-15_retail_id_kimi-k2.5_Qwen3-235B-A22B-Instruct-2507-FP8,,premature_refusal_or_policy_misread,5,1.5,1.6,342,304,,,2026-05-16-14-01-15_retail_id_kimi-k2.5_Qwen3-235B-A22B-Instruct-2507-FP8
by_run,2026-05-16-14-01-15_retail_id_kimi-k2.5_Qwen3-235B-A22B-Instruct-2507-FP8,,dialogue_or_action_loop,9,2.6,3.0,342,304,,,2026-05-16-14-01-15_retail_id_kimi-k2.5_Qwen3-235B-A22B-Instruct-2507-FP8
by_run,2026-05-16-14-01-15_retail_id_kimi-k2.5_Qwen3-235B-A22B-Instruct-2507-FP8,,wrong_read_arguments,1,0.3,0.3,342,304,,,2026-05-16-14-01-15_retail_id_kimi-k2.5_Qwen3-235B-A22B-Instruct-2507-FP8
by_run,2026-05-16-14-01-15_retail_id_kimi-k2.5_Qwen3-235B-A22B-Instruct-2507-FP8,,max_steps_or_dialogue_loop,1,0.3,0.3,342,304,,,2026-05-16-14-01-15_retail_id_kimi-k2.5_Qwen3-235B-A22B-Instruct-2507-FP8
by_run,2026-05-16-18-39-31_retail_th_kimi-k2.5_Qwen3-235B-A22B-Instruct-2507-FP8,,success,124,36.3,,342,218,,,2026-05-16-18-39-31_retail_th_kimi-k2.5_Qwen3-235B-A22B-Instruct-2507-FP8
by_run,2026-05-16-18-39-31_retail_th_kimi-k2.5_Qwen3-235B-A22B-Instruct-2507-FP8,,credential_or_identifier_hallucination,2,0.6,0.9,342,218,,,2026-05-16-18-39-31_retail_th_kimi-k2.5_Qwen3-235B-A22B-Instruct-2507-FP8
by_run,2026-05-16-18-39-31_retail_th_kimi-k2.5_Qwen3-235B-A22B-Instruct-2507-FP8,,tool_error_loop,7,2.0,3.2,342,218,,,2026-05-16-18-39-31_retail_th_kimi-k2.5_Qwen3-235B-A22B-Instruct-2507-FP8
by_run,2026-05-16-18-39-31_retail_th_kimi-k2.5_Qwen3-235B-A22B-Instruct-2507-FP8,,missing_required_write,120,35.1,55.0,342,218,,,2026-05-16-18-39-31_retail_th_kimi-k2.5_Qwen3-235B-A22B-Instruct-2507-FP8
by_run,2026-05-16-18-39-31_retail_th_kimi-k2.5_Qwen3-235B-A22B-Instruct-2507-FP8,,wrong_write_arguments_or_state,19,5.6,8.7,342,218,,,2026-05-16-18-39-31_retail_th_kimi-k2.5_Qwen3-235B-A22B-Instruct-2507-FP8
by_run,2026-05-16-18-39-31_retail_th_kimi-k2.5_Qwen3-235B-A22B-Instruct-2507-FP8,,premature_refusal_or_policy_misread,40,11.7,18.3,342,218,,,2026-05-16-18-39-31_retail_th_kimi-k2.5_Qwen3-235B-A22B-Instruct-2507-FP8
by_run,2026-05-16-18-39-31_retail_th_kimi-k2.5_Qwen3-235B-A22B-Instruct-2507-FP8,,translated_identifier_lookup_failure,21,6.1,9.6,342,218,,,2026-05-16-18-39-31_retail_th_kimi-k2.5_Qwen3-235B-A22B-Instruct-2507-FP8
by_run,2026-05-16-18-39-31_retail_th_kimi-k2.5_Qwen3-235B-A22B-Instruct-2507-FP8,,non_action_assertion_failure,5,1.5,2.3,342,218,,,2026-05-16-18-39-31_retail_th_kimi-k2.5_Qwen3-235B-A22B-Instruct-2507-FP8
by_run,2026-05-16-18-39-31_retail_th_kimi-k2.5_Qwen3-235B-A22B-Instruct-2507-FP8,,dialogue_or_action_loop,3,0.9,1.4,342,218,,,2026-05-16-18-39-31_retail_th_kimi-k2.5_Qwen3-235B-A22B-Instruct-2507-FP8
by_run,2026-05-16-18-39-31_retail_th_kimi-k2.5_Qwen3-235B-A22B-Instruct-2507-FP8,,wrong_read_arguments,1,0.3,0.5,342,218,,,2026-05-16-18-39-31_retail_th_kimi-k2.5_Qwen3-235B-A22B-Instruct-2507-FP8
by_run,2026-05-18-00-56-17_translated_retail_trial-3_th_gpt-5-mini_Qwen3-235B-A22B-Instruct-2507-FP8,,success,111,32.5,,342,231,,,2026-05-18-00-56-17_translated_retail_trial-3_th_gpt-5-mini_Qwen3-235B-A22B-Instruct-2507-FP8
by_run,2026-05-18-00-56-17_translated_retail_trial-3_th_gpt-5-mini_Qwen3-235B-A22B-Instruct-2507-FP8,,tool_error_loop,21,6.1,9.1,342,231,,,2026-05-18-00-56-17_translated_retail_trial-3_th_gpt-5-mini_Qwen3-235B-A22B-Instruct-2507-FP8
by_run,2026-05-18-00-56-17_translated_retail_trial-3_th_gpt-5-mini_Qwen3-235B-A22B-Instruct-2507-FP8,,missing_required_write,55,16.1,23.8,342,231,,,2026-05-18-00-56-17_translated_retail_trial-3_th_gpt-5-mini_Qwen3-235B-A22B-Instruct-2507-FP8
by_run,2026-05-18-00-56-17_translated_retail_trial-3_th_gpt-5-mini_Qwen3-235B-A22B-Instruct-2507-FP8,,wrong_write_arguments_or_state,40,11.7,17.3,342,231,,,2026-05-18-00-56-17_translated_retail_trial-3_th_gpt-5-mini_Qwen3-235B-A22B-Instruct-2507-FP8
by_run,2026-05-18-00-56-17_translated_retail_trial-3_th_gpt-5-mini_Qwen3-235B-A22B-Instruct-2507-FP8,,premature_refusal_or_policy_misread,61,17.8,26.4,342,231,,,2026-05-18-00-56-17_translated_retail_trial-3_th_gpt-5-mini_Qwen3-235B-A22B-Instruct-2507-FP8
by_run,2026-05-18-00-56-17_translated_retail_trial-3_th_gpt-5-mini_Qwen3-235B-A22B-Instruct-2507-FP8,,translated_identifier_lookup_failure,49,14.3,21.2,342,231,,,2026-05-18-00-56-17_translated_retail_trial-3_th_gpt-5-mini_Qwen3-235B-A22B-Instruct-2507-FP8
by_run,2026-05-18-00-56-17_translated_retail_trial-3_th_gpt-5-mini_Qwen3-235B-A22B-Instruct-2507-FP8,,non_action_assertion_failure,5,1.5,2.2,342,231,,,2026-05-18-00-56-17_translated_retail_trial-3_th_gpt-5-mini_Qwen3-235B-A22B-Instruct-2507-FP8
by_run,2026-05-18-01-01-01_translated_retail_trial-3_id_qwen3.6-35b-a3b_Qwen3-235B-A22B-Instruct-2507-FP8,,success,189,55.3,,342,153,,,2026-05-18-01-01-01_translated_retail_trial-3_id_qwen3.6-35b-a3b_Qwen3-235B-A22B-Instruct-2507-FP8
by_run,2026-05-18-01-01-01_translated_retail_trial-3_id_qwen3.6-35b-a3b_Qwen3-235B-A22B-Instruct-2507-FP8,,tool_error_loop,34,9.9,22.2,342,153,,,2026-05-18-01-01-01_translated_retail_trial-3_id_qwen3.6-35b-a3b_Qwen3-235B-A22B-Instruct-2507-FP8
by_run,2026-05-18-01-01-01_translated_retail_trial-3_id_qwen3.6-35b-a3b_Qwen3-235B-A22B-Instruct-2507-FP8,,missing_required_write,61,17.8,39.9,342,153,,,2026-05-18-01-01-01_translated_retail_trial-3_id_qwen3.6-35b-a3b_Qwen3-235B-A22B-Instruct-2507-FP8
by_run,2026-05-18-01-01-01_translated_retail_trial-3_id_qwen3.6-35b-a3b_Qwen3-235B-A22B-Instruct-2507-FP8,,wrong_write_arguments_or_state,34,9.9,22.2,342,153,,,2026-05-18-01-01-01_translated_retail_trial-3_id_qwen3.6-35b-a3b_Qwen3-235B-A22B-Instruct-2507-FP8
by_run,2026-05-18-01-01-01_translated_retail_trial-3_id_qwen3.6-35b-a3b_Qwen3-235B-A22B-Instruct-2507-FP8,,premature_refusal_or_policy_misread,21,6.1,13.7,342,153,,,2026-05-18-01-01-01_translated_retail_trial-3_id_qwen3.6-35b-a3b_Qwen3-235B-A22B-Instruct-2507-FP8
by_run,2026-05-18-01-01-01_translated_retail_trial-3_id_qwen3.6-35b-a3b_Qwen3-235B-A22B-Instruct-2507-FP8,,non_action_assertion_failure,1,0.3,0.7,342,153,,,2026-05-18-01-01-01_translated_retail_trial-3_id_qwen3.6-35b-a3b_Qwen3-235B-A22B-Instruct-2507-FP8
by_run,2026-05-18-01-01-01_translated_retail_trial-3_id_qwen3.6-35b-a3b_Qwen3-235B-A22B-Instruct-2507-FP8,,wrong_read_arguments,2,0.6,1.3,342,153,,,2026-05-18-01-01-01_translated_retail_trial-3_id_qwen3.6-35b-a3b_Qwen3-235B-A22B-Instruct-2507-FP8
by_run,2026-05-18-10-31-10_translated_retail_trial-3_tl_gpt-5-mini_Qwen3-235B-A22B-Instruct-2507-FP8,,success,167,48.8,,342,175,,,2026-05-18-10-31-10_translated_retail_trial-3_tl_gpt-5-mini_Qwen3-235B-A22B-Instruct-2507-FP8
by_run,2026-05-18-10-31-10_translated_retail_trial-3_tl_gpt-5-mini_Qwen3-235B-A22B-Instruct-2507-FP8,,tool_error_loop,33,9.6,18.9,342,175,,,2026-05-18-10-31-10_translated_retail_trial-3_tl_gpt-5-mini_Qwen3-235B-A22B-Instruct-2507-FP8
by_run,2026-05-18-10-31-10_translated_retail_trial-3_tl_gpt-5-mini_Qwen3-235B-A22B-Instruct-2507-FP8,,missing_required_write,66,19.3,37.7,342,175,,,2026-05-18-10-31-10_translated_retail_trial-3_tl_gpt-5-mini_Qwen3-235B-A22B-Instruct-2507-FP8
by_run,2026-05-18-10-31-10_translated_retail_trial-3_tl_gpt-5-mini_Qwen3-235B-A22B-Instruct-2507-FP8,,wrong_write_arguments_or_state,57,16.7,32.6,342,175,,,2026-05-18-10-31-10_translated_retail_trial-3_tl_gpt-5-mini_Qwen3-235B-A22B-Instruct-2507-FP8
by_run,2026-05-18-10-31-10_translated_retail_trial-3_tl_gpt-5-mini_Qwen3-235B-A22B-Instruct-2507-FP8,,premature_refusal_or_policy_misread,7,2.0,4.0,342,175,,,2026-05-18-10-31-10_translated_retail_trial-3_tl_gpt-5-mini_Qwen3-235B-A22B-Instruct-2507-FP8
by_run,2026-05-18-10-31-10_translated_retail_trial-3_tl_gpt-5-mini_Qwen3-235B-A22B-Instruct-2507-FP8,,non_action_assertion_failure,11,3.2,6.3,342,175,,,2026-05-18-10-31-10_translated_retail_trial-3_tl_gpt-5-mini_Qwen3-235B-A22B-Instruct-2507-FP8
by_run,2026-05-18-10-31-10_translated_retail_trial-3_tl_gpt-5-mini_Qwen3-235B-A22B-Instruct-2507-FP8,,wrong_read_arguments,1,0.3,0.6,342,175,,,2026-05-18-10-31-10_translated_retail_trial-3_tl_gpt-5-mini_Qwen3-235B-A22B-Instruct-2507-FP8
by_run,2026-05-18-12-11-13_translated_retail_trial-3_zh_qwen3.6-35b-a3b_Qwen3-235B-A22B-Instruct-2507-FP8,,success,129,37.7,,342,213,,,2026-05-18-12-11-13_translated_retail_trial-3_zh_qwen3.6-35b-a3b_Qwen3-235B-A22B-Instruct-2507-FP8
by_run,2026-05-18-12-11-13_translated_retail_trial-3_zh_qwen3.6-35b-a3b_Qwen3-235B-A22B-Instruct-2507-FP8,,credential_or_identifier_hallucination,84,24.6,39.4,342,213,,,2026-05-18-12-11-13_translated_retail_trial-3_zh_qwen3.6-35b-a3b_Qwen3-235B-A22B-Instruct-2507-FP8
by_run,2026-05-18-12-11-13_translated_retail_trial-3_zh_qwen3.6-35b-a3b_Qwen3-235B-A22B-Instruct-2507-FP8,,tool_error_loop,30,8.8,14.1,342,213,,,2026-05-18-12-11-13_translated_retail_trial-3_zh_qwen3.6-35b-a3b_Qwen3-235B-A22B-Instruct-2507-FP8
by_run,2026-05-18-12-11-13_translated_retail_trial-3_zh_qwen3.6-35b-a3b_Qwen3-235B-A22B-Instruct-2507-FP8,,missing_required_write,57,16.7,26.8,342,213,,,2026-05-18-12-11-13_translated_retail_trial-3_zh_qwen3.6-35b-a3b_Qwen3-235B-A22B-Instruct-2507-FP8
by_run,2026-05-18-12-11-13_translated_retail_trial-3_zh_qwen3.6-35b-a3b_Qwen3-235B-A22B-Instruct-2507-FP8,,wrong_write_arguments_or_state,19,5.6,8.9,342,213,,,2026-05-18-12-11-13_translated_retail_trial-3_zh_qwen3.6-35b-a3b_Qwen3-235B-A22B-Instruct-2507-FP8
by_run,2026-05-18-12-11-13_translated_retail_trial-3_zh_qwen3.6-35b-a3b_Qwen3-235B-A22B-Instruct-2507-FP8,,premature_refusal_or_policy_misread,13,3.8,6.1,342,213,,,2026-05-18-12-11-13_translated_retail_trial-3_zh_qwen3.6-35b-a3b_Qwen3-235B-A22B-Instruct-2507-FP8
by_run,2026-05-18-12-11-13_translated_retail_trial-3_zh_qwen3.6-35b-a3b_Qwen3-235B-A22B-Instruct-2507-FP8,,non_action_assertion_failure,4,1.2,1.9,342,213,,,2026-05-18-12-11-13_translated_retail_trial-3_zh_qwen3.6-35b-a3b_Qwen3-235B-A22B-Instruct-2507-FP8
by_run,2026-05-18-12-11-13_translated_retail_trial-3_zh_qwen3.6-35b-a3b_Qwen3-235B-A22B-Instruct-2507-FP8,,dialogue_or_action_loop,4,1.2,1.9,342,213,,,2026-05-18-12-11-13_translated_retail_trial-3_zh_qwen3.6-35b-a3b_Qwen3-235B-A22B-Instruct-2507-FP8
by_run,2026-05-18-12-11-13_translated_retail_trial-3_zh_qwen3.6-35b-a3b_Qwen3-235B-A22B-Instruct-2507-FP8,,wrong_read_arguments,2,0.6,0.9,342,213,,,2026-05-18-12-11-13_translated_retail_trial-3_zh_qwen3.6-35b-a3b_Qwen3-235B-A22B-Instruct-2507-FP8
by_run,2026-05-18-21-51-53_translated_telecom_trial-3_id_gpt-5-mini_Qwen3-235B-A22B-Instruct-2507-FP8,,success,170,49.7,,342,172,,,2026-05-18-21-51-53_translated_telecom_trial-3_id_gpt-5-mini_Qwen3-235B-A22B-Instruct-2507-FP8
by_run,2026-05-18-21-51-53_translated_telecom_trial-3_id_gpt-5-mini_Qwen3-235B-A22B-Instruct-2507-FP8,,credential_or_identifier_hallucination,50,14.6,29.1,342,172,,,2026-05-18-21-51-53_translated_telecom_trial-3_id_gpt-5-mini_Qwen3-235B-A22B-Instruct-2507-FP8
by_run,2026-05-18-21-51-53_translated_telecom_trial-3_id_gpt-5-mini_Qwen3-235B-A22B-Instruct-2507-FP8,,tool_error_loop,8,2.3,4.7,342,172,,,2026-05-18-21-51-53_translated_telecom_trial-3_id_gpt-5-mini_Qwen3-235B-A22B-Instruct-2507-FP8
by_run,2026-05-18-21-51-53_translated_telecom_trial-3_id_gpt-5-mini_Qwen3-235B-A22B-Instruct-2507-FP8,,missing_required_write,17,5.0,9.9,342,172,,,2026-05-18-21-51-53_translated_telecom_trial-3_id_gpt-5-mini_Qwen3-235B-A22B-Instruct-2507-FP8
by_run,2026-05-18-21-51-53_translated_telecom_trial-3_id_gpt-5-mini_Qwen3-235B-A22B-Instruct-2507-FP8,,wrong_write_arguments_or_state,5,1.5,2.9,342,172,,,2026-05-18-21-51-53_translated_telecom_trial-3_id_gpt-5-mini_Qwen3-235B-A22B-Instruct-2507-FP8
by_run,2026-05-18-21-51-53_translated_telecom_trial-3_id_gpt-5-mini_Qwen3-235B-A22B-Instruct-2507-FP8,,missing_user_device_instruction,91,26.6,52.9,342,172,,,2026-05-18-21-51-53_translated_telecom_trial-3_id_gpt-5-mini_Qwen3-235B-A22B-Instruct-2507-FP8
by_run,2026-05-18-21-51-53_translated_telecom_trial-3_id_gpt-5-mini_Qwen3-235B-A22B-Instruct-2507-FP8,,non_action_assertion_failure,1,0.3,0.6,342,172,,,2026-05-18-21-51-53_translated_telecom_trial-3_id_gpt-5-mini_Qwen3-235B-A22B-Instruct-2507-FP8
by_run,2026-05-18-22-37-59_translated_retail_trial-3_vi_kimi-k2.5_Qwen3-235B-A22B-Instruct-2507-FP8,,success,172,50.3,,342,138,,,2026-05-18-22-37-59_translated_retail_trial-3_vi_kimi-k2.5_Qwen3-235B-A22B-Instruct-2507-FP8
by_run,2026-05-18-22-37-59_translated_retail_trial-3_vi_kimi-k2.5_Qwen3-235B-A22B-Instruct-2507-FP8,,non_agent_infrastructure,32,9.4,,342,138,,,2026-05-18-22-37-59_translated_retail_trial-3_vi_kimi-k2.5_Qwen3-235B-A22B-Instruct-2507-FP8
by_run,2026-05-18-22-37-59_translated_retail_trial-3_vi_kimi-k2.5_Qwen3-235B-A22B-Instruct-2507-FP8,,tool_error_loop,14,4.1,10.1,342,138,,,2026-05-18-22-37-59_translated_retail_trial-3_vi_kimi-k2.5_Qwen3-235B-A22B-Instruct-2507-FP8
by_run,2026-05-18-22-37-59_translated_retail_trial-3_vi_kimi-k2.5_Qwen3-235B-A22B-Instruct-2507-FP8,,missing_required_write,64,18.7,46.4,342,138,,,2026-05-18-22-37-59_translated_retail_trial-3_vi_kimi-k2.5_Qwen3-235B-A22B-Instruct-2507-FP8
by_run,2026-05-18-22-37-59_translated_retail_trial-3_vi_kimi-k2.5_Qwen3-235B-A22B-Instruct-2507-FP8,,wrong_write_arguments_or_state,26,7.6,18.8,342,138,,,2026-05-18-22-37-59_translated_retail_trial-3_vi_kimi-k2.5_Qwen3-235B-A22B-Instruct-2507-FP8
by_run,2026-05-18-22-37-59_translated_retail_trial-3_vi_kimi-k2.5_Qwen3-235B-A22B-Instruct-2507-FP8,,premature_refusal_or_policy_misread,31,9.1,22.5,342,138,,,2026-05-18-22-37-59_translated_retail_trial-3_vi_kimi-k2.5_Qwen3-235B-A22B-Instruct-2507-FP8
by_run,2026-05-18-22-37-59_translated_retail_trial-3_vi_kimi-k2.5_Qwen3-235B-A22B-Instruct-2507-FP8,,non_action_assertion_failure,3,0.9,2.2,342,138,,,2026-05-18-22-37-59_translated_retail_trial-3_vi_kimi-k2.5_Qwen3-235B-A22B-Instruct-2507-FP8
by_run,2026-05-19-12-48-24_translated_retail_trial-3_tl_kimi-k2.5_Qwen3-235B-A22B-Instruct-2507-FP8,,success,12,3.5,,342,330,,,2026-05-19-12-48-24_translated_retail_trial-3_tl_kimi-k2.5_Qwen3-235B-A22B-Instruct-2507-FP8
by_run,2026-05-19-12-48-24_translated_retail_trial-3_tl_kimi-k2.5_Qwen3-235B-A22B-Instruct-2507-FP8,,credential_or_identifier_hallucination,20,5.8,6.1,342,330,,,2026-05-19-12-48-24_translated_retail_trial-3_tl_kimi-k2.5_Qwen3-235B-A22B-Instruct-2507-FP8
by_run,2026-05-19-12-48-24_translated_retail_trial-3_tl_kimi-k2.5_Qwen3-235B-A22B-Instruct-2507-FP8,,tool_error_loop,21,6.1,6.4,342,330,,,2026-05-19-12-48-24_translated_retail_trial-3_tl_kimi-k2.5_Qwen3-235B-A22B-Instruct-2507-FP8
by_run,2026-05-19-12-48-24_translated_retail_trial-3_tl_kimi-k2.5_Qwen3-235B-A22B-Instruct-2507-FP8,,missing_required_write,272,79.5,82.4,342,330,,,2026-05-19-12-48-24_translated_retail_trial-3_tl_kimi-k2.5_Qwen3-235B-A22B-Instruct-2507-FP8
by_run,2026-05-19-12-48-24_translated_retail_trial-3_tl_kimi-k2.5_Qwen3-235B-A22B-Instruct-2507-FP8,,dialogue_or_action_loop,6,1.8,1.8,342,330,,,2026-05-19-12-48-24_translated_retail_trial-3_tl_kimi-k2.5_Qwen3-235B-A22B-Instruct-2507-FP8
by_run,2026-05-19-12-48-24_translated_retail_trial-3_tl_kimi-k2.5_Qwen3-235B-A22B-Instruct-2507-FP8,,language_drift,7,2.0,2.1,342,330,,,2026-05-19-12-48-24_translated_retail_trial-3_tl_kimi-k2.5_Qwen3-235B-A22B-Instruct-2507-FP8
by_run,2026-05-19-12-48-24_translated_retail_trial-3_tl_kimi-k2.5_Qwen3-235B-A22B-Instruct-2507-FP8,,unclassified_failure,4,1.2,1.2,342,330,,,2026-05-19-12-48-24_translated_retail_trial-3_tl_kimi-k2.5_Qwen3-235B-A22B-Instruct-2507-FP8
by_run,2026-05-19-15-14-21_translated_airline_trial-3_tl_kimi-k2.5_Qwen3-235B-A22B-Instruct-2507-FP8,,success,31,20.7,,150,119,,,2026-05-19-15-14-21_translated_airline_trial-3_tl_kimi-k2.5_Qwen3-235B-A22B-Instruct-2507-FP8
by_run,2026-05-19-15-14-21_translated_airline_trial-3_tl_kimi-k2.5_Qwen3-235B-A22B-Instruct-2507-FP8,,tool_error_loop,4,2.7,3.4,150,119,,,2026-05-19-15-14-21_translated_airline_trial-3_tl_kimi-k2.5_Qwen3-235B-A22B-Instruct-2507-FP8
by_run,2026-05-19-15-14-21_translated_airline_trial-3_tl_kimi-k2.5_Qwen3-235B-A22B-Instruct-2507-FP8,,missing_required_write,80,53.3,67.2,150,119,,,2026-05-19-15-14-21_translated_airline_trial-3_tl_kimi-k2.5_Qwen3-235B-A22B-Instruct-2507-FP8
by_run,2026-05-19-15-14-21_translated_airline_trial-3_tl_kimi-k2.5_Qwen3-235B-A22B-Instruct-2507-FP8,,dialogue_or_action_loop,20,13.3,16.8,150,119,,,2026-05-19-15-14-21_translated_airline_trial-3_tl_kimi-k2.5_Qwen3-235B-A22B-Instruct-2507-FP8
by_run,2026-05-19-15-14-21_translated_airline_trial-3_tl_kimi-k2.5_Qwen3-235B-A22B-Instruct-2507-FP8,,language_drift,11,7.3,9.2,150,119,,,2026-05-19-15-14-21_translated_airline_trial-3_tl_kimi-k2.5_Qwen3-235B-A22B-Instruct-2507-FP8
by_run,2026-05-19-15-14-21_translated_airline_trial-3_tl_kimi-k2.5_Qwen3-235B-A22B-Instruct-2507-FP8,,unclassified_failure,4,2.7,3.4,150,119,,,2026-05-19-15-14-21_translated_airline_trial-3_tl_kimi-k2.5_Qwen3-235B-A22B-Instruct-2507-FP8
by_run,2026-05-20-03-37-20_translated_retail_trial-3_tl_qwen3.6-35b-a3b_Qwen3-235B-A22B-Instruct-2507-FP8,,non_agent_infrastructure,6,1.8,,342,336,,,2026-05-20-03-37-20_translated_retail_trial-3_tl_qwen3.6-35b-a3b_Qwen3-235B-A22B-Instruct-2507-FP8
by_run,2026-05-20-03-37-20_translated_retail_trial-3_tl_qwen3.6-35b-a3b_Qwen3-235B-A22B-Instruct-2507-FP8,,credential_or_identifier_hallucination,213,62.3,63.4,342,336,,,2026-05-20-03-37-20_translated_retail_trial-3_tl_qwen3.6-35b-a3b_Qwen3-235B-A22B-Instruct-2507-FP8
by_run,2026-05-20-03-37-20_translated_retail_trial-3_tl_qwen3.6-35b-a3b_Qwen3-235B-A22B-Instruct-2507-FP8,,tool_error_loop,49,14.3,14.6,342,336,,,2026-05-20-03-37-20_translated_retail_trial-3_tl_qwen3.6-35b-a3b_Qwen3-235B-A22B-Instruct-2507-FP8
by_run,2026-05-20-03-37-20_translated_retail_trial-3_tl_qwen3.6-35b-a3b_Qwen3-235B-A22B-Instruct-2507-FP8,,missing_required_write,57,16.7,17.0,342,336,,,2026-05-20-03-37-20_translated_retail_trial-3_tl_qwen3.6-35b-a3b_Qwen3-235B-A22B-Instruct-2507-FP8
by_run,2026-05-20-03-37-20_translated_retail_trial-3_tl_qwen3.6-35b-a3b_Qwen3-235B-A22B-Instruct-2507-FP8,,dialogue_or_action_loop,17,5.0,5.1,342,336,,,2026-05-20-03-37-20_translated_retail_trial-3_tl_qwen3.6-35b-a3b_Qwen3-235B-A22B-Instruct-2507-FP8
by_run,2026-05-20-04-38-18_translated_retail_trial-3_vi_qwen3.6-35b-a3b_Qwen3-235B-A22B-Instruct-2507-FP8,,non_agent_infrastructure,12,3.5,,342,330,,,2026-05-20-04-38-18_translated_retail_trial-3_vi_qwen3.6-35b-a3b_Qwen3-235B-A22B-Instruct-2507-FP8
by_run,2026-05-20-04-38-18_translated_retail_trial-3_vi_qwen3.6-35b-a3b_Qwen3-235B-A22B-Instruct-2507-FP8,,credential_or_identifier_hallucination,139,40.6,42.1,342,330,,,2026-05-20-04-38-18_translated_retail_trial-3_vi_qwen3.6-35b-a3b_Qwen3-235B-A22B-Instruct-2507-FP8
by_run,2026-05-20-04-38-18_translated_retail_trial-3_vi_qwen3.6-35b-a3b_Qwen3-235B-A22B-Instruct-2507-FP8,,tool_error_loop,106,31.0,32.1,342,330,,,2026-05-20-04-38-18_translated_retail_trial-3_vi_qwen3.6-35b-a3b_Qwen3-235B-A22B-Instruct-2507-FP8
by_run,2026-05-20-04-38-18_translated_retail_trial-3_vi_qwen3.6-35b-a3b_Qwen3-235B-A22B-Instruct-2507-FP8,,missing_required_write,67,19.6,20.3,342,330,,,2026-05-20-04-38-18_translated_retail_trial-3_vi_qwen3.6-35b-a3b_Qwen3-235B-A22B-Instruct-2507-FP8
by_run,2026-05-20-04-38-18_translated_retail_trial-3_vi_qwen3.6-35b-a3b_Qwen3-235B-A22B-Instruct-2507-FP8,,dialogue_or_action_loop,17,5.0,5.2,342,330,,,2026-05-20-04-38-18_translated_retail_trial-3_vi_qwen3.6-35b-a3b_Qwen3-235B-A22B-Instruct-2507-FP8
by_run,2026-05-20-04-38-18_translated_retail_trial-3_vi_qwen3.6-35b-a3b_Qwen3-235B-A22B-Instruct-2507-FP8,,max_steps_or_dialogue_loop,1,0.3,0.3,342,330,,,2026-05-20-04-38-18_translated_retail_trial-3_vi_qwen3.6-35b-a3b_Qwen3-235B-A22B-Instruct-2507-FP8
by_run,2026-05-20-05-58-17_translated_retail_trial-3_id_Qwen3-235B-A22B-Instruct-2507-FP8_single_openrouter,,success,6,1.8,,342,336,,,2026-05-20-05-58-17_translated_retail_trial-3_id_Qwen3-235B-A22B-Instruct-2507-FP8_single_openrouter
by_run,2026-05-20-05-58-17_translated_retail_trial-3_id_Qwen3-235B-A22B-Instruct-2507-FP8_single_openrouter,,credential_or_identifier_hallucination,38,11.1,11.3,342,336,,,2026-05-20-05-58-17_translated_retail_trial-3_id_Qwen3-235B-A22B-Instruct-2507-FP8_single_openrouter
by_run,2026-05-20-05-58-17_translated_retail_trial-3_id_Qwen3-235B-A22B-Instruct-2507-FP8_single_openrouter,,tool_error_loop,186,54.4,55.4,342,336,,,2026-05-20-05-58-17_translated_retail_trial-3_id_Qwen3-235B-A22B-Instruct-2507-FP8_single_openrouter
by_run,2026-05-20-05-58-17_translated_retail_trial-3_id_Qwen3-235B-A22B-Instruct-2507-FP8_single_openrouter,,missing_required_write,94,27.5,28.0,342,336,,,2026-05-20-05-58-17_translated_retail_trial-3_id_Qwen3-235B-A22B-Instruct-2507-FP8_single_openrouter
by_run,2026-05-20-05-58-17_translated_retail_trial-3_id_Qwen3-235B-A22B-Instruct-2507-FP8_single_openrouter,,wrong_write_arguments_or_state,3,0.9,0.9,342,336,,,2026-05-20-05-58-17_translated_retail_trial-3_id_Qwen3-235B-A22B-Instruct-2507-FP8_single_openrouter
by_run,2026-05-20-05-58-17_translated_retail_trial-3_id_Qwen3-235B-A22B-Instruct-2507-FP8_single_openrouter,,non_action_assertion_failure,1,0.3,0.3,342,336,,,2026-05-20-05-58-17_translated_retail_trial-3_id_Qwen3-235B-A22B-Instruct-2507-FP8_single_openrouter
by_run,2026-05-20-05-58-17_translated_retail_trial-3_id_Qwen3-235B-A22B-Instruct-2507-FP8_single_openrouter,,dialogue_or_action_loop,3,0.9,0.9,342,336,,,2026-05-20-05-58-17_translated_retail_trial-3_id_Qwen3-235B-A22B-Instruct-2507-FP8_single_openrouter
by_run,2026-05-20-05-58-17_translated_retail_trial-3_id_Qwen3-235B-A22B-Instruct-2507-FP8_single_openrouter,,max_steps_or_dialogue_loop,11,3.2,3.3,342,336,,,2026-05-20-05-58-17_translated_retail_trial-3_id_Qwen3-235B-A22B-Instruct-2507-FP8_single_openrouter
